raw_event,sample_count,phase,anchor,seconds_from_anchor
"Screening",693484,SCREENING,SCREENING,0
"Cycle 1 Day 1",350582,ON_TREATMENT,CYCLE_1,0
"C1D1",189858,ON_TREATMENT,CYCLE_1,0
"Day 1",186353,ON_TREATMENT,BASELINE,86400
"Baseline",178433,BASELINE,BASELINE,0
"Cycle 2 Day 1",171532,ON_TREATMENT,CYCLE_2,0
"UNSCHEDULED",157465,UNSCHEDULED,,
"Cycle 3 Day 1",140895,ON_TREATMENT,CYCLE_3,0
"NA",131295,NOT_SPECIFIED,,
"D1",107333,ON_TREATMENT,BASELINE,86400
"Baseline Day 1",95365,BASELINE,BASELINE,0
"Week 24",93626,ON_TREATMENT,BASELINE,14515200
"Archival Tissue",93399,ARCHIVAL,,
"Treatment Discontinuation",91997,END_OF_TREATMENT,,
"C2D1",90243,ON_TREATMENT,CYCLE_2,0
"Unscheduled",88481,UNSCHEDULED,,
"Cycle 4 Day 1",86552,ON_TREATMENT,CYCLE_4,0
"Week 4",78347,ON_TREATMENT,BASELINE,2419200
"Not Specified",66096,NOT_SPECIFIED,,
"SCREENING",62539,SCREENING,SCREENING,0
"Archival",58554,ARCHIVAL,,
"Week 12",58487,ON_TREATMENT,BASELINE,7257600
"C3D1",56874,ON_TREATMENT,CYCLE_3,0
"SCRN",56784,SCREENING,SCREENING,0
"C4D1",52332,ON_TREATMENT,CYCLE_4,0
"Week 52",48440,ON_TREATMENT,BASELINE,31449600
"Early Termination",46326,END_OF_TREATMENT,,
"DAY 1",44907,ON_TREATMENT,BASELINE,86400
"Day 2",42375,ON_TREATMENT,BASELINE,172800
"Cycle 1 Day 15",42150,ON_TREATMENT,CYCLE_1,1209600
"Week 48",41186,ON_TREATMENT,BASELINE,29030400
"Day 3",38913,ON_TREATMENT,BASELINE,259200
"UNSCH",38031,UNSCHEDULED,,
"Cycle 8 Day 1",37349,ON_TREATMENT,CYCLE_8,0
"Week 13",37064,ON_TREATMENT,BASELINE,7862400
"Cycle 1 Day 8",36784,ON_TREATMENT,CYCLE_1,604800
"Day 7",36178,ON_TREATMENT,BASELINE,604800
"Day 1 Visit 2",35266,ON_TREATMENT,BASELINE,86400
"Day 1 Week 0",35051,BASELINE,BASELINE,0
"Day 5",34498,ON_TREATMENT,BASELINE,432000
"Optional BBBM Prescreening",33960,SCREENING,SCREENING,0
"Week 8",32383,ON_TREATMENT,BASELINE,4838400
"Week 10",32288,ON_TREATMENT,BASELINE,6048000
"Week 14",32082,ON_TREATMENT,BASELINE,8467200
"Week 5",31926,ON_TREATMENT,BASELINE,3024000
"BASELINE",30701,BASELINE,BASELINE,0
"Cycle 5 Day 1",30573,ON_TREATMENT,CYCLE_5,0
"Week 1",30518,ON_TREATMENT,BASELINE,604800
"Week 0",30081,BASELINE,BASELINE,0
"End of Treatment",29779,END_OF_TREATMENT,,
"Week 53",29403,ON_TREATMENT,BASELINE,32054400
"DAY1",28252,ON_TREATMENT,BASELINE,86400
"Week 37",27027,ON_TREATMENT,BASELINE,22377600
"Week 21",26701,ON_TREATMENT,BASELINE,12700800
"Week 1 Day 1",26421,ON_TREATMENT,BASELINE,604800
"Week 76",26208,ON_TREATMENT,BASELINE,45964800
"WEEK 24",25871,ON_TREATMENT,BASELINE,14515200
"C8D1",25683,ON_TREATMENT,CYCLE_8,0
"Week 28",25553,ON_TREATMENT,BASELINE,16934400
"Week 16",24131,ON_TREATMENT,BASELINE,9676800
"V1",23988,BASELINE,BASELINE,0
"Baseline Visit 2",23946,BASELINE,BASELINE,0
"Screening Tissue Visit",23829,SCREENING,SCREENING,0
"Week 12 Day 84",23299,ON_TREATMENT,BASELINE,7257600
"W24",22216,ON_TREATMENT,BASELINE,14515200
"DBT Week 0",21364,ON_TREATMENT,BASELINE,0
"Day 14",21090,ON_TREATMENT,BASELINE,1209600
"DISC",20823,END_OF_TREATMENT,,
"Week 104",20759,ON_TREATMENT,BASELINE,62899200
"Week 116",20733,ON_TREATMENT,BASELINE,70156800
"Week 2",20633,ON_TREATMENT,BASELINE,1209600
"Visit 3",20605,ON_TREATMENT,,
"Week 4 Visit 4",20389,ON_TREATMENT,BASELINE,2419200
"Day 8",20310,ON_TREATMENT,BASELINE,691200
"Week 69",20274,ON_TREATMENT,BASELINE,41731200
"Day 28",20240,ON_TREATMENT,BASELINE,2419200
"Week 45",20122,ON_TREATMENT,BASELINE,27216000
"V3",20084,ON_TREATMENT,,
"Week 61",20018,ON_TREATMENT,BASELINE,36892800
"C1D8",19853,ON_TREATMENT,CYCLE_1,604800
"Week 12 Visit 8",19315,ON_TREATMENT,BASELINE,7257600
"W12",19241,ON_TREATMENT,BASELINE,7257600
"Week 36",19088,ON_TREATMENT,BASELINE,21772800
"Visit 1",19049,BASELINE,BASELINE,0
"WK4",18971,ON_TREATMENT,BASELINE,2419200
"Week 24 Visit 14",18966,ON_TREATMENT,BASELINE,14515200
"V2",18913,ON_TREATMENT,,
"Day 15",18602,ON_TREATMENT,BASELINE,1296000
"C1D15",18498,ON_TREATMENT,CYCLE_1,1209600
"Week 29",18262,ON_TREATMENT,BASELINE,17539200
"D29",18116,ON_TREATMENT,BASELINE,2505600
"Week 36 Visit 20",18103,ON_TREATMENT,BASELINE,21772800
"Visit 5 Week 24",17577,ON_TREATMENT,BASELINE,14515200
"Week 72",17564,ON_TREATMENT,BASELINE,43545600
"Surgery",17434,PROCEDURE,,
"Week 4 Day 28",17310,ON_TREATMENT,BASELINE,2419200
"WK12",17268,ON_TREATMENT,BASELINE,7257600
"Visit 4 Week 12",17235,ON_TREATMENT,BASELINE,7257600
"Visit 2",16470,ON_TREATMENT,,
"Disease Progression",16131,DISEASE_PROGRESSION,,
"Cycle 7 Day 1",16063,ON_TREATMENT,CYCLE_7,0
"Day 29",15945,ON_TREATMENT,BASELINE,2505600
"Baseline - Day 1",15596,BASELINE,BASELINE,0
"Week 0 Day 1",15496,ON_TREATMENT,BASELINE,0
"Week 20",15412,ON_TREATMENT,BASELINE,12096000
"Week 52 Visit 28",15338,ON_TREATMENT,BASELINE,31449600
"Week 96",15293,ON_TREATMENT,BASELINE,58060800
"Unknown",15249,NOT_SPECIFIED,,
"Visit 7 Week 48",15167,ON_TREATMENT,BASELINE,29030400
"Prescreening",15141,SCREENING,SCREENING,0
"Cycle 16 Day 1",15117,ON_TREATMENT,CYCLE_16,0
"Cycle 12 Day 1",15101,ON_TREATMENT,CYCLE_12,0
"D85",15058,ON_TREATMENT,BASELINE,7344000
"Visit 9 Week 72",14876,ON_TREATMENT,BASELINE,43545600
"Week 77",14764,ON_TREATMENT,BASELINE,46569600
"Cycle 1 Day 2",14718,ON_TREATMENT,CYCLE_1,86400
"Day 4",14663,ON_TREATMENT,BASELINE,345600
"W4",14390,ON_TREATMENT,BASELINE,2419200
"Day 60",14335,ON_TREATMENT,BASELINE,5184000
"WK52",14292,ON_TREATMENT,BASELINE,31449600
"ET",13807,END_OF_TREATMENT,,
"Week 24 Day 168",13737,ON_TREATMENT,BASELINE,14515200
"Cycle 9 Day 1",13719,ON_TREATMENT,CYCLE_9,0
"Week 1 Day 7",13557,ON_TREATMENT,BASELINE,604800
"D15",13425,ON_TREATMENT,BASELINE,1296000
"AT",13391,NOT_SPECIFIED,,
"Cycle 6 Day 1",13375,ON_TREATMENT,CYCLE_6,0
"Week 9",13110,ON_TREATMENT,BASELINE,5443200
"D57",12978,ON_TREATMENT,BASELINE,4924800
"V7",12472,ON_TREATMENT,,
"BL",12415,BASELINE,BASELINE,0
"WK1",12284,ON_TREATMENT,BASELINE,604800
"V4",12205,ON_TREATMENT,,
"Cycle 1 Visit 1",11802,ON_TREATMENT,CYCLE_1,0
"BASELINE DAY1",11697,BASELINE,BASELINE,0
"WK24",11649,ON_TREATMENT,BASELINE,14515200
"Randomization",11595,BASELINE,BASELINE,0
"SCN",11279,,,
"DNA",11124,NOT_SPECIFIED,,
"SFU3",10961,FOLLOW_UP,,
"ANTH.C1D1",10933,ON_TREATMENT,CYCLE_1,0
"Cycle 2 Day 8",10759,ON_TREATMENT,CYCLE_2,604800
"D8",10683,ON_TREATMENT,BASELINE,691200
"RANDV3",10619,BASELINE,BASELINE,0
"CSF SCREEN",10615,SCREENING,SCREENING,0
"V6",10597,ON_TREATMENT,,
"Week 17",10595,ON_TREATMENT,BASELINE,10281600
"HER2.C1D1",10584,ON_TREATMENT,CYCLE_1,0
"C00",10471,NOT_SPECIFIED,,
"WEEK 4",10394,ON_TREATMENT,BASELINE,2419200
"Early Withdrawal",10385,END_OF_TREATMENT,,
"V9",10319,ON_TREATMENT,,
"Visit 12 Week 0",10264,ON_TREATMENT,BASELINE,0
"Biopsy Screen",10231,PROCEDURE,,
"Day 57",10128,ON_TREATMENT,BASELINE,4924800
"WEEK 48",9974,ON_TREATMENT,BASELINE,29030400
"C1D2",9857,ON_TREATMENT,CYCLE_1,86400
"W1SC",9837,ON_TREATMENT,BASELINE,604800
"VISIT 5",9832,ON_TREATMENT,,
"Week 100",9758,ON_TREATMENT,BASELINE,60480000
"SDDV",9636,,,
"SFU1",9623,FOLLOW_UP,,
"Visit 17 Week 46",9514,ON_TREATMENT,BASELINE,27820800
"Week 120",9471,ON_TREATMENT,BASELINE,72576000
"Visit 11 Week 96",9405,ON_TREATMENT,BASELINE,58060800
"Day 6",9388,ON_TREATMENT,BASELINE,518400
"Day 21",9156,ON_TREATMENT,BASELINE,1814400
"D7",9142,ON_TREATMENT,BASELINE,604800
"W104",9127,ON_TREATMENT,BASELINE,62899200
"END OF TREATMENT",9056,END_OF_TREATMENT,,
"Cycle 2 Day 15",8947,ON_TREATMENT,CYCLE_2,1209600
"SFU2",8862,FOLLOW_UP,,
"Week 36 Day 252",8843,ON_TREATMENT,BASELINE,21772800
"D113",8801,ON_TREATMENT,BASELINE,9763200
"Week 48 Day 336",8669,ON_TREATMENT,BASELINE,29030400
"VISIT 3",8662,ON_TREATMENT,,
"DISC1",8643,END_OF_TREATMENT,,
"C1",8625,ON_TREATMENT,CYCLE_1,0
"Visit 27 Week 166",8576,ON_TREATMENT,BASELINE,100396800
"Week 32",8565,ON_TREATMENT,BASELINE,19353600
"Week 49",8553,ON_TREATMENT,BASELINE,29635200
"DBT Week 12",8542,ON_TREATMENT,BASELINE,7257600
"Day 43",8496,ON_TREATMENT,BASELINE,3715200
"Day -1",8482,ON_TREATMENT,BASELINE,86400
"DAY 29",8462,ON_TREATMENT,BASELINE,2505600
"Day 10",8442,ON_TREATMENT,BASELINE,864000
"Treatment Completion",8405,END_OF_TREATMENT,,
"Visit 31 Week 214",8365,ON_TREATMENT,BASELINE,129427200
"Visit 21 Week 94",8336,ON_TREATMENT,BASELINE,56851200
"Follow-Up Year 1",8306,FOLLOW_UP,END_OF_TREATMENT,31536000
"C5D1",8301,ON_TREATMENT,CYCLE_5,0
"Day 85",8263,ON_TREATMENT,BASELINE,7344000
"Week 144",8201,ON_TREATMENT,BASELINE,87091200
"Week 25",8172,ON_TREATMENT,BASELINE,15120000
"WEEK_0",8090,BASELINE,BASELINE,0
"Follow-Up Year 2",8087,FOLLOW_UP,END_OF_TREATMENT,63072000
"Week 112",8031,ON_TREATMENT,BASELINE,67737600
"Archival Tumor",8010,ARCHIVAL,,
"WEEK 12",7942,ON_TREATMENT,BASELINE,7257600
"WK36",7907,ON_TREATMENT,BASELINE,21772800
"RUN-INV2",7902,BASELINE,BASELINE,0
"Cycle 13 Day 1",7897,ON_TREATMENT,CYCLE_13,0
"C6D1",7876,ON_TREATMENT,CYCLE_6,0
"DAY 85",7874,ON_TREATMENT,BASELINE,7344000
"C1D1B",7858,ON_TREATMENT,CYCLE_1,0
"Week 85",7838,ON_TREATMENT,BASELINE,51408000
"Follow-Up Year 3",7833,FOLLOW_UP,END_OF_TREATMENT,94608000
"Main Screening",7828,SCREENING,SCREENING,0
"Study Completion",7800,END_OF_TREATMENT,,
"DAY 57",7670,ON_TREATMENT,BASELINE,4924800
"W1",7656,ON_TREATMENT,BASELINE,604800
"DBT Week 48",7610,ON_TREATMENT,BASELINE,29030400
"W260",7463,ON_TREATMENT,BASELINE,157248000
"Cycle 11 Day 1",7443,ON_TREATMENT,CYCLE_11,0
"Week 40",7393,ON_TREATMENT,BASELINE,24192000
"Screen",7372,SCREENING,SCREENING,0
"Visit 4 Week 24",7355,ON_TREATMENT,BASELINE,14515200
"DAY 8",7347,ON_TREATMENT,BASELINE,691200
"Week 66",7302,ON_TREATMENT,BASELINE,39916800
"WK 13",7281,ON_TREATMENT,BASELINE,7862400
"WK54V17",7242,ON_TREATMENT,BASELINE,32659200
"DAY168",7190,ON_TREATMENT,BASELINE,14515200
"WK26V10",7183,ON_TREATMENT,BASELINE,15724800
"WK14V7",7179,ON_TREATMENT,BASELINE,8467200
"CYCLE1_DAY1",7117,ON_TREATMENT,CYCLE_1,0
"Visit 6 Week 72",7104,ON_TREATMENT,BASELINE,43545600
"Month 9",7028,ON_TREATMENT,BASELINE,23328000
"Week 8 Day 56",6991,ON_TREATMENT,BASELINE,4838400
"Follow-Up Year 4",6977,FOLLOW_UP,END_OF_TREATMENT,126144000
"MONTH12",6923,ON_TREATMENT,BASELINE,31104000
"WEEK 16",6917,ON_TREATMENT,BASELINE,9676800
"W16",6901,ON_TREATMENT,BASELINE,9676800
"Day 2-56",6898,ON_TREATMENT,BASELINE,172800
"V10",6897,ON_TREATMENT,,
"End of Treatment Week 101",6869,END_OF_TREATMENT,,
"Cycle 1 Day 22",6830,ON_TREATMENT,CYCLE_1,1814400
"Visit 5 Week 48",6827,ON_TREATMENT,BASELINE,29030400
"Week 14 Day 99",6821,ON_TREATMENT,BASELINE,8467200
"Visit 3 Week 2",6815,ON_TREATMENT,BASELINE,1209600
"D71",6787,ON_TREATMENT,BASELINE,6134400
"Week 3",6787,ON_TREATMENT,BASELINE,1814400
"Visit 15 Week 22",6787,ON_TREATMENT,BASELINE,13305600
"Archival Pretreatment",6782,ARCHIVAL,,
"D2",6779,ON_TREATMENT,BASELINE,172800
"Week 101",6702,ON_TREATMENT,BASELINE,61084800
"CYCLE 1 DAY 1",6695,ON_TREATMENT,CYCLE_1,0
"WK4V4",6644,ON_TREATMENT,BASELINE,2419200
"WK 26",6637,ON_TREATMENT,BASELINE,15724800
"18 Months",6604,ON_TREATMENT,BASELINE,46656000
"Week 4 Day 29",6594,ON_TREATMENT,BASELINE,2419200
"BASELINE RCR",6520,BASELINE,BASELINE,0
"Day 1/Week 0",6361,ON_TREATMENT,BASELINE,0
"Month 3",6305,ON_TREATMENT,BASELINE,7776000
"Baseline Week 0 Visit 2",6303,BASELINE,BASELINE,0
"Follow Up",6285,FOLLOW_UP,,
"D43",6280,ON_TREATMENT,BASELINE,3715200
"Baseline Week 0",6250,BASELINE,BASELINE,0
"V8",6196,ON_TREATMENT,,
"Pre-Treatment",6184,ON_TREATMENT,,
"Neoadjuvant Cycle 1 Day 1",6171,ON_TREATMENT,CYCLE_1,0
"Week 8 Day 57",6107,ON_TREATMENT,BASELINE,4838400
"Day -5",6094,ON_TREATMENT,BASELINE,432000
"Week 73",6088,ON_TREATMENT,BASELINE,44150400
"Study Treatment Termination",6023,ON_TREATMENT,,
"Weekly Visit",6017,ON_TREATMENT,,
"WEEK_16",6012,ON_TREATMENT,BASELINE,9676800
"DBT Week 2",5998,ON_TREATMENT,BASELINE,1209600
"DBT Week 24",5894,ON_TREATMENT,BASELINE,14515200
"Screening Visit 1",5856,SCREENING,SCREENING,0
"WITHDRAWAL",5811,END_OF_TREATMENT,,
"SCREENV1",5795,,,
"Cycle 6 Visit 1 (Day 1 Week 21)",5770,ON_TREATMENT,CYCLE_6,0
"At Any Time",5720,UNSCHEDULED,,
"Week 33",5716,ON_TREATMENT,BASELINE,19958400
"V5",5698,ON_TREATMENT,,
"Visit 6",5695,ON_TREATMENT,,
"Day 1/Baseline Visit",5568,BASELINE,BASELINE,0
"Week 44",5546,ON_TREATMENT,BASELINE,26611200
"C16D1",5521,ON_TREATMENT,CYCLE_16,0
"EOS",5521,END_OF_TREATMENT,,
"Visit 4",5496,ON_TREATMENT,,
"DAY 15",5489,ON_TREATMENT,BASELINE,1296000
"Main Screen",5355,SCREENING,SCREENING,0
"SCRN2",5329,SCREENING,SCREENING,0
"N/A",5290,NOT_SPECIFIED,,
"RT 1 DAY 1",5281,ON_TREATMENT,CYCLE_1,0
"Month 12",5279,ON_TREATMENT,BASELINE,31104000
"D5",5277,ON_TREATMENT,BASELINE,432000
"Visit 29 Week 190",5267,ON_TREATMENT,BASELINE,114912000
"DAY 43",5213,ON_TREATMENT,BASELINE,3715200
"On Treatment",5209,ON_TREATMENT,,
"Retest",5207,UNSCHEDULED,,
"Follow-Up Year 5",5197,FOLLOW_UP,END_OF_TREATMENT,157680000
"Day 22",5153,ON_TREATMENT,BASELINE,1900800
"Visit 19 Week 70",5152,ON_TREATMENT,BASELINE,42336000
"Visit 33 Week 238",5146,ON_TREATMENT,BASELINE,143942400
"SCREEN",5131,SCREENING,SCREENING,0
"Visit 13",5119,ON_TREATMENT,,
"Cycle 2 Day 2",5109,ON_TREATMENT,CYCLE_2,86400
"WEEK 8",5087,ON_TREATMENT,BASELINE,4838400
"V16",5083,ON_TREATMENT,,
"MONTH24",5032,ON_TREATMENT,BASELINE,62208000
"Day 11",5014,ON_TREATMENT,BASELINE,950400
"Visit 35 Week 262",5014,ON_TREATMENT,BASELINE,158457600
"Visit 7 Week 96",5009,ON_TREATMENT,BASELINE,58060800
"Day 1 Baseline",4982,BASELINE,BASELINE,0
"Disease Recurrence",4975,DISEASE_PROGRESSION,,
"DAY15",4974,ON_TREATMENT,BASELINE,1296000
"Cycle 2 Day 22",4963,ON_TREATMENT,CYCLE_2,1814400
"Visit 8 Week 120",4948,ON_TREATMENT,BASELINE,72576000
"Cycle 1 Day 5",4938,ON_TREATMENT,CYCLE_1,345600
"Study Discontinuation",4926,END_OF_TREATMENT,,
"DISC2",4924,END_OF_TREATMENT,,
"EOT/Day 85",4902,,,
"Visit 11 week 96",4893,ON_TREATMENT,BASELINE,58060800
"Cycle 15 Day 1",4863,ON_TREATMENT,CYCLE_15,0
"DAY84",4850,ON_TREATMENT,BASELINE,7257600
"DBT Week 96",4849,ON_TREATMENT,BASELINE,58060800
"C1D2B",4820,ON_TREATMENT,CYCLE_1,86400
"W20",4806,ON_TREATMENT,BASELINE,12096000
"D3",4804,ON_TREATMENT,BASELINE,259200
"D4",4784,ON_TREATMENT,BASELINE,345600
"W52",4752,ON_TREATMENT,BASELINE,31449600
"W1IV",4732,ON_TREATMENT,BASELINE,604800
"Cycle 16 Visit 2 (Day 1 Week 52)",4692,ON_TREATMENT,CYCLE_16,0
"Study Drug Discontinuation Visit",4691,END_OF_TREATMENT,,
"C12D1",4662,ON_TREATMENT,CYCLE_12,0
"Visit 25 Week 142",4625,ON_TREATMENT,BASELINE,85881600
"Day 35",4586,ON_TREATMENT,BASELINE,3024000
"Week 3 Day 15",4583,ON_TREATMENT,BASELINE,1814400
"Visit 10",4581,ON_TREATMENT,,
"Visit 23 Week 118",4567,ON_TREATMENT,BASELINE,71366400
"Enrollment",4564,BASELINE,BASELINE,0
"W208",4558,ON_TREATMENT,BASELINE,125798400
"WK38V13",4546,ON_TREATMENT,BASELINE,22982400
"FOLLOW-UP",4542,FOLLOW_UP,,
"DBT Week 72",4539,ON_TREATMENT,BASELINE,43545600
"Cycle 3 Day 15",4534,ON_TREATMENT,CYCLE_3,1209600
"W156",4507,ON_TREATMENT,BASELINE,94348800
"Day 1 Visit 3",4480,ON_TREATMENT,BASELINE,86400
"TOC4129g",4472,,,
"Visit 14 Week 12",4466,ON_TREATMENT,BASELINE,7257600
"DAY28",4463,ON_TREATMENT,BASELINE,2419200
"Follow-Up",4459,FOLLOW_UP,,
"Week 52 Day 364",4456,ON_TREATMENT,BASELINE,31449600
"W40",4455,ON_TREATMENT,BASELINE,24192000
"RT 2 DAY 1",4400,ON_TREATMENT,CYCLE_2,0
"Neoadjuvant Cycle 2 Day 1",4352,ON_TREATMENT,CYCLE_2,0
"Screening or Baseline",4343,SCREENING,SCREENING,0
"24 Months",4336,ON_TREATMENT,BASELINE,62208000
"C1D22",4335,ON_TREATMENT,CYCLE_1,1814400
"Week 1 Visit 3",4321,ON_TREATMENT,BASELINE,604800
"Visit 6 Day 1",4312,ON_TREATMENT,,
"Treatment Discont / Completion",4304,ON_TREATMENT,,
"STUDY COMPLETION",4274,END_OF_TREATMENT,,
"Week 56",4270,ON_TREATMENT,BASELINE,33868800
"C7D1",4257,ON_TREATMENT,CYCLE_7,0
"Week 108",4225,ON_TREATMENT,BASELINE,65318400
"WK10V6",4210,ON_TREATMENT,BASELINE,6048000
"ENDOFSTUDY",4210,END_OF_TREATMENT,,
"Visit 37 Week 286",4191,ON_TREATMENT,BASELINE,172972800
"Period 1",4173,ON_TREATMENT,,
"Cycle 1 Day 4",4171,ON_TREATMENT,CYCLE_1,259200
"Day 0",4157,BASELINE,BASELINE,0
"W26",4127,ON_TREATMENT,BASELINE,15724800
"Discontinuation",4122,END_OF_TREATMENT,,
"Week 12 Visit 6",4101,ON_TREATMENT,BASELINE,7257600
"C03",4098,ON_TREATMENT,CYCLE_3,0
"W2",4091,ON_TREATMENT,BASELINE,1209600
"Week 168",4086,ON_TREATMENT,BASELINE,101606400
"V11",4079,ON_TREATMENT,,
"W48",4075,ON_TREATMENT,BASELINE,29030400
"W38",4072,ON_TREATMENT,BASELINE,22982400
"D169",4071,ON_TREATMENT,BASELINE,14601600
"Week 12 Day 85",4065,ON_TREATMENT,BASELINE,7257600
"WEEK 72",4063,ON_TREATMENT,BASELINE,43545600
"Day 71",4060,ON_TREATMENT,BASELINE,6134400
"Visit 5",4059,ON_TREATMENT,,
"Week 56 Day 393",4048,ON_TREATMENT,BASELINE,33868800
"C1D1 Atezo + Cabo",4045,ON_TREATMENT,CYCLE_1,0
"Baseline 1st LP",4028,BASELINE,BASELINE,0
"Day 9",4000,ON_TREATMENT,BASELINE,777600
"RAND",3940,BASELINE,BASELINE,0
"W8",3940,ON_TREATMENT,BASELINE,4838400
"W78",3916,ON_TREATMENT,BASELINE,47174400
"C12",3904,ON_TREATMENT,CYCLE_12,0
"CYCLE2_DAY1",3851,ON_TREATMENT,CYCLE_2,0
"C2D1B",3847,ON_TREATMENT,CYCLE_2,0
"Week 52 Visit 28 Discontinuation",3817,END_OF_TREATMENT,,
"Surgical Visit",3808,,,
"STUDY.TERMINATION",3804,,,
"DAY 71",3803,ON_TREATMENT,BASELINE,6134400
"Q8W Week 49",3801,ON_TREATMENT,BASELINE,29635200
"WK64",3762,ON_TREATMENT,BASELINE,38707200
"WEEK 52",3751,ON_TREATMENT,BASELINE,31449600
"T0",3750,,,
"Cycle 24 Day 1",3739,ON_TREATMENT,CYCLE_24,0
"C2D1 Atezo + Cabo",3733,ON_TREATMENT,CYCLE_2,0
"Week 2 Day 14",3730,ON_TREATMENT,BASELINE,1209600
"W130",3710,ON_TREATMENT,BASELINE,78624000
"W72",3702,ON_TREATMENT,BASELINE,43545600
"W5",3689,ON_TREATMENT,BASELINE,3024000
"Cycle 1 Day 9",3661,ON_TREATMENT,CYCLE_1,691200
"C1D15B",3642,ON_TREATMENT,CYCLE_1,1209600
"Cycle 18 Day 1",3617,ON_TREATMENT,CYCLE_18,0
"Weerk 4 Day 28",3584,,,
"Visit 2 Week 1 Baseline",3582,BASELINE,BASELINE,0
"W28",3574,ON_TREATMENT,BASELINE,16934400
"Screening Tissue",3563,SCREENING,SCREENING,0
"C1D1 Cabo",3562,ON_TREATMENT,CYCLE_1,0
"Pre-Surgery or Surgery",3542,PROCEDURE,,
"Month 6",3539,ON_TREATMENT,BASELINE,15552000
"WK6V5",3516,ON_TREATMENT,BASELINE,3628800
"Q8W Week 17",3489,ON_TREATMENT,BASELINE,10281600
"Week 2 Day 15",3488,ON_TREATMENT,BASELINE,1209600
"D141",3484,ON_TREATMENT,BASELINE,12182400
"C1D1E",3483,ON_TREATMENT,CYCLE_1,0
"WK76",3477,ON_TREATMENT,BASELINE,45964800
"DBT Week 120",3474,ON_TREATMENT,BASELINE,72576000
"Week 7",3455,ON_TREATMENT,BASELINE,4233600
"Period 1 Day 1",3448,ON_TREATMENT,,
"Pretreatment",3444,ON_TREATMENT,,
"Week 97",3415,ON_TREATMENT,BASELINE,58665600
"Randomization Visit 3",3406,BASELINE,BASELINE,0
"Q8W Week 65",3364,ON_TREATMENT,BASELINE,39312000
"Day 113",3361,ON_TREATMENT,BASELINE,9763200
"Q8W Week 33",3358,ON_TREATMENT,BASELINE,19958400
"W284",3356,ON_TREATMENT,BASELINE,171763200
"DAY196",3354,ON_TREATMENT,BASELINE,16934400
"6 Months",3332,ON_TREATMENT,BASELINE,15552000
"Safety Follow Up Visit 2",3327,FOLLOW_UP,,
"Month 4",3325,ON_TREATMENT,BASELINE,10368000
"Week 24 Visit 9",3322,ON_TREATMENT,BASELINE,14515200
"WEEK_48",3282,ON_TREATMENT,BASELINE,29030400
"Cycle 10 Day 1",3265,ON_TREATMENT,CYCLE_10,0
"Week 6 Visit 5",3245,ON_TREATMENT,BASELINE,3628800
"Cycle 1",3242,ON_TREATMENT,CYCLE_1,0
"Run-In Visit 2",3228,BASELINE,BASELINE,0
"Screening Day -14",3227,SCREENING,SCREENING,0
"On-Tx Bone Marrow Aspirate/ Biopsy",3192,PROCEDURE,,
"Fresh Biopsy",3187,PROCEDURE,,
"WEEK 2",3179,ON_TREATMENT,BASELINE,1209600
"DBT Week 168",3174,ON_TREATMENT,BASELINE,101606400
"Cycle 01 Day 01",3169,ON_TREATMENT,CYCLE_1,0
"Tumor PD",3156,,,
"RCR",3155,,,
"POSTC16D1",3155,ON_TREATMENT,CYCLE_16,0
"Day 1/Baseline",3146,BASELINE,BASELINE,0
"C2",3141,ON_TREATMENT,CYCLE_2,0
"CYCLE1",3139,ON_TREATMENT,CYCLE_1,0
"Post Surgery",3125,PROCEDURE,,
"Q8W Week 81",3107,ON_TREATMENT,BASELINE,48988800
"Dose Change",3101,ON_TREATMENT,,
"Month 15",3101,ON_TREATMENT,BASELINE,38880000
"Visit 39 Week 310",3100,ON_TREATMENT,BASELINE,187488000
"AB",3088,,,
"W312",3076,ON_TREATMENT,BASELINE,188697600
"C1D8B",3068,ON_TREATMENT,CYCLE_1,604800
"V13",3058,ON_TREATMENT,,
"SCREEN 1",3058,SCREENING,SCREENING,0
"Week 109",3055,ON_TREATMENT,BASELINE,65923200
"DBT Week 144",3046,ON_TREATMENT,BASELINE,87091200
"Withdrawal visit",3045,END_OF_TREATMENT,,
"MONTH6",3022,ON_TREATMENT,BASELINE,15552000
"At any Time",3021,UNSCHEDULED,,
"W25IV",3014,ON_TREATMENT,BASELINE,15120000
"Week 54",3001,ON_TREATMENT,BASELINE,32659200
"Mandatory Fresh Biopsy",3000,PROCEDURE,,
"End of Study",2990,END_OF_TREATMENT,,
"MONTH 6",2990,ON_TREATMENT,BASELINE,15552000
"W69IV",2983,ON_TREATMENT,BASELINE,41731200
"Week 84",2977,ON_TREATMENT,BASELINE,50803200
"2",2977,,,
"C3D8",2973,ON_TREATMENT,CYCLE_3,604800
"Week 30",2972,ON_TREATMENT,BASELINE,18144000
"Day 12",2964,ON_TREATMENT,BASELINE,1036800
"Cycle 3 Day 8",2956,ON_TREATMENT,CYCLE_3,604800
"Week 192",2940,ON_TREATMENT,BASELINE,116121600
"W49",2939,ON_TREATMENT,BASELINE,29635200
"Screen Bone Marrow Aspirate/ Biopsy",2935,SCREENING,SCREENING,0
"Day 141",2933,ON_TREATMENT,BASELINE,12182400
"Visit 9 Week 144",2931,ON_TREATMENT,BASELINE,87091200
"C2D1 Cabo",2929,ON_TREATMENT,CYCLE_2,0
"W17",2927,ON_TREATMENT,BASELINE,10281600
"Discharge Day",2924,,,
"WEEK48",2921,ON_TREATMENT,BASELINE,29030400
"Unscheduled Visit",2909,UNSCHEDULED,,
"Week 41",2907,ON_TREATMENT,BASELINE,24796800
"Visit 10 Week 168",2896,ON_TREATMENT,BASELINE,101606400
"Week 8 Visit 5",2857,ON_TREATMENT,BASELINE,4838400
"Week 64 Day 449 End of Study",2856,END_OF_TREATMENT,,
"C3",2854,ON_TREATMENT,CYCLE_3,0
"Visit 6 Week 36",2854,ON_TREATMENT,BASELINE,21772800
"Exacerbation",2853,,,
"Week 60",2852,ON_TREATMENT,BASELINE,36288000
"Week 16 Day 112",2851,ON_TREATMENT,BASELINE,9676800
"Q8W Week 25",2843,ON_TREATMENT,BASELINE,15120000
"Cycle 17 Day 1",2843,ON_TREATMENT,CYCLE_17,0
"120DAYS",2837,,,
"Month 8",2816,ON_TREATMENT,BASELINE,20736000
"D22",2810,ON_TREATMENT,BASELINE,1900800
"Neoadjuvant Cycle 4 Day 1",2809,ON_TREATMENT,CYCLE_4,0
"W232",2808,ON_TREATMENT,BASELINE,140313600
"1",2800,,,
"W69SC",2782,ON_TREATMENT,BASELINE,41731200
"W69",2781,ON_TREATMENT,BASELINE,41731200
"DAY336",2777,ON_TREATMENT,BASELINE,29030400
"C1D16",2772,ON_TREATMENT,CYCLE_1,1296000
"V14C5W96",2766,ON_TREATMENT,BASELINE,58060800
"Screening Baseline",2752,SCREENING,SCREENING,0
"Week 28 Day 197",2749,ON_TREATMENT,BASELINE,16934400
"Cycle 1 Day 3",2740,ON_TREATMENT,CYCLE_1,172800
"Q8W Week 57",2736,ON_TREATMENT,BASELINE,34473600
"C2D22",2735,ON_TREATMENT,CYCLE_2,1814400
"Q8W Week 41",2731,ON_TREATMENT,BASELINE,24796800
"Visit 8 Week 60",2731,ON_TREATMENT,BASELINE,36288000
"D155",2730,ON_TREATMENT,BASELINE,13392000
"Cycle 02 Day 01",2728,ON_TREATMENT,CYCLE_2,0
"Visit 7",2725,ON_TREATMENT,,
"Visit 2 Day 1",2689,ON_TREATMENT,,
"Screening Day -7",2680,SCREENING,SCREENING,0
"Week 80",2674,ON_TREATMENT,BASELINE,48384000
"Screening Biopsy",2668,SCREENING,SCREENING,0
"V17ADDC1W120",2666,ON_TREATMENT,BASELINE,72576000
"Cycle 14 Day 1",2662,ON_TREATMENT,CYCLE_14,0
"WK 39",2657,ON_TREATMENT,BASELINE,23587200
"CYCLE3_DAY1",2651,ON_TREATMENT,CYCLE_3,0
"Screening archival",2648,SCREENING,SCREENING,0
"Baseline Day -7 to -1",2645,BASELINE,BASELINE,0
"W182",2643,ON_TREATMENT,BASELINE,110073600
"Visit 10 Week 84",2622,ON_TREATMENT,BASELINE,50803200
"DAYMINUS7",2613,,,
"W96",2608,ON_TREATMENT,BASELINE,58060800
"C1D1A",2595,ON_TREATMENT,CYCLE_1,0
"Cycle 32 Day 1",2593,ON_TREATMENT,CYCLE_32,0
"Week 20 Day 140",2584,ON_TREATMENT,BASELINE,12096000
"WEEK12",2575,ON_TREATMENT,BASELINE,7257600
"W13",2564,ON_TREATMENT,BASELINE,7862400
"RE_TX_DAY1",2549,,,
"Week 132",2548,ON_TREATMENT,BASELINE,79833600
"Safety Follow Up Visit 1",2544,FOLLOW_UP,,
"Week 4 (Day 28)",2536,ON_TREATMENT,BASELINE,2419200
"36 Months",2530,ON_TREATMENT,BASELINE,93312000
"V12",2529,ON_TREATMENT,,
"WK 52B",2526,ON_TREATMENT,BASELINE,31449600
"Screening/ Baseline",2517,SCREENING,SCREENING,0
"Week 65",2512,ON_TREATMENT,BASELINE,39312000
"Y1",2497,,,
"BL2",2492,,,
"C1D4",2487,ON_TREATMENT,CYCLE_1,259200
"SFU4",2483,FOLLOW_UP,,
"C1D3",2455,ON_TREATMENT,CYCLE_1,172800
"RC1D1",2448,ON_TREATMENT,CYCLE_1,0
"Week 3 Visit 4",2442,ON_TREATMENT,BASELINE,1814400
"Day 56",2435,ON_TREATMENT,BASELINE,4838400
"Visit 6 Week 48",2421,ON_TREATMENT,BASELINE,29030400
"Week 30 Visit 11",2415,ON_TREATMENT,BASELINE,18144000
"Week 52 / Early Term",2411,ON_TREATMENT,BASELINE,31449600
"OPTIONAL DNA",2407,,,
"Week 14 Visit 7",2405,ON_TREATMENT,BASELINE,8467200
"EARLY_TERM",2405,,,
"RT 3 DAY 1",2401,ON_TREATMENT,CYCLE_3,0
"Q16W Week 49",2400,ON_TREATMENT,BASELINE,29635200
"Week 64",2388,ON_TREATMENT,BASELINE,38707200
"End of Cycle 3 (Weeks 9)",2386,,,
"Visit 41 Week 334",2379,ON_TREATMENT,BASELINE,202003200
"DBT Week 192",2379,ON_TREATMENT,BASELINE,116121600
"Q16W Week 17",2369,ON_TREATMENT,BASELINE,10281600
"CYCLE 2 DAY 1",2365,ON_TREATMENT,CYCLE_2,0
"Q8W Week 73",2364,ON_TREATMENT,BASELINE,44150400
"WEEK 96",2356,ON_TREATMENT,BASELINE,58060800
"Study Drug Completion",2355,,,
"Week 50",2352,ON_TREATMENT,BASELINE,30240000
"Every 12 Weeks W84",2351,ON_TREATMENT,BASELINE,50803200
"DAY 22",2343,ON_TREATMENT,BASELINE,1900800
"M12",2340,,,
"Pre Surgery",2339,PROCEDURE,,
"Week 52 Day 365 End of Treatment",2338,END_OF_TREATMENT,,
"Every 12 Weeks W60",2333,ON_TREATMENT,BASELINE,36288000
"Follow Up Week 76",2325,FOLLOW_UP,END_OF_TREATMENT,45964800
"D1OLEC01",2317,ON_TREATMENT,BASELINE,86400
"Visit 8 Week 96",2309,ON_TREATMENT,BASELINE,58060800
"Q8W Week 9",2305,ON_TREATMENT,BASELINE,5443200
"Visit 3 Day 1",2302,ON_TREATMENT,,
"DAY 4",2301,ON_TREATMENT,BASELINE,345600
"Long Term Extension Year 2",2300,ON_TREATMENT,BASELINE,63072000
"Week 13 Day 85",2296,ON_TREATMENT,BASELINE,7862400
"WK8",2273,ON_TREATMENT,BASELINE,4838400
"Week 5 Day 29",2268,ON_TREATMENT,BASELINE,3024000
"TDISCB",2237,,,
"STUDY DRUG DISCONTINUATION",2230,END_OF_TREATMENT,,
"Double Blinded Week 0",2222,ON_TREATMENT,BASELINE,0
"DAY252",2220,ON_TREATMENT,BASELINE,21772800
"Cohort X Screening",2219,SCREENING,SCREENING,0
"D6",2200,ON_TREATMENT,BASELINE,518400
"BRAF Screening Test - Archival",2193,SCREENING,SCREENING,0
"Week 145",2191,ON_TREATMENT,BASELINE,87696000
"DAY364",2191,ON_TREATMENT,BASELINE,31449600
"Screening Day -28",2187,SCREENING,SCREENING,0
"OLE Week 0",2186,ON_TREATMENT,BASELINE,0
"Week 25 Day 169",2172,ON_TREATMENT,BASELINE,15120000
"W25",2166,ON_TREATMENT,BASELINE,15120000
"Week 121",2156,ON_TREATMENT,BASELINE,73180800
"Visit 9 Day 1",2145,ON_TREATMENT,,
"Follow Up Week 104",2142,FOLLOW_UP,END_OF_TREATMENT,62899200
"5",2140,,,
"WEEK0",2134,ON_TREATMENT,BASELINE,0
"Cycle 1 Day 11",2133,ON_TREATMENT,CYCLE_1,864000
"Week 62",2131,ON_TREATMENT,BASELINE,37497600
"Double Blinded Week 12",2129,ON_TREATMENT,BASELINE,7257600
"DAY 2",2128,ON_TREATMENT,BASELINE,172800
"WEEK 0",2101,BASELINE,BASELINE,0
"Long Term Extension Year 4",2095,ON_TREATMENT,BASELINE,126144000
"OLE Week 12",2080,ON_TREATMENT,BASELINE,7257600
"PD",2078,DISEASE_PROGRESSION,,
"Screening Baseline, fresh tissue",2074,SCREENING,SCREENING,0
"Visit 4 Day 1",2064,ON_TREATMENT,,
"Tumor Response",2060,,,
"Close-Out Visit",2049,,,
"Atezo+Cabo C1D1",2043,ON_TREATMENT,CYCLE_1,0
"Prior to Cycle 4",2042,,,
"OL Day 1 RT1D1",2040,,,
"D14",2023,ON_TREATMENT,BASELINE,1209600
"Week 88",2016,ON_TREATMENT,BASELINE,53222400
"Day 168",2013,ON_TREATMENT,BASELINE,14515200
"Visit 43 Week 358",2011,ON_TREATMENT,BASELINE,216518400
"Week 133",2008,ON_TREATMENT,BASELINE,80438400
"D1OLEC03",2001,ON_TREATMENT,BASELINE,86400
"Long Term Follow-up Month 3",1997,FOLLOW_UP,END_OF_TREATMENT,7776000
"C2D8",1990,ON_TREATMENT,CYCLE_2,604800
"Q16W Week 33",1988,ON_TREATMENT,BASELINE,19958400
"C9D1",1983,ON_TREATMENT,CYCLE_9,0
"Week 157",1981,ON_TREATMENT,BASELINE,94953600
"M24",1978,,,
"D1OLEC05",1976,ON_TREATMENT,BASELINE,86400
"END",1964,,,
"Unscheduled/Retest",1939,UNSCHEDULED,,
"Long Term Follow-up Month 6",1938,FOLLOW_UP,END_OF_TREATMENT,15552000
"Screening/Baseline",1934,SCREENING,SCREENING,0
"SCREENING VISIT 1",1932,SCREENING,SCREENING,0
"Visit 0 Week -2 Screening",1932,SCREENING,SCREENING,0
"Week 156",1932,ON_TREATMENT,BASELINE,94348800
"Screening / Baseline",1928,SCREENING,SCREENING,0
"D9",1919,ON_TREATMENT,BASELINE,777600
"D30",1917,ON_TREATMENT,BASELINE,2592000
"CSF Day 1",1912,,,
"SERUM 01 008",1911,,,
"Cycle 0 Day 15",1909,ON_TREATMENT,CYCLE_0,1209600
"Y2",1908,,,
"Month 3 Follow Up",1903,FOLLOW_UP,END_OF_TREATMENT,7776000
"Cycle 40 Day 1",1901,ON_TREATMENT,CYCLE_40,0
"BIOPB",1900,,,
"Z1",1883,,,
"C2D15",1876,ON_TREATMENT,CYCLE_2,1209600
"Week 28 Day 196",1875,ON_TREATMENT,BASELINE,16934400
"Week 72 Day 504 End of Study",1872,END_OF_TREATMENT,,
"Day1/Week 0",1854,ON_TREATMENT,BASELINE,0
"Ext Week 12 (Day 84)",1850,ON_TREATMENT,BASELINE,7257600
"DBT Screening",1848,SCREENING,SCREENING,0
"Withdrawal from Treatment",1845,END_OF_TREATMENT,,
"Safety Follow Up",1843,FOLLOW_UP,,
"UNSHCED VISIT 1",1835,,,
"Cycle 21 Day 1",1824,ON_TREATMENT,CYCLE_21,0
"Visit 45 Week 382",1821,ON_TREATMENT,BASELINE,231033600
"EOS/ET",1817,,,
"Week 26",1814,ON_TREATMENT,BASELINE,15724800
"Week 60 Day 421",1814,ON_TREATMENT,BASELINE,36288000
"D36",1811,ON_TREATMENT,BASELINE,3110400
"W336",1808,ON_TREATMENT,BASELINE,203212800
"Week 68",1807,ON_TREATMENT,BASELINE,41126400
"C1 Day 1",1806,ON_TREATMENT,CYCLE_1,0
"12 Month Post Treatment",1801,FOLLOW_UP,,
"Month 6 Follow Up",1797,FOLLOW_UP,END_OF_TREATMENT,15552000
"Visit 7 Week 24",1797,ON_TREATMENT,BASELINE,14515200
"Q16W Week 65",1797,ON_TREATMENT,BASELINE,39312000
"Day4 Day8",1792,ON_TREATMENT,BASELINE,345600
"C4",1780,ON_TREATMENT,CYCLE_4,0
"Long Term Extension Year 1",1780,ON_TREATMENT,BASELINE,31536000
"6 Month Post Treatment",1774,FOLLOW_UP,,
"Cycle 1 Day 16",1774,ON_TREATMENT,CYCLE_1,1296000
"W32",1772,ON_TREATMENT,BASELINE,19353600
"DAY 64",1764,ON_TREATMENT,BASELINE,5529600
"C1D1 Induction Phase",1762,ON_TREATMENT,CYCLE_1,0
"Cycle 2 Visit 1",1755,ON_TREATMENT,CYCLE_2,0
"C24D1",1755,ON_TREATMENT,CYCLE_24,0
"MAD Visit 2 Day 1",1749,,,
"Cycle 6 Visit 1",1749,ON_TREATMENT,CYCLE_6,0
"MONTH 12",1746,ON_TREATMENT,BASELINE,31104000
"24 Month Post Treatment",1743,FOLLOW_UP,,
"Every 12 Weeks W72",1742,ON_TREATMENT,BASELINE,43545600
"Archival, Fresh",1739,ARCHIVAL,,
"Every 12 Weeks W96",1732,ON_TREATMENT,BASELINE,58060800
"R9",1726,,,
"WK20",1723,ON_TREATMENT,BASELINE,12096000
"Long Term Follow-up Month 12",1715,FOLLOW_UP,END_OF_TREATMENT,31104000
"CYCLE4_DAY1",1710,ON_TREATMENT,CYCLE_4,0
"Optional DNA",1705,,,
"Adjuvant Cycle 1 Day 1",1705,ON_TREATMENT,CYCLE_1,0
"DAY546",1703,ON_TREATMENT,BASELINE,47174400
"MGB Biobank sample collection",1701,,,
"Screening Visit 2",1697,SCREENING,SCREENING,0
"Week 24 Day 169",1696,ON_TREATMENT,BASELINE,14515200
"18 Month Post Treatment",1695,FOLLOW_UP,,
"Cycle 01 Day 15",1687,ON_TREATMENT,CYCLE_1,1209600
"Follow Up Day 127",1685,FOLLOW_UP,,
"Day -2",1684,ON_TREATMENT,BASELINE,172800
"Cycle 3 Visit 1",1682,ON_TREATMENT,CYCLE_3,0
"Week 6 Day 42",1672,ON_TREATMENT,BASELINE,3628800
"Hospital Discharge",1670,,,
"Visit 9",1667,ON_TREATMENT,,
"Visit 2 Week 4",1660,ON_TREATMENT,BASELINE,2419200
"S1",1659,,,
"Month 16",1659,ON_TREATMENT,BASELINE,41472000
"CYCLE2",1652,ON_TREATMENT,CYCLE_2,0
"Long Term Follow-up Month 9",1651,FOLLOW_UP,END_OF_TREATMENT,23328000
"Cycle 4 Visit 1",1651,ON_TREATMENT,CYCLE_4,0
"SAFETY_FU_WEEK24",1647,FOLLOW_UP,,
"WEEK24",1647,ON_TREATMENT,BASELINE,14515200
"Q16W Week 81",1643,ON_TREATMENT,BASELINE,48988800
"Visit 11",1636,ON_TREATMENT,,
"8 Weeks Post Safety Follow-Up",1634,FOLLOW_UP,,
"TREATMENT DISCONTINU",1631,ON_TREATMENT,,
"Baseline Visit 1",1630,BASELINE,BASELINE,0
"End of Cycle 6 (Weeks 18)",1628,,,
"Optl FRESH Lumbar Puncture & Blood",1625,PROCEDURE,,
"WK92",1624,ON_TREATMENT,BASELINE,55641600
"Week 9 Day 57",1620,ON_TREATMENT,BASELINE,5443200
"Inclusion",1617,,,
"Day 17",1615,ON_TREATMENT,BASELINE,1468800
"Visit 11 Week 192",1615,ON_TREATMENT,BASELINE,116121600
"Cycle 2/Day 0",1615,ON_TREATMENT,CYCLE_2,-86400
"Day 169",1613,ON_TREATMENT,BASELINE,14601600
"PD1 DAY 1",1613,,,
"Day 197",1612,ON_TREATMENT,BASELINE,17020800
"C4D1B",1610,ON_TREATMENT,CYCLE_4,0
"End of Treatment Week 4 Day 28",1596,END_OF_TREATMENT,,
"Month 20",1596,ON_TREATMENT,BASELINE,51840000
"CTCCAPC1D1",1596,ON_TREATMENT,CYCLE_1,0
"C1D9",1594,ON_TREATMENT,CYCLE_1,691200
"Long Term Extension Year 3",1591,ON_TREATMENT,BASELINE,94608000
"Day 42",1589,ON_TREATMENT,BASELINE,3628800
"W49IV",1586,ON_TREATMENT,BASELINE,29635200
"OLE Week 4",1585,ON_TREATMENT,BASELINE,2419200
"Blood draw T0",1578,,,
"Month 12 Follow Up",1578,FOLLOW_UP,END_OF_TREATMENT,31104000
"Day 13",1577,ON_TREATMENT,BASELINE,1123200
"Recurrence",1570,DISEASE_PROGRESSION,,
"120 Days Follow-up",1570,FOLLOW_UP,,
"Cycle 19 Day 1",1567,ON_TREATMENT,CYCLE_19,0
"WEEK_32",1566,ON_TREATMENT,BASELINE,19353600
"WEEK 1",1563,ON_TREATMENT,BASELINE,604800
"Q8W Week 113",1561,ON_TREATMENT,BASELINE,68342400
"W73",1560,ON_TREATMENT,BASELINE,44150400
"P1 Day 1",1557,,,
"TC",1555,,,
"WEEK 26",1550,ON_TREATMENT,BASELINE,15724800
"Q8W Week 97",1546,ON_TREATMENT,BASELINE,58665600
"Day -3",1544,ON_TREATMENT,BASELINE,259200
"ARIA",1544,,,
"Screening MRD",1539,SCREENING,SCREENING,0
"W36",1536,ON_TREATMENT,BASELINE,21772800
"SAFETY_FU_WEEK48",1535,FOLLOW_UP,,
"Subsequent Maintenance Restage",1532,,,
"Visit 47 Week 406",1527,ON_TREATMENT,BASELINE,245548800
"Cycle 2 Day 9",1521,ON_TREATMENT,CYCLE_2,691200
"Final Visit",1520,,,
"WK16",1516,ON_TREATMENT,BASELINE,9676800
"Double Blinded Week 4",1515,ON_TREATMENT,BASELINE,2419200
"OLE Week 24",1514,ON_TREATMENT,BASELINE,14515200
"Day 36",1513,ON_TREATMENT,BASELINE,3110400
"Week 22",1511,ON_TREATMENT,BASELINE,13305600
"Treatment Completion/ET",1509,END_OF_TREATMENT,,
"W25SC",1508,ON_TREATMENT,BASELINE,15120000
"Visit 1 (Baseline)",1504,BASELINE,BASELINE,0
"Safety Follow Up Week 24",1499,FOLLOW_UP,END_OF_TREATMENT,14515200
"SERUM 01 010",1497,,,
"Day 63",1494,ON_TREATMENT,BASELINE,5443200
"Week 16 Day 113 End of Treatment",1493,END_OF_TREATMENT,,
"On-Study",1493,,,
"V11C4W72",1493,ON_TREATMENT,BASELINE,43545600
"Cycle 48 Day 1",1493,ON_TREATMENT,CYCLE_48,0
"V02",1492,ON_TREATMENT,,
"WEEK4",1488,ON_TREATMENT,BASELINE,2419200
"Atezo+Cabo C3 & 4 D1",1485,,,
"Week 20 Day 141",1474,ON_TREATMENT,BASELINE,12096000
"Treatment Discontinued",1473,ON_TREATMENT,,
"D11",1471,ON_TREATMENT,BASELINE,950400
"PD2 DAY 8",1467,,,
"UNSCHDBIO",1465,UNSCHEDULED,,
"Day 1 Additional Treatment Cycle 2",1464,ON_TREATMENT,BASELINE,86400
"Baseline/Day 1",1463,BASELINE,BASELINE,0
"CSF WK 52",1458,ON_TREATMENT,BASELINE,31449600
"Day 18",1456,ON_TREATMENT,BASELINE,1555200
"Week 12 Follow Up",1455,FOLLOW_UP,END_OF_TREATMENT,7257600
"Week 48 Day 337",1454,ON_TREATMENT,BASELINE,29030400
"Double Blinded Week 2",1451,ON_TREATMENT,BASELINE,1209600
"WEEK1",1447,ON_TREATMENT,BASELINE,604800
"120 Days after last dose",1437,ON_TREATMENT,,
"Cycle 04 Day 01",1436,ON_TREATMENT,CYCLE_4,0
"C8D1 & Every 8 Cycles",1436,ON_TREATMENT,CYCLE_8,0
"M6",1436,,,
"End of Cycle 9 (Weeks 27)",1435,,,
"Week 241",1434,ON_TREATMENT,BASELINE,145756800
"DAY 42",1433,ON_TREATMENT,BASELINE,3628800
"Double Blinded Week 8",1432,ON_TREATMENT,BASELINE,4838400
"WEEK 88",1426,ON_TREATMENT,BASELINE,53222400
"Cycle 1 Day 1 D",1425,ON_TREATMENT,CYCLE_1,0
"EOS Visit",1422,,,
"C15D1",1422,ON_TREATMENT,CYCLE_15,0
"Post-Discharge Day 28",1418,,,
"Week 217",1417,ON_TREATMENT,BASELINE,131241600
"D1OLEC06",1417,ON_TREATMENT,BASELINE,86400
"C1D2A",1414,ON_TREATMENT,CYCLE_1,86400
"Visit 10 Week 144",1413,ON_TREATMENT,BASELINE,87091200
"Q8W Week 89",1412,ON_TREATMENT,BASELINE,53827200
"MAD Visit 12 Day 85",1410,,,
"Induction Treatment Week 0",1410,ON_TREATMENT,BASELINE,0
"DBT Week 60",1408,ON_TREATMENT,BASELINE,36288000
"SCRN3",1406,SCREENING,SCREENING,0
"C32D1",1406,ON_TREATMENT,CYCLE_32,0
"DAY 14",1401,ON_TREATMENT,BASELINE,1209600
"D1OLEC02",1396,ON_TREATMENT,BASELINE,86400
"Day 253",1393,ON_TREATMENT,BASELINE,21859200
"MONTH36",1393,ON_TREATMENT,BASELINE,93312000
"Period 2 Day 1",1392,ON_TREATMENT,,
"D1OLEC07",1385,ON_TREATMENT,BASELINE,86400
"Cycle 4 Day 8",1382,ON_TREATMENT,CYCLE_4,604800
"C13D1",1367,ON_TREATMENT,CYCLE_13,0
"C11D1",1366,ON_TREATMENT,CYCLE_11,0
"Week 36 Day 253",1366,ON_TREATMENT,BASELINE,21772800
"TP1",1361,,,
"Month 36 Follow Up",1359,FOLLOW_UP,END_OF_TREATMENT,93312000
"D60 STUDY COMPLETION ED",1358,END_OF_TREATMENT,,
"PENRL",1357,,,
"Fresh Baseline",1351,BASELINE,BASELINE,0
"Cycle 2",1347,ON_TREATMENT,CYCLE_2,0
"Cycle 1 Day 10",1346,ON_TREATMENT,CYCLE_1,777600
"3_MONTH_POST",1344,ON_TREATMENT,BASELINE,7776000
"COVID-19 Vaccine",1344,,,
"SCNG",1342,,,
"Screening - Baseline",1338,SCREENING,SCREENING,0
"Week 48 / Early Termination",1338,END_OF_TREATMENT,,
"Week 169",1337,ON_TREATMENT,BASELINE,102211200
"Week 52 Day 365",1332,ON_TREATMENT,BASELINE,31449600
"Part 2 Day 1",1329,,,
"Primary Response Assessment",1329,,,
"Week 32 Day 224",1325,ON_TREATMENT,BASELINE,19353600
"Cycle 3 Day 2",1324,ON_TREATMENT,CYCLE_3,86400
"Week 193",1324,ON_TREATMENT,BASELINE,116726400
"CYCLE5_DAY1",1322,ON_TREATMENT,CYCLE_5,0
"DAY455",1318,ON_TREATMENT,BASELINE,39312000
"Day 78",1315,ON_TREATMENT,BASELINE,6739200
"Week 21 Day 141",1314,ON_TREATMENT,BASELINE,12700800
"DAY 113",1311,ON_TREATMENT,BASELINE,9763200
"6_MONTH_POST",1309,ON_TREATMENT,BASELINE,15552000
"12M",1307,,,
"Visit 1 Week 0",1303,ON_TREATMENT,BASELINE,0
"End of Cycle 12 (Weeks 36)",1301,,,
"Double Blinded Week 20",1299,ON_TREATMENT,BASELINE,12096000
"6 Weeks",1297,,,
"Follow Up Week 24 Day 168",1294,FOLLOW_UP,END_OF_TREATMENT,14515200
"Cycle 10 Visit 1",1289,ON_TREATMENT,CYCLE_10,0
"Day 64",1287,ON_TREATMENT,BASELINE,5529600
"MIBCSCRN",1287,,,
"WEEK 3",1286,ON_TREATMENT,BASELINE,1814400
"Adjuvant Cycle 6 Day 1",1284,ON_TREATMENT,CYCLE_6,0
"Visit 8",1280,ON_TREATMENT,,
"DAY 36",1279,ON_TREATMENT,BASELINE,3110400
"W6",1279,ON_TREATMENT,BASELINE,3628800
"CYCLE3",1276,ON_TREATMENT,CYCLE_3,0
"Week 62 Visit 29",1275,ON_TREATMENT,BASELINE,37497600
"D127",1269,ON_TREATMENT,BASELINE,10972800
"WEEK 56",1265,ON_TREATMENT,BASELINE,33868800
"PROG",1265,,,
"Week 104 Day 729",1263,ON_TREATMENT,BASELINE,62899200
"Week 79/Month 18",1262,ON_TREATMENT,BASELINE,47779200
"Week 53 Amendment D",1262,ON_TREATMENT,BASELINE,32054400
"Day 365",1261,ON_TREATMENT,BASELINE,31536000
"Step-up Dose 1",1260,ON_TREATMENT,,
"C10D1",1258,ON_TREATMENT,CYCLE_10,0
"Month 18 Follow Up",1253,FOLLOW_UP,END_OF_TREATMENT,46656000
"Double Blinded Week 16",1253,ON_TREATMENT,BASELINE,9676800
"Ext Week 16 (Day 112)",1250,ON_TREATMENT,BASELINE,9676800
"SERUM 01 009",1248,,,
"Day 421",1247,ON_TREATMENT,BASELINE,36374400
"MAD Visit 6 Day 29",1244,,,
"Follow Up Day 99",1238,FOLLOW_UP,,
"3 Weeks",1237,,,
"DAY29",1236,ON_TREATMENT,BASELINE,2505600
"CYCLE1_DAY8",1236,ON_TREATMENT,CYCLE_1,604800
"WK44",1234,ON_TREATMENT,BASELINE,26611200
"120 Days Follow Up",1232,FOLLOW_UP,,
"9001 Archival",1231,ARCHIVAL,,
"Period 2",1230,ON_TREATMENT,,
"Day 112",1227,ON_TREATMENT,BASELINE,9676800
"SCREENING/BASELINE",1227,SCREENING,SCREENING,0
"C3D1 PREDOSE",1225,ON_TREATMENT,CYCLE_3,0
"Screening /Baseline",1225,SCREENING,SCREENING,0
"Neoadjuvant Cycle 6 Day 1",1225,ON_TREATMENT,CYCLE_6,0
"Day 1 Part 5",1223,ON_TREATMENT,BASELINE,86400
"Day 309",1222,ON_TREATMENT,BASELINE,26697600
"D21",1213,ON_TREATMENT,BASELINE,1814400
"D64",1213,ON_TREATMENT,BASELINE,5529600
"MAD Visit 5 Day 15",1211,,,
"Month 24 Follow Up",1210,FOLLOW_UP,END_OF_TREATMENT,62208000
"Week 25-28",1208,ON_TREATMENT,BASELINE,15120000
"Week 40 Day 280",1195,ON_TREATMENT,BASELINE,24192000
"Period 3",1189,ON_TREATMENT,,
"12 Week Follow Up Week 104",1186,FOLLOW_UP,END_OF_TREATMENT,62899200
"Archival Tumor Sampling",1186,ARCHIVAL,,
"V04",1179,ON_TREATMENT,,
"DBT Week 36",1179,ON_TREATMENT,BASELINE,21772800
"Week 32 Day 225",1178,ON_TREATMENT,BASELINE,19353600
"UNSCHED",1177,UNSCHEDULED,,
"MAD Visit 9 Day 57",1175,,,
"PRETREATMENT",1174,ON_TREATMENT,,
"DAY 1 BASELINE (AMEN",1173,BASELINE,BASELINE,0
"OL Day 1 RT2D1",1171,,,
"Week 103/Month24",1171,ON_TREATMENT,BASELINE,62294400
"OLE Week 20",1168,ON_TREATMENT,BASELINE,12096000
"W234",1166,ON_TREATMENT,BASELINE,141523200
"FUW8",1166,ON_TREATMENT,BASELINE,4838400
"OLE Week 8",1166,ON_TREATMENT,BASELINE,4838400
"Cycle 3",1162,ON_TREATMENT,CYCLE_3,0
"DAY 6",1162,ON_TREATMENT,BASELINE,518400
"6 months",1159,ON_TREATMENT,BASELINE,15552000
"Week 17 Day 113",1157,ON_TREATMENT,BASELINE,10281600
"Month 9 Follow Up",1156,FOLLOW_UP,END_OF_TREATMENT,23328000
"Docetaxel C1D1",1155,ON_TREATMENT,CYCLE_1,0
"CSF WEEK 104 EXT",1154,ON_TREATMENT,BASELINE,62899200
"RESCEU_V1",1152,,,
"1st Visit after Vaccination",1149,,,
"Week 108 Visit 16",1148,ON_TREATMENT,BASELINE,65318400
"End of Cycle 15 (Weeks 45)",1147,,,
"Week 44 Day 308",1145,ON_TREATMENT,BASELINE,26611200
"Visit 8 Week 48",1144,ON_TREATMENT,BASELINE,29030400
"Treatment Day 1",1144,ON_TREATMENT,,
"C1D1S1",1144,ON_TREATMENT,CYCLE_1,0
"Cycle 1 Day 17",1144,ON_TREATMENT,CYCLE_1,1382400
"W180",1143,ON_TREATMENT,BASELINE,108864000
"3 Months",1143,ON_TREATMENT,BASELINE,7776000
"DAY29MD",1139,ON_TREATMENT,BASELINE,2505600
"Safety Follow Up Week 48",1136,FOLLOW_UP,END_OF_TREATMENT,29030400
"Resection or Disease Recurrence",1134,PROCEDURE,,
"Cycle 0 Day 1",1134,ON_TREATMENT,CYCLE_0,0
"12 Months",1131,ON_TREATMENT,BASELINE,31104000
"D78",1131,ON_TREATMENT,BASELINE,6739200
"CYCLE4",1129,ON_TREATMENT,CYCLE_4,0
"SB",1125,,,
"D99",1124,ON_TREATMENT,BASELINE,8553600
"SARS-COV2 Vaccine 2nd Visit after Vaccination",1122,,,
"Step-up Dose 2",1120,ON_TREATMENT,,
"RT1 DAY1",1112,ON_TREATMENT,CYCLE_1,0
"Study Completion Early Discontinuation",1108,END_OF_TREATMENT,,
"Visit 10 Week 36",1108,ON_TREATMENT,BASELINE,21772800
"2nd Visit after Vaccination",1105,,,
"Cycle 14 Visit 1",1105,ON_TREATMENT,CYCLE_14,0
"VISIT 2",1103,ON_TREATMENT,,
"Cycle 29 Day 1",1102,ON_TREATMENT,CYCLE_29,0
"Follow Up Week 12 Day 84",1102,FOLLOW_UP,END_OF_TREATMENT,7257600
"D58",1101,ON_TREATMENT,BASELINE,5011200
"CAPCTDNAC1D1",1099,ON_TREATMENT,CYCLE_1,0
"TC/ET",1097,,,
"DAY 1 VISIT 3",1097,ON_TREATMENT,BASELINE,86400
"WEEK 76",1095,ON_TREATMENT,BASELINE,45964800
"CTCCAPW6",1093,ON_TREATMENT,BASELINE,3628800
"D10",1092,ON_TREATMENT,BASELINE,864000
"CLOSE-OUT VISIT",1091,,,
"WEEK 64",1090,ON_TREATMENT,BASELINE,38707200
"WK28",1090,ON_TREATMENT,BASELINE,16934400
"Week 49 Day 337",1090,ON_TREATMENT,BASELINE,29635200
"Day 16",1090,ON_TREATMENT,BASELINE,1382400
"Week 205",1088,ON_TREATMENT,BASELINE,123984000
"Week 10 Day 70",1085,ON_TREATMENT,BASELINE,6048000
"Run-in",1083,BASELINE,BASELINE,0
"120 Days Follow up",1081,FOLLOW_UP,,
"C1D8A",1079,ON_TREATMENT,CYCLE_1,604800
"DM14",1076,,,
"CAPCTDNAWTC",1073,,,
"Month 15 Follow Up",1071,FOLLOW_UP,END_OF_TREATMENT,38880000
"DAY182",1067,ON_TREATMENT,BASELINE,15724800
"LTE Dose 1 Day 1",1066,ON_TREATMENT,,
"Pre-Screening",1066,SCREENING,SCREENING,0
"OLE Week 16",1063,ON_TREATMENT,BASELINE,9676800
"Maintenance Treatment",1063,ON_TREATMENT,,
"MIBC Cycle 1 Day 1",1063,ON_TREATMENT,CYCLE_1,0
"DAY15MD",1062,ON_TREATMENT,BASELINE,1296000
"WEEK 36",1061,ON_TREATMENT,BASELINE,21772800
"BRAF Screening Test - Baseline",1060,SCREENING,SCREENING,0
"BASELINE PREDOSE",1060,BASELINE,BASELINE,0
"SCREEN VISIT",1058,SCREENING,SCREENING,0
"Day 50",1058,ON_TREATMENT,BASELINE,4320000
"Visit 11 Week 72",1053,ON_TREATMENT,BASELINE,43545600
"Cycle 22 Day 1",1051,ON_TREATMENT,CYCLE_22,0
"W364",1047,ON_TREATMENT,BASELINE,220147200
"Month 24",1045,ON_TREATMENT,BASELINE,62208000
"RETEST",1040,UNSCHEDULED,,
"Target Dose",1039,ON_TREATMENT,,
"Cycle 2 Day 5",1038,ON_TREATMENT,CYCLE_2,345600
"Pre-Surgery",1037,PROCEDURE,,
"MONTH2",1034,ON_TREATMENT,BASELINE,5184000
"W3",1034,ON_TREATMENT,BASELINE,1814400
"W49SC",1033,ON_TREATMENT,BASELINE,29635200
"Additional Cycle 2 Treatment Week 12 Post Day 1 Infusion",1033,ON_TREATMENT,BASELINE,7257600
"C4D15",1033,ON_TREATMENT,CYCLE_4,1209600
"Baselilne",1027,,,
"UNSCHURINE",1025,UNSCHEDULED,,
"DAY112",1023,ON_TREATMENT,BASELINE,9676800
"CYCLE1_DAY15",1019,ON_TREATMENT,CYCLE_1,1209600
"V14",1018,ON_TREATMENT,,
"Early Treatment Termination",1018,ON_TREATMENT,,
"Cycle 8 Day 21",1016,ON_TREATMENT,CYCLE_8,1728000
"C2D2",1016,ON_TREATMENT,CYCLE_2,86400
"WEEK 52 OR EARLY TERMINATION",1011,END_OF_TREATMENT,,
"Additional Cycle 1 Treatment Week 12 Post Day 1 Infusion",1007,ON_TREATMENT,BASELINE,7257600
"Implant Rand",1006,PROCEDURE,,
"Week 4 Day 22",1005,ON_TREATMENT,BASELINE,2419200
"W5IV",1003,ON_TREATMENT,BASELINE,3024000
"Study Completion / Early Termination",1003,END_OF_TREATMENT,,
"Step-up Dose 3",1001,ON_TREATMENT,,
"Basseline",999,,,
"Treatment/Study Completion",995,END_OF_TREATMENT,,
"CYSURG",994,,,
"EC1D1",993,ON_TREATMENT,CYCLE_1,0
"Biopsy Post Screen",993,PROCEDURE,,
"UNS",992,,,
"Day 1 Additional Treatment Cycle 3",992,ON_TREATMENT,BASELINE,86400
"Week 6",991,ON_TREATMENT,BASELINE,3628800
"C40D1",991,ON_TREATMENT,CYCLE_40,0
"Week 4 Visit 5",988,ON_TREATMENT,BASELINE,2419200
"Year 1",988,ON_TREATMENT,BASELINE,31536000
"Week 229",987,ON_TREATMENT,BASELINE,138499200
"Tx Discon",984,,,
"C2D1A",982,ON_TREATMENT,CYCLE_2,0
"Part 2 Day 6",980,,,
"Visit 14 Week 96",979,ON_TREATMENT,BASELINE,58060800
"DBT Week 84",974,ON_TREATMENT,BASELINE,50803200
"Visit 10 Week 60",974,ON_TREATMENT,BASELINE,36288000
"D61",973,ON_TREATMENT,BASELINE,5270400
"DAY 3",973,ON_TREATMENT,BASELINE,259200
"RT2 DAY1",970,ON_TREATMENT,CYCLE_2,0
"Ext Week 24 (Day 168)",970,ON_TREATMENT,BASELINE,14515200
"Donation Date",969,,,
"Visit 7 Week 36",968,ON_TREATMENT,BASELINE,21772800
"Tumor Biopsy",967,PROCEDURE,,
"12MONTH",967,ON_TREATMENT,BASELINE,31104000
"Visit 17 Week 120",963,ON_TREATMENT,BASELINE,72576000
"Tumor PD Arm A",963,,,
"DAY57MD",963,ON_TREATMENT,BASELINE,4924800
"DAY 134",963,ON_TREATMENT,BASELINE,11577600
"Week 37 Day 253",959,ON_TREATMENT,BASELINE,22377600
"Safety Follow-Up",959,FOLLOW_UP,,
"WEEK8",958,ON_TREATMENT,BASELINE,4838400
"Week 16 Visit 11",956,ON_TREATMENT,BASELINE,9676800
"PRETREATMENT (HISTOL",956,ON_TREATMENT,,
"Baseline (Day -1)",956,BASELINE,BASELINE,0
"End of Treatment Week 12 Day 84",956,END_OF_TREATMENT,,
"Day -28 to Day 1",955,ON_TREATMENT,BASELINE,2419200
"End of Cycle 18 (Weeks 54)",952,,,
"Cycle 56 Day 1",951,ON_TREATMENT,CYCLE_56,0
"DAY56_STAGE2",948,ON_TREATMENT,BASELINE,4838400
"120D",948,,,
"W13IV",948,ON_TREATMENT,BASELINE,7862400
"Adult Longitudinal",947,,,
"Week 7 Day 43",947,ON_TREATMENT,BASELINE,4233600
"CAPCTDNAW6",944,ON_TREATMENT,BASELINE,3628800
"CYCLE6_DAY1",944,ON_TREATMENT,CYCLE_6,0
"C4D8",944,ON_TREATMENT,CYCLE_4,604800
"Week 1 Day 5",943,ON_TREATMENT,BASELINE,604800
"DAY2",942,ON_TREATMENT,BASELINE,172800
"WK104",942,ON_TREATMENT,BASELINE,62899200
"Cohort D 2nd LP",941,,,
"RE_TX_DAY15",941,,,
"OLE Week 64",938,ON_TREATMENT,BASELINE,38707200
"Safety Follow Up/Week 12",937,FOLLOW_UP,END_OF_TREATMENT,7257600
"RESCEU_V2",937,,,
"WEEK 4 PREDOSE",937,ON_TREATMENT,BASELINE,2419200
"Week 265",937,ON_TREATMENT,BASELINE,160272000
"Progression of Disease",936,DISEASE_PROGRESSION,,
"V1 - Day 1",936,ON_TREATMENT,,
"Day 84",934,ON_TREATMENT,BASELINE,7257600
"Visit 7 Week 72",934,ON_TREATMENT,BASELINE,43545600
"V06",932,ON_TREATMENT,,
"Cycle 4 Day 2",930,ON_TREATMENT,CYCLE_4,86400
"WEEK16/ET",925,ON_TREATMENT,BASELINE,9676800
"Month 21 Follow Up",923,FOLLOW_UP,END_OF_TREATMENT,54432000
"DS_ET",923,,,
"RT3 DAY1",922,ON_TREATMENT,CYCLE_3,0
"V15",919,ON_TREATMENT,,
"Cycle 08 Day 01",918,ON_TREATMENT,CYCLE_8,0
"Cycle 1 Treatment Week 12 Post Day 1 Infusion",918,ON_TREATMENT,BASELINE,7257600
"Cycle 9 Day 29",917,ON_TREATMENT,CYCLE_9,2419200
"DAY0_STAGE2",917,ON_TREATMENT,BASELINE,0
"DAY8",915,ON_TREATMENT,BASELINE,691200
"Cohort C 2nd LP",914,,,
"SCR",914,SCREENING,SCREENING,0
"WEEK 17",912,ON_TREATMENT,BASELINE,10281600
"Week 68 Day 476",911,ON_TREATMENT,BASELINE,41126400
"CSF DROP OUT 1",911,,,
"Week 57",911,ON_TREATMENT,BASELINE,34473600
"RBR Samples",909,,,
"DAY36MD",908,ON_TREATMENT,BASELINE,3110400
"Visit 1 Week 0 Day 1",908,ON_TREATMENT,BASELINE,0
"W144",907,ON_TREATMENT,BASELINE,87091200
"WEEK 9",907,ON_TREATMENT,BASELINE,5443200
"W120",907,ON_TREATMENT,BASELINE,72576000
"MRE/Study Comp/Discontinuation",905,END_OF_TREATMENT,,
"DAY28_STAGE2",905,ON_TREATMENT,BASELINE,2419200
"SARS-COV2 Vaccine 1st Visit after Vaccination",901,,,
"M9",898,,,
"V2 - Day 28",897,ON_TREATMENT,,
"Week 1 Day 8",897,ON_TREATMENT,BASELINE,604800
"Visit 13 Week 84",897,ON_TREATMENT,BASELINE,50803200
"Week 12 (Day 1)",896,ON_TREATMENT,BASELINE,7257600
"D50",896,ON_TREATMENT,BASELINE,4320000
"Cohort B 2nd LP",894,,,
"AS",894,,,
"Ext Follow Up Week 28 (Day 196)",894,FOLLOW_UP,END_OF_TREATMENT,16934400
"C17D1",893,ON_TREATMENT,CYCLE_17,0
"ARCHIVAL TISSUE",893,ARCHIVAL,,
"Optional Fresh Biopsy",892,PROCEDURE,,
"SARS-COV2 Vaccine 3rd Visit after Vaccination",892,,,
"OLE Week 36",891,ON_TREATMENT,BASELINE,21772800
"DAY112_STAGE2",890,ON_TREATMENT,BASELINE,9676800
"Visit 5 Day 12",889,ON_TREATMENT,,
"RT 4 DAY 1",888,ON_TREATMENT,CYCLE_4,0
"C1D11",888,ON_TREATMENT,CYCLE_1,864000
"Week 181",886,ON_TREATMENT,BASELINE,109468800
"DAY 0",886,BASELINE,BASELINE,0
"C3D1A",884,ON_TREATMENT,CYCLE_3,0
"Treatment Disc",884,ON_TREATMENT,,
"CAPCTDNAW12",884,ON_TREATMENT,BASELINE,7257600
"Follow Up Week 48 Day 336",884,FOLLOW_UP,END_OF_TREATMENT,29030400
"Week 56 Day 392",883,ON_TREATMENT,BASELINE,33868800
"Tissue Collection MRD",882,ARCHIVAL,,
"DNA Substudy",882,,,
"Visit 12 Week 192",876,ON_TREATMENT,BASELINE,116121600
"Visit 1 Baseline",875,BASELINE,BASELINE,0
"Fw-up/Month 36",873,ON_TREATMENT,BASELINE,93312000
"Visit 4 Day 6",872,ON_TREATMENT,,
"Follow-Up 6 Months",866,FOLLOW_UP,,
"Week 16 Day 113",866,ON_TREATMENT,BASELINE,9676800
"W73IV",865,ON_TREATMENT,BASELINE,44150400
"D120",864,ON_TREATMENT,BASELINE,10368000
"W97",861,ON_TREATMENT,BASELINE,58665600
"On-Study Progression",861,DISEASE_PROGRESSION,,
"Cohort A 2nd LP",860,,,
"Follow Up Week 8 Day 56",859,FOLLOW_UP,END_OF_TREATMENT,4838400
"SCREENSIG",859,,,
"MAD Screen Visit 1",858,,,
"C1AD1",858,,,
"WEEK 40",857,ON_TREATMENT,BASELINE,24192000
"End of Cycle 21 (Weeks 63)",857,,,
"Drop-Out 1",857,,,
"DAY56",856,ON_TREATMENT,BASELINE,4838400
"FU WEEK 122",855,FOLLOW_UP,,
"CYCLE1_DAY2",854,ON_TREATMENT,CYCLE_1,86400
"Cycle 12, Day 1",852,ON_TREATMENT,CYCLE_12,0
"Day 19",850,ON_TREATMENT,BASELINE,1641600
"WEEK 104 EXT",847,ON_TREATMENT,BASELINE,62899200
"SCREENING 2",846,SCREENING,SCREENING,0
"WEEK 5",844,ON_TREATMENT,BASELINE,3024000
"Treatment Day 5",843,ON_TREATMENT,,
"FOLLOW-UP_DAY84",843,FOLLOW_UP,,
"Safety Follow Up Week 12",843,FOLLOW_UP,END_OF_TREATMENT,7257600
"WEEK 33",842,ON_TREATMENT,BASELINE,19958400
"Baseline Fresh",842,BASELINE,BASELINE,0
"Week 2 Day 8",841,ON_TREATMENT,BASELINE,1209600
"Follow Up Week 20 Day 140",841,FOLLOW_UP,END_OF_TREATMENT,12096000
"C2AD1",840,,,
"Baseline Archive",840,BASELINE,BASELINE,0
"Cycle 20 Day 1",839,ON_TREATMENT,CYCLE_20,0
"53 Week Safety Follow Up",837,FOLLOW_UP,,
"C8D1B",836,ON_TREATMENT,CYCLE_8,0
"8 WEEKS",834,,,
"TX_EARLY_WD",833,,,
"CTCCAPW12",832,ON_TREATMENT,BASELINE,7257600
"DAY252_STAGE2",831,ON_TREATMENT,BASELINE,21772800
"WEEK 20",830,ON_TREATMENT,BASELINE,12096000
"Cycle 1 Day 1 Dose Escalation",829,ON_TREATMENT,CYCLE_1,0
"DAY_1",827,ON_TREATMENT,BASELINE,86400
"CAPCTDNAW18",827,ON_TREATMENT,BASELINE,10886400
"COC1D1",827,ON_TREATMENT,CYCLE_1,0
"OLE Week 52",827,ON_TREATMENT,BASELINE,31449600
"D42",826,ON_TREATMENT,BASELINE,3628800
"Period 3 Day 1",825,ON_TREATMENT,,
"DAY84_STAGE2",823,ON_TREATMENT,BASELINE,7257600
"DBT Week 108",823,ON_TREATMENT,BASELINE,65318400
"Ext Early Termination",823,END_OF_TREATMENT,,
"DAY168_STAGE2",822,ON_TREATMENT,BASELINE,14515200
"YEAR3",821,ON_TREATMENT,BASELINE,94608000
"OSE Visit 8 Week 12",820,ON_TREATMENT,BASELINE,7257600
"Surveillance 2",820,,,
"WEEK 84",820,ON_TREATMENT,BASELINE,50803200
"3rd Visit after Vaccination",819,,,
"Unscheduled or Retest",818,UNSCHEDULED,,
"Visit 7 Day 28",817,ON_TREATMENT,,
"At time of Progression or End of Therapy",811,DISEASE_PROGRESSION,,
"Screening Day -28 to -1",811,SCREENING,SCREENING,0
"W5SC",807,ON_TREATMENT,BASELINE,3024000
"LTE Dose 2 Day 1",806,ON_TREATMENT,,
"Week 8 Visit 7",805,ON_TREATMENT,BASELINE,4838400
"Month 27 Follow Up",802,FOLLOW_UP,END_OF_TREATMENT,69984000
"C1D15A",801,ON_TREATMENT,CYCLE_1,1209600
"Monitoring Day 7",801,,,
"P2B Day 1",801,,,
"DAY224_STAGE2",799,ON_TREATMENT,BASELINE,19353600
"WDRW",798,,,
"C1D18",795,ON_TREATMENT,CYCLE_1,1468800
"Baseline Day -9 to -",795,BASELINE,BASELINE,0
"B-Cell Follow Up",795,FOLLOW_UP,,
"COC1D22",794,ON_TREATMENT,CYCLE_1,1814400
"WD",794,,,
"OSE Visit 4 Week 4",794,ON_TREATMENT,BASELINE,2419200
"W76",793,ON_TREATMENT,BASELINE,45964800
"DAY0",790,ON_TREATMENT,BASELINE,0
"DAY 28",789,ON_TREATMENT,BASELINE,2419200
"C1D17",786,ON_TREATMENT,CYCLE_1,1382400
"OSE Visit 6 Week 8",786,ON_TREATMENT,BASELINE,4838400
"D74",784,ON_TREATMENT,BASELINE,6393600
"Bronchoscopy Day 22",783,PROCEDURE,,
"Visit 14 Day 104",781,ON_TREATMENT,,
"WEEK 25",781,ON_TREATMENT,BASELINE,15120000
"Day 225",780,ON_TREATMENT,BASELINE,19440000
"Study Completion or Early Termination",779,END_OF_TREATMENT,,
"A/B SCREEN",778,,,
"Implant Month 9",778,PROCEDURE,,
"DNA REP",777,,,
"OLRT1",777,,,
"W13SC",776,ON_TREATMENT,BASELINE,7862400
"OL Day 1 RT3D1",776,,,
"V-1",774,,,
"DBT Week 132",773,ON_TREATMENT,BASELINE,79833600
"DAY63_STAGE2",772,ON_TREATMENT,BASELINE,5443200
"Cycle 2 Treatment Week 12 Post Day 1 Infusion",770,ON_TREATMENT,BASELINE,7257600
"End of Treatment/Early Term",769,END_OF_TREATMENT,,
"COC2D1",768,ON_TREATMENT,CYCLE_2,0
"Week 253",768,ON_TREATMENT,BASELINE,153014400
"WEEK 50",768,ON_TREATMENT,BASELINE,30240000
"Day 90",767,ON_TREATMENT,BASELINE,7776000
"Day 7 +/- 3",767,ON_TREATMENT,BASELINE,604800
"C48D1",766,ON_TREATMENT,CYCLE_48,0
"Randomization / Visit 1",764,BASELINE,BASELINE,0
"C14D1",764,ON_TREATMENT,CYCLE_14,0
"Week 64 Day 448",763,ON_TREATMENT,BASELINE,38707200
"Day 8 Part 5",762,ON_TREATMENT,BASELINE,691200
"C5W12OLEVF",762,ON_TREATMENT,BASELINE,7257600
"Follow Up Week 4 Day 28",758,FOLLOW_UP,END_OF_TREATMENT,2419200
"Day 281",757,ON_TREATMENT,BASELINE,24278400
"Visit 49 Week 430",757,ON_TREATMENT,BASELINE,260064000
"Visit 7 Day 2",754,ON_TREATMENT,,
"WK50V16",753,ON_TREATMENT,BASELINE,30240000
"DBT Week 156",752,ON_TREATMENT,BASELINE,94348800
"On Treatment Biopsy",748,PROCEDURE,,
"Month 0",746,ON_TREATMENT,BASELINE,0
"Treatment Day 3",746,ON_TREATMENT,,
"Cycle 1 Day 7",746,ON_TREATMENT,CYCLE_1,518400
"W14",745,ON_TREATMENT,BASELINE,8467200
"Visit2",742,ON_TREATMENT,,
"D1ADDTC02",742,ON_TREATMENT,BASELINE,86400
"D1OLEC04",741,ON_TREATMENT,BASELINE,86400
"MAD Visit 4 Day 8",740,,,
"W18",739,ON_TREATMENT,BASELINE,10886400
"Visit 2 Week 0",737,ON_TREATMENT,BASELINE,0
"DAY224",737,ON_TREATMENT,BASELINE,19353600
"End of Cycle 24 (Weeks 72)",735,,,
"Week 60 Day 420",733,ON_TREATMENT,BASELINE,36288000
"Withdrawal",732,END_OF_TREATMENT,,
"LTE Dose 3 Day 1",732,ON_TREATMENT,,
"Treatment Completion / Early Termination",731,END_OF_TREATMENT,,
"WK 8 RE-TRT IN",731,ON_TREATMENT,BASELINE,4838400
"C4W12OLEVF",730,ON_TREATMENT,BASELINE,7257600
"Study Completion/ Early Termination/ Follow Up",729,END_OF_TREATMENT,,
"Visit 10 Day 52",729,ON_TREATMENT,,
"WEEK2",724,ON_TREATMENT,BASELINE,1209600
"VISIT2",723,ON_TREATMENT,,
"CAPCTDNAW24",723,ON_TREATMENT,BASELINE,14515200
"SARS-COV2 Vaccine",723,,,
"CYCLE 6 DAY 1",722,ON_TREATMENT,CYCLE_6,0
"Cycle 8 Week 12",722,ON_TREATMENT,BASELINE,7257600
"W21",721,ON_TREATMENT,BASELINE,12700800
"DS",721,,,
"WEEK 41",720,ON_TREATMENT,BASELINE,24796800
"WEEK 74",719,ON_TREATMENT,BASELINE,44755200
"W22",718,ON_TREATMENT,BASELINE,13305600
"Cycle 1 Day 8 Dose Escalation",718,ON_TREATMENT,CYCLE_1,604800
"FU WEEK 48",715,FOLLOW_UP,,
"Week 26 Day 182",714,ON_TREATMENT,BASELINE,15724800
"OLE Week 76",714,ON_TREATMENT,BASELINE,45964800
"Day 20",713,ON_TREATMENT,BASELINE,1728000
"CYCLE1_DAY0",712,ON_TREATMENT,CYCLE_1,-86400
"Day 337",712,ON_TREATMENT,BASELINE,29116800
"Visit 1 - M0",711,ON_TREATMENT,,
"W23",711,ON_TREATMENT,BASELINE,13910400
"Part 1 Period 1 Day 1",710,,,
"Cycle 1 Day 29",710,ON_TREATMENT,CYCLE_1,2419200
"Week 44 Day 309",709,ON_TREATMENT,BASELINE,26611200
"Visit 1 Screening",707,SCREENING,SCREENING,0
"120 Days Post Atezoilzumab",706,,,
"DAY140",706,ON_TREATMENT,BASELINE,12096000
"W3SC",705,ON_TREATMENT,BASELINE,1814400
"Week 14 Day 98",704,ON_TREATMENT,BASELINE,8467200
"D1PB",704,ON_TREATMENT,BASELINE,86400
"OSE Visit 11 Week 24",704,ON_TREATMENT,BASELINE,14515200
"P2B Day 15",704,,,
"WK84",701,ON_TREATMENT,BASELINE,50803200
"OSE SFU Visit 18 Week 56/ET",700,ON_TREATMENT,BASELINE,33868800
"C3D15",700,ON_TREATMENT,CYCLE_3,1209600
"Cycle 25 Day 1",696,ON_TREATMENT,CYCLE_25,0
"C9W12OLEVF",696,ON_TREATMENT,BASELINE,7257600
"Cycle 5 Day 2",695,ON_TREATMENT,CYCLE_5,86400
"C6W12OLEVF",694,ON_TREATMENT,BASELINE,7257600
"End of Cycle 27 (Weeks 81)",693,,,
"V03",692,ON_TREATMENT,,
"Cycle 7 Week 12",691,ON_TREATMENT,BASELINE,7257600
"DBT Week 180",690,ON_TREATMENT,BASELINE,108864000
"COC2D22",689,ON_TREATMENT,CYCLE_2,1814400
"P2A Day 1",689,,,
"Cycle 8, Day 1",688,ON_TREATMENT,CYCLE_8,0
"Early Termination Visit",686,END_OF_TREATMENT,,
"Visit 12 Day 78",685,ON_TREATMENT,,
"Part 2 Day 7",685,,,
"Day 393",684,ON_TREATMENT,BASELINE,33955200
"WGS",684,,,
"16 WEEKS",684,,,
"24 WEEKS",683,,,
"WEEK 78",682,ON_TREATMENT,BASELINE,47174400
"EXTFU1 / DROP-OUT 1",682,,,
"WEEK 104",682,ON_TREATMENT,BASELINE,62899200
"Period 1  Day 1",681,ON_TREATMENT,,
"Week 40 Day 281",680,ON_TREATMENT,BASELINE,24192000
"C 1 D 1",678,,,
"W19",678,ON_TREATMENT,BASELINE,11491200
"Week 33 Day 225",677,ON_TREATMENT,BASELINE,19958400
"CYCLE3_DAY30",676,ON_TREATMENT,CYCLE_3,2505600
"Day 120",676,ON_TREATMENT,BASELINE,10368000
"Cycle 23 Day 1",674,ON_TREATMENT,CYCLE_23,0
"W15",673,ON_TREATMENT,BASELINE,9072000
"SCREENREC",673,,,
"WEEK 60",672,ON_TREATMENT,BASELINE,36288000
"Week 12 or EOT",672,ON_TREATMENT,BASELINE,7257600
"DAY36",671,ON_TREATMENT,BASELINE,3110400
"YEAR4",671,ON_TREATMENT,BASELINE,126144000
"4 Weeks Post Safety Follow-Up",668,FOLLOW_UP,,
"SCRN1",668,SCREENING,SCREENING,0
"CONCURRENT3",668,,,
"C4D1A",667,ON_TREATMENT,CYCLE_4,0
"Additional Tissue",667,,,
"Cycle 1 Day 2-4",666,ON_TREATMENT,CYCLE_1,86400
"Week 12 Part 5",666,ON_TREATMENT,BASELINE,7257600
"CONCURRENT5",662,,,
"Year 2",660,ON_TREATMENT,BASELINE,63072000
"Week 24 Day 1",659,ON_TREATMENT,BASELINE,14515200
"RT4 DAY1",657,ON_TREATMENT,CYCLE_4,0
"CYCLE 9 DAY 1",657,ON_TREATMENT,CYCLE_9,0
"M2",655,,,
"DAY1MD",655,ON_TREATMENT,BASELINE,86400
"WK 24 RE-TRT IN",653,ON_TREATMENT,BASELINE,14515200
"Prior to Cycle 7",653,,,
"Archival Screening",651,SCREENING,SCREENING,0
"C1D1 PREDOSE",650,ON_TREATMENT,CYCLE_1,0
"SERUM 1RSRCH008",650,,,
"ENROLLMENT",646,BASELINE,BASELINE,0
"C1D22B",646,ON_TREATMENT,CYCLE_1,1814400
"Day 127",644,ON_TREATMENT,BASELINE,10972800
"First Tumor Assessment",644,,,
"Visit 8 Week 14 Day 99",643,ON_TREATMENT,BASELINE,8467200
"Cycle 1  Day 1",641,ON_TREATMENT,CYCLE_1,0
"Study Completion/ET",639,END_OF_TREATMENT,,
"WK32",637,ON_TREATMENT,BASELINE,19353600
"Week 36: Pre",637,ON_TREATMENT,BASELINE,21772800
"UV",637,,,
"W73SC",636,ON_TREATMENT,BASELINE,44150400
"DAY280",636,ON_TREATMENT,BASELINE,24192000
"Fresh",636,,,
"W4PB",634,ON_TREATMENT,BASELINE,2419200
"Post Mannitol Challenge Urine",632,,,
"W60",631,ON_TREATMENT,BASELINE,36288000
"Week 24: Pre",631,ON_TREATMENT,BASELINE,14515200
"During Treatment",629,ON_TREATMENT,,
"Cycle 1 Day 18",629,ON_TREATMENT,CYCLE_1,1468800
"Retreatment",625,ON_TREATMENT,,
"Bridging Dose Day 224",625,ON_TREATMENT,,
"TXDC",625,,,
"End of Study / Early Termination",624,END_OF_TREATMENT,,
"Cycle 2 Day 12",623,ON_TREATMENT,CYCLE_2,950400
"WK 24 RE-TRT 2",623,ON_TREATMENT,BASELINE,14515200
"Q16W Week 97",622,ON_TREATMENT,BASELINE,58665600
"Treatment Day",622,ON_TREATMENT,,
"12 WK FOLLOW UP",619,FOLLOW_UP,,
"Cycle 27 Day 1",617,ON_TREATMENT,CYCLE_27,0
"Q8W Week 129",616,ON_TREATMENT,BASELINE,78019200
"Week 11",616,ON_TREATMENT,BASELINE,6652800
"Month 30 Follow Up",614,FOLLOW_UP,END_OF_TREATMENT,77760000
"MONTH02",612,ON_TREATMENT,BASELINE,5184000
"D92",611,ON_TREATMENT,BASELINE,7948800
"C4AD1",610,,,
"LTE Dose 4 Day 1",610,ON_TREATMENT,,
"C3AD1",610,,,
"Period 4",610,ON_TREATMENT,,
"Visit 2 Week 14",609,ON_TREATMENT,BASELINE,8467200
"CYCLE 12 DAY 1",609,ON_TREATMENT,CYCLE_12,0
"MONTH 1",609,ON_TREATMENT,BASELINE,2592000
"Every 12 WeeksW60",608,ON_TREATMENT,BASELINE,36288000
"P1 Day 85",608,,,
"MIBC Cycle 2 Day 1",608,ON_TREATMENT,CYCLE_2,0
"Visit 5 Week 8 Day 57",606,ON_TREATMENT,BASELINE,4838400
"Follow up Completion of Combination Therapy",605,FOLLOW_UP,,
"P2B Day 29",604,,,
"Week 3 Day 22",603,ON_TREATMENT,BASELINE,1814400
"WEEK 120",603,ON_TREATMENT,BASELINE,72576000
"Visit 13 Week 48",603,ON_TREATMENT,BASELINE,29030400
"W84",602,ON_TREATMENT,BASELINE,50803200
"FU WEEK 36",601,FOLLOW_UP,,
"MAINTENANCE1",601,,,
"Every 12 WeeksW84",601,ON_TREATMENT,BASELINE,50803200
"D12",601,ON_TREATMENT,BASELINE,1036800
"DAY85",601,ON_TREATMENT,BASELINE,7344000
"C1 Day 4",601,ON_TREATMENT,CYCLE_1,259200
"D1ADDTC03",600,ON_TREATMENT,BASELINE,86400
"PK/PD Substudy Week 2,4,20",600,ON_TREATMENT,BASELINE,1209600
"Prior to Dopa Tx",600,,,
"C1A",597,,,
"Tumor PD Arm B",597,,,
"3 Months Follow Up",595,FOLLOW_UP,,
"Day 45",595,ON_TREATMENT,BASELINE,3888000
"C5D1 PREDOSE",594,ON_TREATMENT,CYCLE_5,0
"Pre-Treatment Baseline",594,BASELINE,BASELINE,0
"W388",593,ON_TREATMENT,BASELINE,234662400
"Baseline (<=90d prior to C1D1)",593,BASELINE,BASELINE,0
"Week 29 Day 197",593,ON_TREATMENT,BASELINE,17539200
"Cycle 5 Day 8",592,ON_TREATMENT,CYCLE_5,604800
"BMA/WB ASSESSMENTS",590,,,
"WK 8 RE-TRT 2",589,ON_TREATMENT,BASELINE,4838400
"Not specified",588,NOT_SPECIFIED,,
"Cycle 1 Day 6",586,ON_TREATMENT,CYCLE_1,432000
"Cycle 1 Days 29-42",585,,,
"Additional Cycle 3 Treatment Week 12 Post Day 1 Infusion",585,ON_TREATMENT,BASELINE,7257600
"W8PB",584,ON_TREATMENT,BASELINE,4838400
"DAY 56",584,ON_TREATMENT,BASELINE,4838400
"W2PB",583,ON_TREATMENT,BASELINE,1209600
"Cycle 1 2 3 4 5",583,,,
"WEEK60",582,ON_TREATMENT,BASELINE,36288000
"Year 3",581,ON_TREATMENT,BASELINE,94608000
"Visit 21",580,ON_TREATMENT,,
"CTCCAPW18",580,ON_TREATMENT,BASELINE,10886400
"WEEK20",579,ON_TREATMENT,BASELINE,12096000
"FOLLOW-UP DAY 28",578,FOLLOW_UP,,
"Safety Follow-Up Week 12",578,FOLLOW_UP,END_OF_TREATMENT,7257600
"STUDY COMP/ET",578,,,
"Q16W Week 113",576,ON_TREATMENT,BASELINE,68342400
"Cycle 4 Day 2-4",575,ON_TREATMENT,CYCLE_4,86400
"Visit 23",574,ON_TREATMENT,,
"WK 24 RE-TRT 3",574,ON_TREATMENT,BASELINE,14515200
"SUBSTUDY WK11",573,ON_TREATMENT,BASELINE,6652800
"End of Cycle 30 (Weeks 90)",573,,,
"Pre Treatment",571,ON_TREATMENT,,
"W9",571,ON_TREATMENT,BASELINE,5443200
"MAINTENANCE3",571,,,
"CONCURRENT1",570,,,
"90 Days After Last Dose of Atezolizumab",570,ON_TREATMENT,,
"C1 Day 2",569,ON_TREATMENT,CYCLE_1,86400
"OPTIONAL SERUM ARCHIVE",567,ARCHIVAL,,
"Visit 2 Week 2 Day 15",566,ON_TREATMENT,BASELINE,1209600
"MONTH18",566,ON_TREATMENT,BASELINE,46656000
"DAY1SD",565,ON_TREATMENT,BASELINE,86400
"DAY57",564,ON_TREATMENT,BASELINE,4924800
"At any time",563,UNSCHEDULED,,
"Cycle 1 Day 1 Additional PK",563,ON_TREATMENT,CYCLE_1,0
"CAPCTDNAW30",559,ON_TREATMENT,BASELINE,18144000
"Biomarker ARIA",559,,,
"Fw-up/Month 48",559,ON_TREATMENT,BASELINE,124416000
"Docetaxel C3&4 D1",559,,,
"Retest/Unscheduled",559,UNSCHEDULED,,
"FU Day 29",558,FOLLOW_UP,,
"DAY 78",557,ON_TREATMENT,BASELINE,6739200
"Follow-Up 3 Months",556,FOLLOW_UP,,
"Cycle 64 Day 1",555,ON_TREATMENT,CYCLE_64,0
"Final Visit Week 28 Day 196",552,ON_TREATMENT,BASELINE,16934400
"Predose",550,ON_TREATMENT,,
"Day -7",550,ON_TREATMENT,BASELINE,604800
"Safety Follow-Up Visit 1",547,FOLLOW_UP,,
"C7D1 PREDOSE",546,ON_TREATMENT,CYCLE_7,0
"Cycle 3 Day 1 D",546,ON_TREATMENT,CYCLE_3,0
"Screening (Visit 1)",545,SCREENING,SCREENING,0
"Week 72 Day 504",545,ON_TREATMENT,BASELINE,43545600
"Implant Month 4",544,PROCEDURE,,
"Study Treatment Comp/Early Term",543,ON_TREATMENT,,
"8 Weeks Post Follow-Up",543,FOLLOW_UP,,
"SCR-B",542,SCREENING,SCREENING,0
"C2D1 PREDOSE",542,ON_TREATMENT,CYCLE_2,0
"W12PB",542,ON_TREATMENT,BASELINE,7257600
"P1 Day 29",541,,,
"Screening Archival",541,SCREENING,SCREENING,0
"MAD Visit 10 Day 64",540,,,
"Week 1 Predose",537,ON_TREATMENT,BASELINE,604800
"C1 Day 3",536,ON_TREATMENT,CYCLE_1,172800
"DAY22",535,ON_TREATMENT,BASELINE,1900800
"Safety Follow Up Visit 8",534,FOLLOW_UP,,
"MAD Visit 7 Day 36",532,,,
"Week 48 Day 336 End of Study",532,END_OF_TREATMENT,,
"W11",532,ON_TREATMENT,BASELINE,6652800
"W18PB",530,ON_TREATMENT,BASELINE,10886400
"C1D1 MIBC Cohorts",530,ON_TREATMENT,CYCLE_1,0
"Cycle 28 Day 1",529,ON_TREATMENT,CYCLE_28,0
"Week 20 Part 5",529,ON_TREATMENT,BASELINE,12096000
"MAINTENANCE5",529,,,
"Cycle 35 Day 1",528,ON_TREATMENT,CYCLE_35,0
"Week 0 Baseline Double Blind Period",528,BASELINE,BASELINE,0
"Week 24 Visit 13",527,ON_TREATMENT,BASELINE,14515200
"32 WEEKS",527,,,
"Week 4 Day 2",527,ON_TREATMENT,BASELINE,2419200
"01",527,,,
"Week 12: Pre",527,ON_TREATMENT,BASELINE,7257600
"Unscheduled 1",527,UNSCHEDULED,,
"6-MONTH",526,ON_TREATMENT,BASELINE,15552000
"WEEK3",526,ON_TREATMENT,BASELINE,1814400
"CYCLE7_DAY1",526,ON_TREATMENT,CYCLE_7,0
"Screening Day -56",525,SCREENING,SCREENING,0
"EXT WEEK 12",524,ON_TREATMENT,BASELINE,7257600
"FOLLOW-UP DAY 7",524,FOLLOW_UP,,
"Cycle 1 Day 1 or Later",523,ON_TREATMENT,CYCLE_1,0
"CYCLE 15 DAY 1",522,ON_TREATMENT,CYCLE_15,0
"DAY30SIG",521,ON_TREATMENT,BASELINE,2592000
"OLE Week 104",521,ON_TREATMENT,BASELINE,62899200
"FU Visit W52 V5",520,FOLLOW_UP,,
"TREATMENT END",520,ON_TREATMENT,,
"Safety Follow-Up Visit 2",519,FOLLOW_UP,,
"Safety Follow-Up Week 24",519,FOLLOW_UP,END_OF_TREATMENT,14515200
"W7",518,ON_TREATMENT,BASELINE,4233600
"WK40",517,ON_TREATMENT,BASELINE,24192000
"C18D1",516,ON_TREATMENT,CYCLE_18,0
"Archival tissue biopsy",516,ARCHIVAL,,
"Pretreatment Day -13",515,ON_TREATMENT,,
"Day -36",514,ON_TREATMENT,BASELINE,3110400
"WEEK32",514,ON_TREATMENT,BASELINE,19353600
"Optional DNA Repository Sub-study",513,,,
"W16PB",513,ON_TREATMENT,BASELINE,9676800
"C1D1DE",511,ON_TREATMENT,CYCLE_1,0
"End of Cycle 33 (Weeks 99)",511,,,
"Surveillance 5",510,,,
"12-MONTH",510,ON_TREATMENT,BASELINE,31104000
"Mandatory Fresh Biop",508,,,
"V05",508,ON_TREATMENT,,
"Screening Visit",507,SCREENING,SCREENING,0
"Cycle 2 Day 3",507,ON_TREATMENT,CYCLE_2,172800
"Visit 25",506,ON_TREATMENT,,
"Discontinuation of Treatment",506,END_OF_TREATMENT,,
"Pre-Screening Tissue Sample Collection",505,SCREENING,SCREENING,0
"Safety Follow-Up Visit 3",505,FOLLOW_UP,,
"WEEK28",504,ON_TREATMENT,BASELINE,16934400
"FU Visit W104 V9",503,FOLLOW_UP,,
"Week 6 Day 43",503,ON_TREATMENT,BASELINE,3628800
"FU Day 120",501,FOLLOW_UP,,
"Week 12 (Day 84)",501,ON_TREATMENT,BASELINE,7257600
"C2 Day 1",501,ON_TREATMENT,CYCLE_2,0
"SCNBX",500,,,
"Cycle 31 Day 1",499,ON_TREATMENT,CYCLE_31,0
"W37IV",498,ON_TREATMENT,BASELINE,22377600
"P2A Day 29",498,,,
"WK 48 RE-TRT IN",496,ON_TREATMENT,BASELINE,29030400
"Post Enrollment",496,BASELINE,BASELINE,0
"Tumor Assessment Weeks",496,,,
"ARM B/F/G C1D1",496,ON_TREATMENT,CYCLE_1,0
"Cycle 2 Day 1 Dose Escalation",495,ON_TREATMENT,CYCLE_2,0
"V2-MAIN",494,ON_TREATMENT,,
"Biopsy Post Screen Week 14",494,PROCEDURE,,
"C56D1",494,ON_TREATMENT,CYCLE_56,0
"Visit 57",494,ON_TREATMENT,,
"Cycle 1 Day 28",492,ON_TREATMENT,CYCLE_1,2332800
"Study Completion or Discontinuation",490,END_OF_TREATMENT,,
"FU Day 85",489,FOLLOW_UP,,
"2NDLINE",489,,,
"DAY85MD",488,ON_TREATMENT,BASELINE,7344000
"DAY308",487,ON_TREATMENT,BASELINE,26611200
"TP2",485,,,
"C1D14",485,ON_TREATMENT,CYCLE_1,1123200
"Prior to Start of Dopaminergic Week 52",483,ON_TREATMENT,BASELINE,31449600
"V08",483,ON_TREATMENT,,
"P1 Day 15",483,,,
"WEEK 57",482,ON_TREATMENT,BASELINE,34473600
"OL Study Ext Every 12 Weeks W60",481,ON_TREATMENT,BASELINE,36288000
"Week 106",481,ON_TREATMENT,BASELINE,64108800
"V1-MAIN",480,ON_TREATMENT,,
"CSF Collection",480,,,
"Treatment Cycle 4 Day 1",480,ON_TREATMENT,CYCLE_4,0
"Day 106",478,ON_TREATMENT,BASELINE,9158400
"C1D29",478,ON_TREATMENT,CYCLE_1,2419200
"Day 0 PRE OP",478,ON_TREATMENT,BASELINE,0
"201",478,,,
"Post Transplant Week 0",477,ON_TREATMENT,BASELINE,0
"Fw-up/Month 60",477,ON_TREATMENT,BASELINE,155520000
"Week 19 Day 127",477,ON_TREATMENT,BASELINE,11491200
"Year 2 Week 104",477,ON_TREATMENT,BASELINE,62899200
"ADDC2",476,,,
"OBSERVATION",475,,,
"CYCLE8_DAY1",474,ON_TREATMENT,CYCLE_8,0
"W10",473,ON_TREATMENT,BASELINE,6048000
"Week 15",472,ON_TREATMENT,BASELINE,9072000
"MONTH3",472,ON_TREATMENT,BASELINE,7776000
"Visit 7 Week 12 Day 85",472,ON_TREATMENT,BASELINE,7257600
"CYCLE1_DAY3",471,ON_TREATMENT,CYCLE_1,172800
"OPTVISY",470,,,
"WK 48 RE-TRT 2",470,ON_TREATMENT,BASELINE,29030400
"C2 Day 4",470,ON_TREATMENT,CYCLE_2,259200
"Resection",469,PROCEDURE,,
"P2B Day 85 Follow Up",469,FOLLOW_UP,,
"Period 2  Day 1",469,ON_TREATMENT,,
"Day 99",467,ON_TREATMENT,BASELINE,8553600
"6MONTH",467,ON_TREATMENT,BASELINE,15552000
"P2B Day 22",466,,,
"SC/ET",466,,,
"Week 4: Pre",465,ON_TREATMENT,BASELINE,2419200
"WEEK 28",465,ON_TREATMENT,BASELINE,16934400
"Visit 15 Week 144",465,ON_TREATMENT,BASELINE,87091200
"OLE Week 72",464,ON_TREATMENT,BASELINE,43545600
"CYCLE2_DAY8",464,ON_TREATMENT,CYCLE_2,604800
"CYCLE5",464,ON_TREATMENT,CYCLE_5,0
"OL Study Ext Every 12 Weeks W84",463,ON_TREATMENT,BASELINE,50803200
"P2A Day 113 Follow U",463,,,
"P2B Day 8",463,,,
"WK 24 RE-TRT 4",462,ON_TREATMENT,BASELINE,14515200
"OLE Week 156",462,ON_TREATMENT,BASELINE,94348800
"CSF FOLLOW-UP 1 WK104",461,FOLLOW_UP,END_OF_TREATMENT,62899200
"DAY 1 RE-TRT 4",461,ON_TREATMENT,BASELINE,86400
"Safety Follow Up Week 36",460,FOLLOW_UP,END_OF_TREATMENT,21772800
"Week 52 / EOT",459,ON_TREATMENT,BASELINE,31449600
"Follow-up Day 140",458,FOLLOW_UP,,
"Visit 27",458,ON_TREATMENT,,
"P1 Day 2",458,,,
"Cycle 4 Day 1 D",457,ON_TREATMENT,CYCLE_4,0
"CYCLE 18 DAY 1",457,ON_TREATMENT,CYCLE_18,0
"C120DAYS",457,,,
"Day 1: Pre",456,ON_TREATMENT,BASELINE,86400
"OLRT2",456,,,
"W3SRISC",455,ON_TREATMENT,BASELINE,1814400
"CYCLE6",453,ON_TREATMENT,CYCLE_6,0
"BO16348",452,,,
"Cycle 1 Day 8 and Day 15",452,ON_TREATMENT,CYCLE_1,604800
"Visit 6 / End of Treatment",452,END_OF_TREATMENT,,
"OLE Week 53",451,ON_TREATMENT,BASELINE,32054400
"P2B Day 57 Follow Up",450,FOLLOW_UP,,
"18MONTH",449,ON_TREATMENT,BASELINE,46656000
"Cycle 2 Day 21",448,ON_TREATMENT,CYCLE_2,1728000
"Unscheduled / Retest",448,UNSCHEDULED,,
"C19D1",448,ON_TREATMENT,CYCLE_19,0
"Visit 16",448,ON_TREATMENT,,
"C3W12OLEVF",447,ON_TREATMENT,BASELINE,7257600
"Visit 55",446,ON_TREATMENT,,
"C1D1F",444,ON_TREATMENT,CYCLE_1,0
"Cycle 4 Day 15",442,ON_TREATMENT,CYCLE_4,1209600
"C1 Day 8",442,ON_TREATMENT,CYCLE_1,604800
"P2A Day 85 Follow Up",441,FOLLOW_UP,,
"Pre Screening",441,SCREENING,SCREENING,0
"WEEK 49",441,ON_TREATMENT,BASELINE,29635200
"Unscheduled or Retest ARIA",440,UNSCHEDULED,,
"WEEK 18",439,ON_TREATMENT,BASELINE,10886400
"Period 1 Day 2",439,ON_TREATMENT,,
"Week 180",437,ON_TREATMENT,BASELINE,108864000
"Week 12 Part 4",437,ON_TREATMENT,BASELINE,7257600
"DAY 106",437,ON_TREATMENT,BASELINE,9158400
"W53B",436,ON_TREATMENT,BASELINE,32054400
"W61IV",436,ON_TREATMENT,BASELINE,36892800
"Treatment Discontinu",435,ON_TREATMENT,,
"Visit 0",435,ON_TREATMENT,,
"P2A Day 57 Follow Up",434,FOLLOW_UP,,
"C3D1OLEVF",433,ON_TREATMENT,CYCLE_3,0
"LTE Dose 5 Day 1",433,ON_TREATMENT,,
"WEEK40",433,ON_TREATMENT,BASELINE,24192000
"Visit 13 Week 120",433,ON_TREATMENT,BASELINE,72576000
"RESCEU_Vex1",432,,,
"CYC1_D1",431,ON_TREATMENT,CYCLE_1,0
"P2 Day 1",430,,,
"Cycle 3 Day 3",430,ON_TREATMENT,CYCLE_3,172800
"Visit 3 - FU or EOS",429,ON_TREATMENT,,
"End of Treatment or Early Discontinuation",429,END_OF_TREATMENT,,
"18-MONTH",429,ON_TREATMENT,BASELINE,46656000
"PART 2 Day -1",429,,,
"C1D15S1",429,ON_TREATMENT,CYCLE_1,1209600
"Cycle 16 Visit 2",428,ON_TREATMENT,CYCLE_16,0
"ET/ED",427,,,
"Month 28",427,ON_TREATMENT,BASELINE,72576000
"Surgical Resection",427,PROCEDURE,,
"Week 240",425,ON_TREATMENT,BASELINE,145152000
"Treatment Cycle 8 Day 1",424,ON_TREATMENT,CYCLE_8,0
"40 WEEKS",424,,,
"Cycle 1 Day 1 (Phase 1b)",423,ON_TREATMENT,CYCLE_1,0
"MONTH 3",423,ON_TREATMENT,BASELINE,7776000
"CYCLE1_DAY5",420,ON_TREATMENT,CYCLE_1,345600
"CYCLE 1/DAY 1",420,ON_TREATMENT,CYCLE_1,0
"CAPCTDNAW36",420,ON_TREATMENT,BASELINE,21772800
"Week 20 Part 4",420,ON_TREATMENT,BASELINE,12096000
"Visit 29",420,ON_TREATMENT,,
"Visit 59",419,ON_TREATMENT,,
"Visit 33",418,ON_TREATMENT,,
"Visit 43",418,ON_TREATMENT,,
"P2B Day 113 Follow U",418,,,
"MONTH9",417,ON_TREATMENT,BASELINE,23328000
"Surrogate",417,,,
"Every 12 Weeks W108",416,ON_TREATMENT,BASELINE,65318400
"Visit 2 - FU",416,ON_TREATMENT,,
"Follow-up",414,FOLLOW_UP,,
"OL Week 48 / Early Termination",414,END_OF_TREATMENT,,
"Study Completion ET",414,END_OF_TREATMENT,,
"Safety Follow-Up Visit 4",414,FOLLOW_UP,,
"MIBC Cycle 4 Day 1",414,ON_TREATMENT,CYCLE_4,0
"OL Day 1 RT4D1",414,,,
"OPTVISZ",413,,,
"Withdrawal Open Label Extension",413,END_OF_TREATMENT,,
"ETB",411,,,
"Follow-up Day 28",410,FOLLOW_UP,,
"Cycle 3 Day  1",410,ON_TREATMENT,CYCLE_3,0
"OSE Visit 14 Week 36",410,ON_TREATMENT,BASELINE,21772800
"Day -1 (Predose)",410,ON_TREATMENT,BASELINE,86400
"Visit 12 Week 26 Day 183",410,ON_TREATMENT,BASELINE,15724800
"WEEK44",410,ON_TREATMENT,BASELINE,26611200
"Every 12 WeeksW96",409,ON_TREATMENT,BASELINE,58060800
"Week 18 Day 126",409,ON_TREATMENT,BASELINE,10886400
"SUBSTUDY WK4",409,ON_TREATMENT,BASELINE,2419200
"SCREENING VISIT 2",408,SCREENING,SCREENING,0
"Study Completion/Early Term",408,END_OF_TREATMENT,,
"WEEK72",408,ON_TREATMENT,BASELINE,43545600
"V5-B",407,ON_TREATMENT,,
"Progression",406,DISEASE_PROGRESSION,,
"601",405,,,
"Post Treatment Follow Up",405,FOLLOW_UP,,
"Every 12 WeeksW72",405,ON_TREATMENT,BASELINE,43545600
"VISIT1",404,ON_TREATMENT,,
"C20D1",404,ON_TREATMENT,CYCLE_20,0
"Cycle 3 & Beyond",403,,,
"WEEK 6",402,ON_TREATMENT,BASELINE,3628800
"STUDYCOMP",402,,,
"VISIT 33",401,ON_TREATMENT,,
"120 Days After Last Dose",401,ON_TREATMENT,,
"C1D15M",401,ON_TREATMENT,CYCLE_1,1209600
"SCREENPROX",400,,,
"MONOTHERAPY1",398,,,
"Follow Up Week 16 Day 112",398,FOLLOW_UP,END_OF_TREATMENT,9676800
"Cycle 3 Treatment Week 12 Post Day 1 Infusion",398,ON_TREATMENT,BASELINE,7257600
"C1 Day 15",396,ON_TREATMENT,CYCLE_1,1209600
"Implant Month 3",396,PROCEDURE,,
"Week 73 EOT",395,ON_TREATMENT,BASELINE,44150400
"Visit 3 Day 2",395,ON_TREATMENT,,
"C2D1F",395,ON_TREATMENT,CYCLE_2,0
"3 Month Post Treatment",394,FOLLOW_UP,,
"FU Day 15",394,FOLLOW_UP,,
"P2/P3 C1D1 POST (IMM",393,ON_TREATMENT,CYCLE_1,0
"Week 125 EOS",393,ON_TREATMENT,BASELINE,75600000
"At Visit",392,,,
"First Clinical Visit Post Surgery",392,PROCEDURE,,
"Day 8A",390,ON_TREATMENT,BASELINE,691200
"D0",390,ON_TREATMENT,BASELINE,0
"Follow-up 1 WK104",390,FOLLOW_UP,END_OF_TREATMENT,62899200
"End Of Treatment Visit",389,END_OF_TREATMENT,,
"W6PB",389,ON_TREATMENT,BASELINE,3628800
"Retest Unscheduled",389,UNSCHEDULED,,
"Visit 10 Day 2",388,ON_TREATMENT,,
"Day 1B",387,ON_TREATMENT,BASELINE,86400
"DAY7",387,ON_TREATMENT,BASELINE,604800
"DT",386,,,
"CAPCTDNAUNS",386,,,
"Visit 51",385,ON_TREATMENT,,
"CTCCAPWTC",385,,,
"Cycle 37 Day 1",384,ON_TREATMENT,CYCLE_37,0
"DAY 120",383,ON_TREATMENT,BASELINE,10368000
"C23D1",383,ON_TREATMENT,CYCLE_23,0
"End Of Study Treatment",383,END_OF_TREATMENT,,
"Implant Month 1",383,PROCEDURE,,
"DAY57SD",382,ON_TREATMENT,BASELINE,4924800
"B Cell Monitoring",382,,,
"Visit 31",381,ON_TREATMENT,,
"DAY4",381,ON_TREATMENT,BASELINE,345600
"Implant Randomization",381,BASELINE,BASELINE,0
"Week 108 on treatment",380,ON_TREATMENT,BASELINE,65318400
"P1 Day 8",380,,,
"C21D1",380,ON_TREATMENT,CYCLE_21,0
"Long Term Follow Up",379,FOLLOW_UP,,
"Cycle 36 Day 1",378,ON_TREATMENT,CYCLE_36,0
"Week 27",378,ON_TREATMENT,BASELINE,16329600
"3RDLINE",378,,,
"SUBSTUDY WK1",378,ON_TREATMENT,BASELINE,604800
"VISIT 49",378,ON_TREATMENT,,
"OLE Unscheduled",378,UNSCHEDULED,,
"24-MONTH",378,ON_TREATMENT,BASELINE,62208000
"P2/P3 C1D1 PRE (IMMU",377,ON_TREATMENT,CYCLE_1,0
"WEEK 32",377,ON_TREATMENT,BASELINE,19353600
"END OF STUDY ET VISI",376,END_OF_TREATMENT,,
"Day 134",375,ON_TREATMENT,BASELINE,11577600
"DAY29SD",374,ON_TREATMENT,BASELINE,2505600
"VISIT 41",374,ON_TREATMENT,,
"Stage 1 Screening",373,SCREENING,SCREENING,0
"Week 97 FU",373,ON_TREATMENT,BASELINE,58665600
"D197",372,ON_TREATMENT,BASELINE,17020800
"OL Study Ext Every 12 Weeks W72",372,ON_TREATMENT,BASELINE,43545600
"V CCD",372,,,
"CYC3_D1",372,ON_TREATMENT,CYCLE_3,0
"Year 1 Week 60",372,ON_TREATMENT,BASELINE,36288000
"Week 22 Day 154",372,ON_TREATMENT,BASELINE,13305600
"FU",371,FOLLOW_UP,,
"DAY43",371,ON_TREATMENT,BASELINE,3715200
"CYCLE 21 DAY 1",371,ON_TREATMENT,CYCLE_21,0
"Tx Discon visit",371,,,
"Bone Marrow/Whole Blood Assessments",370,,,
"CAPCTDNAW42",370,ON_TREATMENT,BASELINE,25401600
"Cycle 3 Day 1 Additional PK",370,ON_TREATMENT,CYCLE_3,0
"WK 48 RE-TRT 3",370,ON_TREATMENT,BASELINE,29030400
"C4D1F",369,ON_TREATMENT,CYCLE_4,0
"Last dose in OLE +4",368,ON_TREATMENT,,
"Disease Evaluation",368,,,
"VISIT 31",368,ON_TREATMENT,,
"Implant Month 6",366,PROCEDURE,,
"Implant Day 14",366,PROCEDURE,,
"Visit 4 Day 2",366,ON_TREATMENT,,
"SUBSTUDY D1",365,,,
"Early Term",365,,,
"Implant Final",364,PROCEDURE,,
"Baseline Day -1 Predose",363,BASELINE,BASELINE,0
"Week 18 Day 127",363,ON_TREATMENT,BASELINE,10886400
"VISIT 45",363,ON_TREATMENT,,
"VISIT 35",363,ON_TREATMENT,,
"Cycle 1 Day 1 (Phase 1a)",363,ON_TREATMENT,CYCLE_1,0
"D1 MAD",363,ON_TREATMENT,BASELINE,86400
"P2/P3 C1D2 (IMMUNO)",362,ON_TREATMENT,CYCLE_1,86400
"DAY15SD",362,ON_TREATMENT,BASELINE,1296000
"C1D1 PRE P1B",362,ON_TREATMENT,CYCLE_1,0
"SUBSTUDY SCRN3",361,,,
"End of Induction",360,,,
"C1D8D",360,ON_TREATMENT,CYCLE_1,604800
"FU Day 57",359,FOLLOW_UP,,
"Q8W Week 145",359,ON_TREATMENT,BASELINE,87696000
"C8AD1",358,,,
"Study Completion/Early Termination",358,END_OF_TREATMENT,,
"Visit 35",358,ON_TREATMENT,,
"Visit 39",358,ON_TREATMENT,,
"D1ADDTC04",358,ON_TREATMENT,BASELINE,86400
"Cycle 30 Day 1",358,ON_TREATMENT,CYCLE_30,0
"DISEASEPROGRESSION",357,DISEASE_PROGRESSION,,
"C3D1F",357,ON_TREATMENT,CYCLE_3,0
"Part 2 Cycle 1 Day 1",356,ON_TREATMENT,CYCLE_1,0
"C4D1 PREDOSE",356,ON_TREATMENT,CYCLE_4,0
"C2 Day 2",355,ON_TREATMENT,CYCLE_2,86400
"EXT WEEK 24",354,ON_TREATMENT,BASELINE,14515200
"Part 1 SAD Day 1",354,,,
"Day 1 Additional Treatment Cycle 4",354,ON_TREATMENT,BASELINE,86400
"DAY 1 RE-TRT 3",354,ON_TREATMENT,BASELINE,86400
"SUBSTUDY WK8",354,ON_TREATMENT,BASELINE,4838400
"IDS",353,,,
"FU WEEK 108",352,FOLLOW_UP,,
"VISIT0",352,ON_TREATMENT,,
"C1D1C",351,ON_TREATMENT,CYCLE_1,0
"Visit 45",351,ON_TREATMENT,,
"Visit 5 Day 2",351,ON_TREATMENT,,
"Part 2 Day 42",350,,,
"DAY 1 BASELINE",350,BASELINE,BASELINE,0
"DAY56_STAGE1",350,ON_TREATMENT,BASELINE,4838400
"Visit 37",350,ON_TREATMENT,,
"C22D1",349,ON_TREATMENT,CYCLE_22,0
"WK48",349,ON_TREATMENT,BASELINE,29030400
"DAY30REC",349,ON_TREATMENT,BASELINE,2592000
"Cycle 33 Day 1",348,ON_TREATMENT,CYCLE_33,0
"VISIT 47",347,ON_TREATMENT,,
"Year 2 Week 96",347,ON_TREATMENT,BASELINE,58060800
"FOLLOW-_UP_VISIT_(EOS)",346,,,
"CYCLE9_DAY1",344,ON_TREATMENT,CYCLE_9,0
"D197ET",343,ON_TREATMENT,BASELINE,17020800
"P2A Day 15",343,,,
"WK 8 RE-TRT 3",343,ON_TREATMENT,BASELINE,4838400
"Study Completion or Early Discontinuation",343,END_OF_TREATMENT,,
"WEEK 65",342,ON_TREATMENT,BASELINE,39312000
"Follow Up Visit 2 Month 15",342,FOLLOW_UP,END_OF_TREATMENT,38880000
"SUBSTUDY WK12",341,ON_TREATMENT,BASELINE,7257600
"DAY 92",341,ON_TREATMENT,BASELINE,7948800
"Follow Up Month 3",341,FOLLOW_UP,END_OF_TREATMENT,7776000
"SAFETY FOLLOW UP",341,FOLLOW_UP,,
"Visit 41",340,ON_TREATMENT,,
"PREDOSE",339,ON_TREATMENT,,
"C8",339,ON_TREATMENT,CYCLE_8,0
"Q8W Week 105",339,ON_TREATMENT,BASELINE,63504000
"VISIT 37",339,ON_TREATMENT,,
"Visit 4 - FU or EOS",339,ON_TREATMENT,,
"C1D1 30 MIN POSTDOSE",338,ON_TREATMENT,CYCLE_1,0
"First Maintenance Restage",338,,,
"DAY0_BASELINE",337,BASELINE,BASELINE,0
"C1D8C",337,ON_TREATMENT,CYCLE_1,604800
"Submission Day 1",336,,,
"Week 36 Visit 7",336,ON_TREATMENT,BASELINE,21772800
"C2D1E",336,ON_TREATMENT,CYCLE_2,0
"Visit 5 - EOS",335,ON_TREATMENT,,
"Part 2 Follow-up Week 12",335,FOLLOW_UP,END_OF_TREATMENT,7257600
"DAY 1 RE-TRT 5",335,ON_TREATMENT,BASELINE,86400
"Unscheduled or Retest Screening",334,SCREENING,SCREENING,0
"C64D1",334,ON_TREATMENT,CYCLE_64,0
"End Of Study",334,END_OF_TREATMENT,,
"Period 1 Day 14",334,ON_TREATMENT,,
"C2D1D",333,ON_TREATMENT,CYCLE_2,0
"BM Aspirate",332,,,
"Week 16: Pre",331,ON_TREATMENT,BASELINE,9676800
"Part II C1: Day 1: P",331,,,
"VISIT 43",330,ON_TREATMENT,,
"Week 9 Day 1",330,ON_TREATMENT,BASELINE,5443200
"Week 117 on treatment",330,ON_TREATMENT,BASELINE,70761600
"Week 288",330,ON_TREATMENT,BASELINE,174182400
"V9-B",330,ON_TREATMENT,,
"CYCLE 24 DAY 1",330,ON_TREATMENT,CYCLE_24,0
"BL1",329,,,
"VISIT8",329,ON_TREATMENT,,
"DAY28_STAGE1",329,ON_TREATMENT,BASELINE,2419200
"1-Year Assessment",328,,,
"Day 92",328,ON_TREATMENT,BASELINE,7948800
"SFU",328,,,
"VISIT 39",328,ON_TREATMENT,,
"WEEK_8",328,ON_TREATMENT,BASELINE,4838400
"RT 3",327,,,
"VISIT 1",327,BASELINE,BASELINE,0
"WEEK 73",327,ON_TREATMENT,BASELINE,44150400
"Week 184",327,ON_TREATMENT,BASELINE,111283200
"Week 148",327,ON_TREATMENT,BASELINE,89510400
"C3D1 A5",326,ON_TREATMENT,CYCLE_3,0
"Cycle 4 Day  1",326,ON_TREATMENT,CYCLE_4,0
"Period 2  Day 7",326,ON_TREATMENT,,
"C3D1B",325,ON_TREATMENT,CYCLE_3,0
"DAY 13",325,ON_TREATMENT,BASELINE,1123200
"Part 3",325,,,
"Week 3 Day 1",325,ON_TREATMENT,BASELINE,1814400
"Week 8 Double Blind Period",324,ON_TREATMENT,BASELINE,4838400
"SCREENING MONO",323,SCREENING,SCREENING,0
"RT 2",323,,,
"PART 4 WK36 D252",323,ON_TREATMENT,BASELINE,21772800
"Part 2 Day 3",323,,,
"Cycle 6 Day 1 D",322,ON_TREATMENT,CYCLE_6,0
"Week 4 Double Blind Period",322,ON_TREATMENT,BASELINE,2419200
"CTCCAPW24",322,ON_TREATMENT,BASELINE,14515200
"EXT WEEK 16",322,ON_TREATMENT,BASELINE,9676800
"SCRNWB",321,,,
"Week 11 Day 71",321,ON_TREATMENT,BASELINE,6652800
"30-MONTH",321,ON_TREATMENT,BASELINE,77760000
"Week 84 Visit 13",321,ON_TREATMENT,BASELINE,50803200
"M1",320,,,
"C25D1",320,ON_TREATMENT,CYCLE_25,0
"End of Treatment/ Early Term",320,END_OF_TREATMENT,,
"WEEK36",320,ON_TREATMENT,BASELINE,21772800
"PK",318,,,
"V Flare",318,,,
"Week 146",317,ON_TREATMENT,BASELINE,88300800
"D20",317,ON_TREATMENT,BASELINE,1728000
"AMEND WEEK 8",317,ON_TREATMENT,BASELINE,4838400
"Cohort E-H Archival, Fresh",317,ARCHIVAL,,
"Visit 53",317,ON_TREATMENT,,
"VISIT4",317,ON_TREATMENT,,
"Week 52 Day 365 End of Study",316,END_OF_TREATMENT,,
"On Study Tissue",315,,,
"Week 24 Safety Follow Up",315,FOLLOW_UP,END_OF_TREATMENT,14515200
"Cycle 1 Day -7",314,ON_TREATMENT,CYCLE_1,518400
"C1D1 30 MIN AMEND",313,ON_TREATMENT,CYCLE_1,0
"3 Month",313,ON_TREATMENT,BASELINE,7776000
"EARLY WITHDRAWAL",312,END_OF_TREATMENT,,
"D7 MAD",312,ON_TREATMENT,BASELINE,604800
"VISIT 29",312,ON_TREATMENT,,
"120 Day Post Last Dose Atezolizumab/Placebo",311,ON_TREATMENT,,
"DAY8MD",310,ON_TREATMENT,BASELINE,691200
"Additional Cycle 4 Treatment Week 12 Post Day 1 Infusion",310,ON_TREATMENT,BASELINE,7257600
"Phase 1 C Study Complete/Early Term",310,,,
"W88",309,ON_TREATMENT,BASELINE,53222400
"21 RT 1 DAY 1",309,,,
"Cycle1day1",309,ON_TREATMENT,CYCLE_1,0
"CAPCTDNAW48",309,ON_TREATMENT,BASELINE,29030400
"Cycle 7 Day 2",307,ON_TREATMENT,CYCLE_7,86400
"Phase 1 C Day 5",307,,,
"Part 2 Day 41",306,,,
"Phase 1 C Day 14",306,,,
"CYCLE 27 DAY 1",306,ON_TREATMENT,CYCLE_27,0
"EOT",306,END_OF_TREATMENT,,
"Cycle 5 Day 1 D",306,ON_TREATMENT,CYCLE_5,0
"PART 4 WK28 D196",306,ON_TREATMENT,BASELINE,16934400
"CYCLE7",305,ON_TREATMENT,CYCLE_7,0
"UCFLR",305,,,
"6 Month",305,ON_TREATMENT,BASELINE,15552000
"Week 10 Day 64",305,ON_TREATMENT,BASELINE,6048000
"EXT WEEK 28",305,ON_TREATMENT,BASELINE,16934400
"Follow-up Month 12",305,FOLLOW_UP,END_OF_TREATMENT,31104000
"C2D1 30 MIN POSTDOSE",304,ON_TREATMENT,CYCLE_2,0
"CSF EXTFU1 / DROP-OUT 1",303,,,
"Week 1 Day 3",303,ON_TREATMENT,BASELINE,604800
"Week 135 on treatment",303,ON_TREATMENT,BASELINE,81648000
"Cycle 1 Day 15 (Phase 1b)",302,ON_TREATMENT,CYCLE_1,1209600
"C1D1D",302,ON_TREATMENT,CYCLE_1,0
"Safety Follow-Up SFUW36",302,FOLLOW_UP,END_OF_TREATMENT,21772800
"48 WEEKS",301,,,
"952",301,,,
"Cycle 26 Day 1",301,ON_TREATMENT,CYCLE_26,0
"STUDYDRUGCOMPLETION",301,,,
"P3SFU",300,,,
"RT 1",299,,,
"OL Week 12",299,ON_TREATMENT,BASELINE,7257600
"Week 126 on treatment",299,ON_TREATMENT,BASELINE,76204800
"SUBSTUDY SFU2",299,,,
"Rescreening",299,SCREENING,SCREENING,0
"Completion of Therapy",299,,,
"C6",298,ON_TREATMENT,CYCLE_6,0
"Visit 47",298,ON_TREATMENT,,
"36-MONTH",297,ON_TREATMENT,BASELINE,93312000
"Part 2 Day 21",297,,,
"Week 1 Day 2",296,ON_TREATMENT,BASELINE,604800
"WEEK 81",296,ON_TREATMENT,BASELINE,48988800
"3 Months Follow-Up",296,FOLLOW_UP,,
"VISIT 27",296,ON_TREATMENT,,
"SUBWK11",295,ON_TREATMENT,BASELINE,6652800
"Visit 10 Week 20 Day 141",295,ON_TREATMENT,BASELINE,12096000
"Visit04",295,ON_TREATMENT,,
"Confirm PD or CR",294,,,
"Week 12 Double Blind Period",294,ON_TREATMENT,BASELINE,7257600
"Visit 3 Week 4 Day 29",294,ON_TREATMENT,BASELINE,2419200
"21 WEEK 48",294,ON_TREATMENT,BASELINE,29030400
"128 WEEKS",293,,,
"Week 31",293,ON_TREATMENT,BASELINE,18748800
"Visit01",292,ON_TREATMENT,,
"Cycle2day1",291,ON_TREATMENT,CYCLE_2,0
"Part 2 Screening",291,SCREENING,SCREENING,0
"M18",291,,,
"Week 8 Day 50",290,ON_TREATMENT,BASELINE,4838400
"Part 2 Day 2",290,,,
"Week 41 Day 281",290,ON_TREATMENT,BASELINE,24796800
"DNA Repository",290,,,
"Treatment Discontinuation Sch II",290,END_OF_TREATMENT,,
"MIBC Cycle 2 Day 2",289,ON_TREATMENT,CYCLE_2,86400
"FUP",289,,,
"Week 158",288,ON_TREATMENT,BASELINE,95558400
"Cycle 6 Day 8",288,ON_TREATMENT,CYCLE_6,604800
"Visit02",288,ON_TREATMENT,,
"Visit03",287,ON_TREATMENT,,
"MONTH 4",287,ON_TREATMENT,BASELINE,10368000
"CYCLE1DAY1",287,ON_TREATMENT,CYCLE_1,0
"C26D1",286,ON_TREATMENT,CYCLE_26,0
"Cycle 1 Day 1 Dose Expansion",286,ON_TREATMENT,CYCLE_1,0
"W80",286,ON_TREATMENT,BASELINE,48384000
"OLE BASELINE",286,BASELINE,BASELINE,0
"Week 128",286,ON_TREATMENT,BASELINE,77414400
"C1D5TO7",285,ON_TREATMENT,CYCLE_1,345600
"Phase 1 C Day 17",285,,,
"C1D7",284,ON_TREATMENT,CYCLE_1,518400
"LTE Dose 6 Day 1",283,ON_TREATMENT,,
"DAY_2",282,ON_TREATMENT,BASELINE,172800
"Part 3 Week 20 Day 140",282,ON_TREATMENT,BASELINE,12096000
"Follow Up 3 Month",281,FOLLOW_UP,,
"UNSCH C1D1",281,UNSCHEDULED,,
"Year 1 Week 48",281,ON_TREATMENT,BASELINE,29030400
"Atezolizumab Discontinuation",281,END_OF_TREATMENT,,
"M3",281,,,
"W108",281,ON_TREATMENT,BASELINE,65318400
"Week 24 Predose",280,ON_TREATMENT,BASELINE,14515200
"CYCLE3_DAY8",280,ON_TREATMENT,CYCLE_3,604800
"Phase 1 C Day -1",280,,,
"Period 4 Day 1",280,ON_TREATMENT,,
"Non Safety C1D15g",279,ON_TREATMENT,CYCLE_1,1209600
"V02.11",279,ON_TREATMENT,,
"DAY42",279,ON_TREATMENT,BASELINE,3628800
"RBR Visit",278,,,
"Tissue Sample Collection - Screening",278,SCREENING,SCREENING,0
"RESIDUAL",278,,,
"DAY 21",278,ON_TREATMENT,BASELINE,1814400
"C1XD1",278,,,
"Cycle 4 Day 11",277,ON_TREATMENT,CYCLE_4,864000
"Treatment Discontinuation Sch II-IV",277,END_OF_TREATMENT,,
"SAFETY_FU_2",277,FOLLOW_UP,,
"Week 26 Predose",277,ON_TREATMENT,BASELINE,15724800
"C1D21",277,ON_TREATMENT,CYCLE_1,1728000
"Week 24 Double Blind Period",277,ON_TREATMENT,BASELINE,14515200
"Obinutuzumab Retreatment 1",277,ON_TREATMENT,,
"P2/P3 C2D1 POST (IMM",277,ON_TREATMENT,CYCLE_2,0
"LAP",277,,,
"Primary Response Ass",277,,,
"SAD Day 2 24h",276,,,
"WEEK6",276,ON_TREATMENT,BASELINE,3628800
"Visit 11 Week 24 Day 169",276,ON_TREATMENT,BASELINE,14515200
"Disease Progression or End of Study",276,END_OF_TREATMENT,,
"Day 35 Follow-up",276,FOLLOW_UP,,
"ARM B/F/G C1D15",275,ON_TREATMENT,CYCLE_1,1209600
"CYCLE 30 DAY 1",275,ON_TREATMENT,CYCLE_30,0
"21 WEEK 72",275,ON_TREATMENT,BASELINE,43545600
"AdvAMD",275,,,
"Cycle 6 Day  1",274,ON_TREATMENT,CYCLE_6,0
"Cycle 1 Day 2 (Week 1)",274,ON_TREATMENT,CYCLE_1,86400
"Follow Up (Visit 7)",274,FOLLOW_UP,,
"WEEK_3",274,ON_TREATMENT,BASELINE,1814400
"Screening Primary",273,SCREENING,SCREENING,0
"3",273,,,
"ADDC3",273,,,
"02",272,,,
"M11",272,,,
"Safety Follow-Up Week 36",272,FOLLOW_UP,END_OF_TREATMENT,21772800
"Cycle 39 Day 1",272,ON_TREATMENT,CYCLE_39,0
"C3D1E",271,ON_TREATMENT,CYCLE_3,0
"4 Week Post Safey Follow-Up",271,FOLLOW_UP,,
"PD3 DAY 1",271,,,
"Follow Up 2 Month",271,FOLLOW_UP,,
"Cycle 10 Week 12",270,ON_TREATMENT,BASELINE,7257600
"UNSCH C2XD1",270,UNSCHEDULED,,
"951",270,,,
"Study Comp/ET",270,,,
"C2A",270,,,
"FU WEEK 24",269,FOLLOW_UP,,
"FUW12",269,ON_TREATMENT,BASELINE,7257600
"CYCLE2_DAY5",269,ON_TREATMENT,CYCLE_2,345600
"Tissue Sample Collection - Fresh Tumor Biopsy",269,PROCEDURE,,
"WK 24 RE-TRT 5",269,ON_TREATMENT,BASELINE,14515200
"Part 3 Week 44 Day 308",269,ON_TREATMENT,BASELINE,26611200
"Withdrawal Visit",268,END_OF_TREATMENT,,
"Cycle 3 Day 4",268,ON_TREATMENT,CYCLE_3,259200
"FU WEEK 60",267,FOLLOW_UP,,
"Part A Day 1",267,,,
"Study Comp /ET",267,,,
"Part 3 Day 21",266,,,
"Every 12 Weeks W120",266,ON_TREATMENT,BASELINE,72576000
"Post-C3",266,,,
"Sampling",265,,,
"Cycle5day1",265,ON_TREATMENT,CYCLE_5,0
"Cycle 1 Day 8 Dose Expansion",265,ON_TREATMENT,CYCLE_1,604800
"DAY 10",265,ON_TREATMENT,BASELINE,864000
"TEST",265,,,
"Visit 2 Month 15",265,ON_TREATMENT,,
"UNSCHED / RETEST",264,UNSCHEDULED,,
"PART 2 Day 3",264,,,
"EARLY TERM EXT",264,,,
"MONTH 2",263,ON_TREATMENT,BASELINE,5184000
"W132",263,ON_TREATMENT,BASELINE,79833600
"Treatment Period Cycles Biomarker",263,ON_TREATMENT,,
"Cycle 0 Day 1 (Arm AB)",263,ON_TREATMENT,CYCLE_0,0
"Week 4 (Visit 4)",263,ON_TREATMENT,BASELINE,2419200
"Part 3 Week 28 Day 196",262,ON_TREATMENT,BASELINE,16934400
"C1BX",262,,,
"Week 144 on treatment",262,ON_TREATMENT,BASELINE,87091200
"Loss of clinical benefit",262,,,
"VISIT 51",261,ON_TREATMENT,,
"Biopsy",261,PROCEDURE,,
"P2A Day 30",261,,,
"C1D-7",260,,,
"End of Study / Early",260,END_OF_TREATMENT,,
"C2D8-21",260,ON_TREATMENT,CYCLE_2,604800
"TERMINATION",260,,,
"Cycle 1 Day 2 Dose Escalation",260,ON_TREATMENT,CYCLE_1,86400
"P2/P3 C1D5 (IMMUNO)",259,ON_TREATMENT,CYCLE_1,345600
"End of Treatment/Discontinuation Dose Escalation",259,END_OF_TREATMENT,,
"C1 D10-16",259,ON_TREATMENT,CYCLE_1,777600
"Week 60 Visit 10",259,ON_TREATMENT,BASELINE,36288000
"Visit 49",258,ON_TREATMENT,,
"28 Day FU",258,,,
"Non Safety C2D15",258,ON_TREATMENT,CYCLE_2,1209600
"Part 3 Week 8 Day 56",258,ON_TREATMENT,BASELINE,4838400
"M3FU",258,,,
"21 WITHDRAWL",258,,,
"End of Treatment Week 26",257,END_OF_TREATMENT,,
"Part 3 Week 36 Day 252",257,ON_TREATMENT,BASELINE,21772800
"DAY3",257,ON_TREATMENT,BASELINE,259200
"C27D1",257,ON_TREATMENT,CYCLE_27,0
"Baseline Week 1",257,BASELINE,BASELINE,0
"Period 2 Day 4",256,ON_TREATMENT,,
"Treatment Completion / Early Termination Visit Mono",256,END_OF_TREATMENT,,
"C28D1",256,ON_TREATMENT,CYCLE_28,0
"C5",256,ON_TREATMENT,CYCLE_5,0
"Randomization Visit",255,BASELINE,BASELINE,0
"PRESURGERY",255,PROCEDURE,,
"DISCONTINUATION",255,END_OF_TREATMENT,,
"Period 1 Day 3",255,ON_TREATMENT,,
"COVID-19 vaccine COVB2",255,,,
"Week 108 (Post treatment visit 1)",254,FOLLOW_UP,END_OF_TREATMENT,65318400
"Encounter 1",254,,,
"Part 3 Week 32 Day 224",254,ON_TREATMENT,BASELINE,19353600
"P2/P3 C3D1 POST (IMM",253,ON_TREATMENT,CYCLE_3,0
"Week 1 Day 1 Predose",253,ON_TREATMENT,BASELINE,604800
"28 Day Follow Up",253,FOLLOW_UP,,
"C3D1D",252,ON_TREATMENT,CYCLE_3,0
"Cycle 45 Day 1",252,ON_TREATMENT,CYCLE_45,0
"CYCLE 1/DAY 15",252,ON_TREATMENT,CYCLE_1,1209600
"Vex1",252,,,
"Part 3 Week 24 Day 168",251,ON_TREATMENT,BASELINE,14515200
"C3XD1",251,,,
"ET/FU",251,,,
"Cycle 34 Day 1",251,ON_TREATMENT,CYCLE_34,0
"Part 3 Week 12 Day 84",251,ON_TREATMENT,BASELINE,7257600
"DAY10",251,ON_TREATMENT,BASELINE,864000
"RT 1 DAY 15",251,ON_TREATMENT,CYCLE_1,1209600
"Prior to Cycle 2 Day 15",251,ON_TREATMENT,CYCLE_2,1209600
"P2B Day 2",251,,,
"120 Day Follow Up",250,FOLLOW_UP,,
"C1D8S1",250,ON_TREATMENT,CYCLE_1,604800
"OLE Week 172 Year 3",250,ON_TREATMENT,BASELINE,104025600
"P2A Day 8",250,,,
"Week 216",250,ON_TREATMENT,BASELINE,130636800
"Visit 9 Week 16 Day 113",250,ON_TREATMENT,BASELINE,9676800
"Final Safety Follow-Up",249,FOLLOW_UP,,
"D1W5",249,ON_TREATMENT,BASELINE,3024000
"DAY113",249,ON_TREATMENT,BASELINE,9763200
"Day 49",249,ON_TREATMENT,BASELINE,4233600
"Follow Up 4 Month",248,FOLLOW_UP,,
"Week 1/Day 1 W/O DDI",248,ON_TREATMENT,BASELINE,604800
"C3D1 30 MIN POSTDOSE",247,ON_TREATMENT,CYCLE_3,0
"Timepoint 0",247,,,
"DE_DAY1",247,,,
"UNSC",247,,,
"Cycle 7 Day 1 D",246,ON_TREATMENT,CYCLE_7,0
"Cycle4 Day1 Arm A",246,ON_TREATMENT,CYCLE_4,0
"C29D1",245,ON_TREATMENT,CYCLE_29,0
"Cycle 43 Day 1",245,ON_TREATMENT,CYCLE_43,0
"EXACERBATION",245,,,
"Target Dose Plus 1 Day",244,ON_TREATMENT,,
"Period 1 Day 8",244,ON_TREATMENT,,
"C8D8",244,ON_TREATMENT,CYCLE_8,604800
"Adjuvant Cycle 12 Day 1",244,ON_TREATMENT,CYCLE_12,0
"Phase II-C1D1",244,ON_TREATMENT,CYCLE_1,0
"WEEK 108",243,ON_TREATMENT,BASELINE,65318400
"ARM F END OF TREATMENT",243,END_OF_TREATMENT,,
"SAD Day 1 4h",242,,,
"Week 39",242,ON_TREATMENT,BASELINE,23587200
"End of Treatment Assessment",242,END_OF_TREATMENT,,
"Part 3 Week 16 Day 112",242,ON_TREATMENT,BASELINE,9676800
"Pre-C3",241,,,
"Part 3 Week 48 Day 336",241,ON_TREATMENT,BASELINE,29030400
"P2B Day 30",241,,,
"Surgery / Treatment Completion/ Early Discontinuation",241,END_OF_TREATMENT,,
"Screening Tissue Dir",241,SCREENING,SCREENING,0
"DAY3_STAGE1",241,ON_TREATMENT,BASELINE,259200
"RBR",240,,,
"Follow Up Visit 1",240,FOLLOW_UP,,
"Cycle 72 Day 1",240,ON_TREATMENT,CYCLE_72,0
"DAY 11",240,ON_TREATMENT,BASELINE,950400
"MONOTHERAPY2",239,,,
"Baseline 2",239,BASELINE,BASELINE,0
"Cycle 2 Day 1 Dose Expansion",239,ON_TREATMENT,CYCLE_2,0
"Part 3 Week 4 Day 28",238,ON_TREATMENT,BASELINE,2419200
"Part 2 Follow-up Week 9",238,FOLLOW_UP,END_OF_TREATMENT,5443200
"noAMD",238,,,
"Cycle 1 Day 21 Predose",238,ON_TREATMENT,CYCLE_1,1728000
"C6D1B",238,ON_TREATMENT,CYCLE_6,0
"SAD Day 1 8h",237,,,
"Cycle 1 Day 1 RCR-RBR Sample Collection",237,ON_TREATMENT,CYCLE_1,0
"Post",237,,,
"Site 2 Core 1",237,,,
"301",237,,,
"Between Cycle 2 Day 8 to Cycle 3 Day 1",237,ON_TREATMENT,CYCLE_2,604800
"Week 8 (Visit 5)",237,ON_TREATMENT,BASELINE,4838400
"D25",235,ON_TREATMENT,BASELINE,2160000
"TP3",235,,,
"Week 153 on treatment",235,ON_TREATMENT,BASELINE,92534400
"Follow Up Week 36 Day 252",235,FOLLOW_UP,END_OF_TREATMENT,21772800
"Part 3 Week 40 Day 280",235,ON_TREATMENT,BASELINE,24192000
"Visit 51 Week 454",234,ON_TREATMENT,BASELINE,274579200
"Visit 11 Week 14 Day 99",234,ON_TREATMENT,BASELINE,8467200
"SAD Day 1 0h",233,,,
"P2/P3 C2D1 PRE (IMMU",233,ON_TREATMENT,CYCLE_2,0
"953",233,,,
"irAE",233,,,
"6 Month Follow Up",233,FOLLOW_UP,,
"4",232,,,
"Month 1",232,ON_TREATMENT,BASELINE,2592000
"Follow-up Month 3",232,FOLLOW_UP,END_OF_TREATMENT,7776000
"Completion/SDDV",232,,,
"CYCLE5_DAY8",232,ON_TREATMENT,CYCLE_5,604800
"Week 48 Double Blind Period",231,ON_TREATMENT,BASELINE,29030400
"Week 93",231,ON_TREATMENT,BASELINE,56246400
"D60",231,ON_TREATMENT,BASELINE,5184000
"CYCLE12_DAY1",231,ON_TREATMENT,CYCLE_12,0
"SAFETY_FU_1",230,FOLLOW_UP,,
"Week 59",230,ON_TREATMENT,BASELINE,35683200
"FUV1",230,,,
"Mid Treatment Response Assessment Cycle 4 Day 1",230,ON_TREATMENT,CYCLE_4,0
"C4D1 30 MIN POSTDOSE",230,ON_TREATMENT,CYCLE_4,0
"Cycle 8 Day 1 D",230,ON_TREATMENT,CYCLE_8,0
"M15",229,,,
"P2/P3 C3D1 PRE (IMMU",229,ON_TREATMENT,CYCLE_3,0
"C1D2F",229,ON_TREATMENT,CYCLE_1,86400
"CYCLE13_DAY1",229,ON_TREATMENT,CYCLE_13,0
"DAY24",228,ON_TREATMENT,BASELINE,2073600
"REC2D1",228,ON_TREATMENT,CYCLE_2,0
"Year 2 Week 100",228,ON_TREATMENT,BASELINE,60480000
"C4D1E",228,ON_TREATMENT,CYCLE_4,0
"Part 2 Day -1 AMD3",228,,,
"Period 2 Day 2",228,ON_TREATMENT,,
"Day 1 PREDOSE",228,ON_TREATMENT,BASELINE,86400
"CYCLE8",227,ON_TREATMENT,CYCLE_8,0
"M6FU",227,,,
"P2A Screening",227,SCREENING,SCREENING,0
"Part 3 Day 1",226,,,
"WK 48 RE-TRT 4",226,ON_TREATMENT,BASELINE,29030400
"Part 2 Day 21 AMD3",226,,,
"Day -3 to Day -1",226,ON_TREATMENT,BASELINE,259200
"C1B",226,,,
"D225",226,ON_TREATMENT,BASELINE,19440000
"56 WEEKS",226,,,
"DISC4",225,END_OF_TREATMENT,,
"Cycle 1 Day 9 Dose Escalation",225,ON_TREATMENT,CYCLE_1,691200
"V0-PILOT",224,ON_TREATMENT,,
"SAD Day 3 48h",224,,,
"Day 0 POST OP",224,ON_TREATMENT,BASELINE,0
"W97IV",224,ON_TREATMENT,BASELINE,58665600
"UNSCH C1XD1",224,UNSCHEDULED,,
"Cycle 1 Day 12",223,ON_TREATMENT,CYCLE_1,950400
"SAD Day 4 72h",223,,,
"Treatment visits MIBC Cohorts",223,ON_TREATMENT,,
"SCREENILM",223,,,
"Relapse",223,,,
"BM Biopsy",223,PROCEDURE,,
"C30D1",223,ON_TREATMENT,CYCLE_30,0
"CYCLE 33 DAY 1",222,ON_TREATMENT,CYCLE_33,0
"DAY 1 RE-TRT 2",222,ON_TREATMENT,BASELINE,86400
"Day 30",222,ON_TREATMENT,BASELINE,2592000
"SCN Bone Marrow Aspirate/ Biopsy",222,PROCEDURE,,
"II-III Cycle 1 Day 1",222,ON_TREATMENT,CYCLE_1,0
"Prior to Cycle 9",222,,,
"Week 51",221,ON_TREATMENT,BASELINE,30844800
"Cycle 2 Day 1 (Phase 1b)",221,ON_TREATMENT,CYCLE_2,0
"Treatment",221,ON_TREATMENT,,
"Treatment Completion or Early Discontinuation",221,END_OF_TREATMENT,,
"Week 277",221,ON_TREATMENT,BASELINE,167529600
"Part 3 Week 56 Follow-up",220,FOLLOW_UP,END_OF_TREATMENT,33868800
"W37SC",220,ON_TREATMENT,BASELINE,22377600
"BASELINE RBR",220,BASELINE,BASELINE,0
"OPTW100",220,ON_TREATMENT,BASELINE,60480000
"Optional RBR DNA post-Baseline",220,BASELINE,BASELINE,0
"Cycle 4",220,ON_TREATMENT,CYCLE_4,0
"C1D15B 2H EOI",220,ON_TREATMENT,CYCLE_1,1216800
"OL Day 1 RT5D1",220,,,
"Day 44",219,ON_TREATMENT,BASELINE,3801600
"Part 3 Week 72 Follow-up",219,FOLLOW_UP,END_OF_TREATMENT,43545600
"CAPCTDNAW54",219,ON_TREATMENT,BASELINE,32659200
"Visit 61",219,ON_TREATMENT,,
"Part 2 Day 4",219,,,
"P2/P3 C2D2 (IMMUNO)",218,ON_TREATMENT,CYCLE_2,86400
"Day 56 Follow-up",218,FOLLOW_UP,,
"Week 6 Day 36",218,ON_TREATMENT,BASELINE,3628800
"120 Day Last Dose MPDL3280A",218,ON_TREATMENT,,
"ONSTUDY",218,,,
"OLE Week 97",217,ON_TREATMENT,BASELINE,58665600
"C1D8B 2H EOI",217,ON_TREATMENT,CYCLE_1,612000
"TERM/FU",216,,,
"Visit 14 Week 60 Washout",216,ON_TREATMENT,BASELINE,36288000
"DAY14_STAGE1",216,ON_TREATMENT,BASELINE,1209600
"Week 24 Day 162",216,ON_TREATMENT,BASELINE,14515200
"Pre",216,,,
"Part 2 21 Day Run-in Day 1",216,,,
"Run In",215,BASELINE,BASELINE,0
"Faricimab run in treatment: Part 4",215,ON_TREATMENT,,
"RT 5 DAY 1",215,ON_TREATMENT,CYCLE_5,0
"Part 3 Week 2 Day 14",214,ON_TREATMENT,BASELINE,1209600
"Cycle 1 Day 1 Retreatment",214,ON_TREATMENT,CYCLE_1,0
"Cycle 2 Day 6",214,ON_TREATMENT,CYCLE_2,432000
"D1_PRE_M3",214,ON_TREATMENT,BASELINE,86400
"Follow Up Month 6",214,FOLLOW_UP,END_OF_TREATMENT,15552000
"V0",214,ON_TREATMENT,,
"Follow up Week 12",214,FOLLOW_UP,END_OF_TREATMENT,7257600
"Cycle 3 Day 22",214,ON_TREATMENT,CYCLE_3,1814400
"Follow-up Month 9",214,FOLLOW_UP,END_OF_TREATMENT,23328000
"C2D21-28",214,ON_TREATMENT,CYCLE_2,1728000
"Optl 20ML Lumbar Puncture & Blood",213,PROCEDURE,,
"D1W1",213,ON_TREATMENT,BASELINE,604800
"DAY18",213,ON_TREATMENT,BASELINE,1555200
"C31D1",213,ON_TREATMENT,CYCLE_31,0
"EXT WEEK 12 PREDOSE",213,ON_TREATMENT,BASELINE,7257600
"Follow-Up Day 35",213,FOLLOW_UP,,
"DAY 112",213,ON_TREATMENT,BASELINE,9676800
"SCREENING BIOPSY MONO",213,SCREENING,SCREENING,0
"On-Study Fresh Tissue Biopsy",212,PROCEDURE,,
"SAD Day 1 1h",212,,,
"DE CYCLE 1 DAY 1",212,ON_TREATMENT,CYCLE_1,0
"Follow-up Month 6",212,FOLLOW_UP,END_OF_TREATMENT,15552000
"Cycle 4 Day 5",212,ON_TREATMENT,CYCLE_4,345600
"Phase II-C1D15",212,ON_TREATMENT,CYCLE_1,1209600
"Day 23",211,ON_TREATMENT,BASELINE,1987200
"Study Completion-Ear",211,END_OF_TREATMENT,,
"C4 Day 4",211,ON_TREATMENT,CYCLE_4,259200
"Screen Amendment D",211,SCREENING,SCREENING,0
"Negative Control",211,,,
"Part 2 Cycle 2 Day 1",211,ON_TREATMENT,CYCLE_2,0
"HOSPDISC",210,,,
"WGSBASE",210,,,
"C2D1C",210,ON_TREATMENT,CYCLE_2,0
"Site 1 Core 2",210,,,
"C34D1",210,ON_TREATMENT,CYCLE_34,0
"OLE Week 48",210,ON_TREATMENT,BASELINE,29030400
"DAY07",210,ON_TREATMENT,BASELINE,604800
"SC VISIT",209,,,
"Fresh. Biopsy Screen - Primary",209,PROCEDURE,,
"Part 2 Day 22",209,,,
"Unscheduled 2",209,UNSCHEDULED,,
"A/B-EOS/ET",209,,,
"DBT Unscheduled",208,UNSCHEDULED,,
"ITV Rand/Day 1",208,,,
"Safety C1D1",208,ON_TREATMENT,CYCLE_1,0
"Visit 63",208,ON_TREATMENT,,
"VISIT5",208,ON_TREATMENT,,
"Week 96 Day 672",208,ON_TREATMENT,BASELINE,58060800
"WEEK 89",207,ON_TREATMENT,BASELINE,53827200
"P1 Day 3",207,,,
"OLE Week 208",207,ON_TREATMENT,BASELINE,125798400
"Year 1 Week 52",207,ON_TREATMENT,BASELINE,31449600
"Part 2 Cycle 3 Day 1",207,ON_TREATMENT,CYCLE_3,0
"Post Transplant Week 24",207,ON_TREATMENT,BASELINE,14515200
"C1D8E",207,ON_TREATMENT,CYCLE_1,604800
"C7",207,ON_TREATMENT,CYCLE_7,0
"Cycle 1 Days 43-56",207,,,
"P2A Day 2",206,,,
"Screening Day -7 to -1",206,SCREENING,SCREENING,0
"Induction Cycle 1 Day 1",206,ON_TREATMENT,CYCLE_1,0
"DBT Week 204",206,ON_TREATMENT,BASELINE,123379200
"C1D1 PRE P2",206,ON_TREATMENT,CYCLE_1,0
"SAD Day 15",205,,,
"MAD Day 14",205,,,
"Week 92",205,ON_TREATMENT,BASELINE,55641600
"CYCLE3_DAY3",205,ON_TREATMENT,CYCLE_3,172800
"Cycle 5 Day 15",204,ON_TREATMENT,CYCLE_5,1209600
"P2B Screening",204,SCREENING,SCREENING,0
"C4D1C",204,ON_TREATMENT,CYCLE_4,0
"FRESH",204,,,
"Cycle3day1",204,ON_TREATMENT,CYCLE_3,0
"Phase II Treatment Completion",204,END_OF_TREATMENT,,
"CYCLE 3 DAY 1",203,ON_TREATMENT,CYCLE_3,0
"CYCLE4_DAY8",203,ON_TREATMENT,CYCLE_4,604800
"Post Transplant Week 52",203,ON_TREATMENT,BASELINE,31449600
"OPTW4",203,ON_TREATMENT,BASELINE,2419200
"Week 170",203,ON_TREATMENT,BASELINE,102816000
"C1D2D",203,ON_TREATMENT,CYCLE_1,86400
"W44",203,ON_TREATMENT,BASELINE,26611200
"Site 2 Core 2",202,,,
"OLE Week 28",202,ON_TREATMENT,BASELINE,16934400
"VISIT 53",202,ON_TREATMENT,,
"DAY85SIG",202,ON_TREATMENT,BASELINE,7344000
"WEEK 97",202,ON_TREATMENT,BASELINE,58665600
"PK/PD Substudy Day 3,4 or 5 Post",202,,,
"V02.1",202,ON_TREATMENT,,
"Day 37",202,ON_TREATMENT,BASELINE,3196800
"RANDOMIZATION",202,BASELINE,BASELINE,0
"Part 2 Screening AMD5",202,SCREENING,SCREENING,0
"Day 8B",201,ON_TREATMENT,BASELINE,691200
"Cycle 2 Day 1 (Phase 1a)",201,ON_TREATMENT,CYCLE_2,0
"ARM C/E C1D1",201,ON_TREATMENT,CYCLE_1,0
"CYCLE_1_DAY_1",201,ON_TREATMENT,CYCLE_1,0
"DAY50",201,ON_TREATMENT,BASELINE,4320000
"Cycle 3 Day 9",200,ON_TREATMENT,CYCLE_3,691200
"Week 12 Day 85 Unscheduled",200,UNSCHEDULED,,
"Visit 4 Week 6 Day 43",200,ON_TREATMENT,BASELINE,3628800
"Week 16 Day 106",200,ON_TREATMENT,BASELINE,9676800
"Cohort E-H Archival",199,ARCHIVAL,,
"DAY60",199,ON_TREATMENT,BASELINE,5184000
"Cycle 5 Day 5",199,ON_TREATMENT,CYCLE_5,345600
"7",199,,,
"V18",198,ON_TREATMENT,,
"12 Month Follow Up",198,FOLLOW_UP,,
"DAY 84",198,ON_TREATMENT,BASELINE,7257600
"Part A Week 1 Day -1",198,ON_TREATMENT,BASELINE,604800
"C2D4",198,ON_TREATMENT,CYCLE_2,259200
"PART 2 Day 2",198,,,
"DAY 1 RE-TRT 6",198,ON_TREATMENT,BASELINE,86400
"P2/P3 C4D1 PRE (IMMU",198,ON_TREATMENT,CYCLE_4,0
"Early Discontinuation",197,END_OF_TREATMENT,,
"Fresh Biopsy Biomarker",197,PROCEDURE,,
"VISIT 25",197,ON_TREATMENT,,
"baseline",197,BASELINE,BASELINE,0
"DNA Sub Study",197,,,
"WK 8 RE-TRT 4",197,ON_TREATMENT,BASELINE,4838400
"PART 4 WK8 D56",197,ON_TREATMENT,BASELINE,4838400
"W3PB",197,ON_TREATMENT,BASELINE,1814400
"Week 52 Visit 28 Early Discontinuation",197,END_OF_TREATMENT,,
"COVID-19 vaccine COVB1",196,,,
"Safety Follow-Up SFUW48",196,FOLLOW_UP,END_OF_TREATMENT,29030400
"PK Day 1",196,,,
"Adjuvant Cycle 10 Day 1",196,ON_TREATMENT,CYCLE_10,0
"C1D8BE",196,ON_TREATMENT,CYCLE_1,604800
"V17",196,ON_TREATMENT,,
"W128",196,ON_TREATMENT,BASELINE,77414400
"C1D15-21",195,ON_TREATMENT,CYCLE_1,1209600
"Period 1 Day 28",195,ON_TREATMENT,,
"Prior to Start of Dopaminergic",195,,,
"CYCLE11_DAY1",195,ON_TREATMENT,CYCLE_11,0
"Week 72 Double Blind Period",194,ON_TREATMENT,BASELINE,43545600
"TX_COMP_ED",194,,,
"C33D1",194,ON_TREATMENT,CYCLE_33,0
"Day1",194,ON_TREATMENT,BASELINE,86400
"Long Term Follow Up 24 Months",193,FOLLOW_UP,,
"Implant Month 2",193,PROCEDURE,,
"DAY99",193,ON_TREATMENT,BASELINE,8553600
"C2D1ABC",193,ON_TREATMENT,CYCLE_2,0
"RT 2 DAY 15",192,ON_TREATMENT,CYCLE_2,1209600
"Phase 1 C Day 8",192,,,
"Phase 1 C Day 6",192,,,
"WEEK52",192,ON_TREATMENT,BASELINE,31449600
"Early Termination/Final Visit",192,END_OF_TREATMENT,,
"Implant Month 7",192,PROCEDURE,,
"DAY 91",192,ON_TREATMENT,BASELINE,7862400
"W7PB",192,ON_TREATMENT,BASELINE,4233600
"27 Month",192,ON_TREATMENT,BASELINE,69984000
"DM28",192,,,
"Control",192,,,
"Cycle4day1",191,ON_TREATMENT,CYCLE_4,0
"P1 D8 168HR",191,,,
"SFU WEEK 24",191,ON_TREATMENT,BASELINE,14515200
"28 Days Follow Up",191,FOLLOW_UP,,
"Retreat 2 Day 1",191,,,
"CTCCAPW30",191,ON_TREATMENT,BASELINE,18144000
"Site 1 Core 1",191,,,
"WEEK 144",191,ON_TREATMENT,BASELINE,87091200
"Cycle 1 Day 15 (Phase 1a)",191,ON_TREATMENT,CYCLE_1,1209600
"M9FU",191,,,
"CYCLE 1 WEEK 1",191,ON_TREATMENT,BASELINE,604800
"C44D1",190,ON_TREATMENT,CYCLE_44,0
"SCC",190,,,
"Period 3 Day 2",190,ON_TREATMENT,,
"On Treatment NHL Tumor",190,ON_TREATMENT,,
"CYCLE2_DAY2",190,ON_TREATMENT,CYCLE_2,86400
"Cycle 1 Day 21",190,ON_TREATMENT,CYCLE_1,1728000
"21 WEEK 1",190,ON_TREATMENT,BASELINE,604800
"DAY43SD",189,ON_TREATMENT,BASELINE,3715200
"DE_DAY15",189,,,
"Cycle 42 Day 1",189,ON_TREATMENT,CYCLE_42,0
"CYCLE10_DAY1",189,ON_TREATMENT,CYCLE_10,0
"DAY 252",189,ON_TREATMENT,BASELINE,21772800
"WK6",189,ON_TREATMENT,BASELINE,3628800
"Week 23 Day 155",189,ON_TREATMENT,BASELINE,13910400
"VISIT3",189,ON_TREATMENT,,
"PART 4 WK20 D140",189,ON_TREATMENT,BASELINE,12096000
"DAY8SD",189,ON_TREATMENT,BASELINE,691200
"Exacerbation Visit",189,,,
"V03.11",189,ON_TREATMENT,,
"1 Month",188,ON_TREATMENT,BASELINE,2592000
"Unscheduled UNSCH1",188,UNSCHEDULED,,
"Day 112 / Week 16",188,ON_TREATMENT,BASELINE,9676800
"C16AD1",188,,,
"Day 1 Additional Open Label Treatment Cycle 2",188,ON_TREATMENT,BASELINE,86400
"C1D15-D21",188,ON_TREATMENT,CYCLE_1,1209600
"Tissue Biopsies",188,,,
"Follow-up Day 100",187,FOLLOW_UP,,
"Week 12 FUP",187,ON_TREATMENT,BASELINE,7257600
"Part 1 Cycle 2 Day 1",187,ON_TREATMENT,CYCLE_2,0
"Implant Day 2",187,PROCEDURE,,
"Adjuvant Cycle 14 Day 1",187,ON_TREATMENT,CYCLE_14,0
"DAY2SD",187,ON_TREATMENT,BASELINE,172800
"WEEK 113",187,ON_TREATMENT,BASELINE,68342400
"SCR-BB",186,SCREENING,SCREENING,0
"Arm 4 Pre-Treatment Baseline",186,BASELINE,BASELINE,0
"CYCLE6_ET",186,,,
"RE-IMPLNT",186,,,
"SFUW48",186,ON_TREATMENT,BASELINE,29030400
"64 WEEKS",186,,,
"Long Term Follow Up 18 Months",186,FOLLOW_UP,,
"Follow Up Month 12",186,FOLLOW_UP,END_OF_TREATMENT,31104000
"Post Surgery or Surveillance Baseline",185,BASELINE,BASELINE,0
"Retest Week 120",185,UNSCHEDULED,,
"Retreat FU Day 1",185,,,
"Follow Up 28 Days",185,FOLLOW_UP,,
"Week 12 Day 78",185,ON_TREATMENT,BASELINE,7257600
"Study Completion/ET Visit",185,END_OF_TREATMENT,,
"Post-mortem",185,,,
"Week 19",185,ON_TREATMENT,BASELINE,11491200
"Pregnancy Test",185,,,
"Implant Day 7",184,PROCEDURE,,
"24 Month",184,ON_TREATMENT,BASELINE,62208000
"Mid-Induction Response Assessment (Cycle 4 Day 15-21)",184,ON_TREATMENT,CYCLE_4,1209600
"Follow-up Day 29 or 36",184,FOLLOW_UP,,
"Implant Month 8",184,PROCEDURE,,
"Part 1 Day 1",183,,,
"DAY_3",183,ON_TREATMENT,BASELINE,259200
"Week 117 (Post treatment visit 2)",183,FOLLOW_UP,END_OF_TREATMENT,70761600
"C38D1",183,ON_TREATMENT,CYCLE_38,0
"DAY 100",183,ON_TREATMENT,BASELINE,8640000
"Double Blind Week 12",183,ON_TREATMENT,BASELINE,7257600
"Part 3 Day -1",183,,,
"Cycle 2 Day 2 Dose Escalation",183,ON_TREATMENT,CYCLE_2,86400
"12 Month",183,ON_TREATMENT,BASELINE,31104000
"P1 D2 24HR",183,,,
"Part 3 Week 64 Follow-up",183,FOLLOW_UP,END_OF_TREATMENT,38707200
"Visit 6 Week 10 Day 71",183,ON_TREATMENT,BASELINE,6048000
"REC4D1",182,ON_TREATMENT,CYCLE_4,0
"DE_DAY28",182,,,
"C1D1 P1 DOUBLE",182,ON_TREATMENT,CYCLE_1,0
"PART 4 WK16 D112",182,ON_TREATMENT,BASELINE,9676800
"On Treatment Day 14",182,ON_TREATMENT,,
"OPTW28",182,ON_TREATMENT,BASELINE,16934400
"Week 162 on treatment",182,ON_TREATMENT,BASELINE,97977600
"C1D1B 2H EOI",182,ON_TREATMENT,CYCLE_1,7200
"P1 D-1",182,,,
"End of Study_Follow Up",181,END_OF_TREATMENT,,
"P1 D15",181,,,
"Part 2 Cycle 4 Day 1",181,ON_TREATMENT,CYCLE_4,0
"C37D1",181,ON_TREATMENT,CYCLE_37,0
"Follow-up Day 30",180,FOLLOW_UP,,
"P1 D85",180,,,
"Cycle 46 Day 1",180,ON_TREATMENT,CYCLE_46,0
"C6D8",180,ON_TREATMENT,CYCLE_6,604800
"Follow Up Month 30",180,FOLLOW_UP,END_OF_TREATMENT,77760000
"C1D2S1",180,ON_TREATMENT,CYCLE_1,86400
"COHORT G SCREENING",180,SCREENING,SCREENING,0
"RT5 DAY1",179,ON_TREATMENT,CYCLE_5,0
"CYCLE2_DAY15",179,ON_TREATMENT,CYCLE_2,1209600
"Implant Month 11",179,PROCEDURE,,
"CAPCTDNAW60",179,ON_TREATMENT,BASELINE,36288000
"C36D1",179,ON_TREATMENT,CYCLE_36,0
"OPTW40",179,ON_TREATMENT,BASELINE,24192000
"MPDL3280A (Arm A) Cycle >8 Day 1",178,,,
"CYCLE 42 DAY 1",178,ON_TREATMENT,CYCLE_42,0
"M12FU",178,,,
"Study Discontinuatio",178,,,
"DAY71",178,ON_TREATMENT,BASELINE,6134400
"C72D1",177,ON_TREATMENT,CYCLE_72,0
"REC1D1",177,ON_TREATMENT,CYCLE_1,0
"Day 1 Additional Open Label Treatment Cycle 1",177,ON_TREATMENT,BASELINE,86400
"Part 2 Follow-up Week 12 AMD3",177,FOLLOW_UP,END_OF_TREATMENT,7257600
"D1_4H",177,ON_TREATMENT,BASELINE,86400
"C1D4TO5",177,ON_TREATMENT,CYCLE_1,259200
"Week 35 Day 239",176,ON_TREATMENT,BASELINE,21168000
"WEEK7DAY1",176,ON_TREATMENT,BASELINE,4233600
"Cycle 3 Day  8",176,ON_TREATMENT,CYCLE_3,604800
"CYCLE11",176,ON_TREATMENT,CYCLE_11,0
"Month 33 Follow Up",176,FOLLOW_UP,END_OF_TREATMENT,85536000
"Day 336",176,ON_TREATMENT,BASELINE,29030400
"CYCLE 1 WEEK 5",176,ON_TREATMENT,BASELINE,3024000
"Cycle 1 Day 8 (Phase 1a)",176,ON_TREATMENT,CYCLE_1,604800
"Dose Increase Visit",176,ON_TREATMENT,,
"DAY_0",175,BASELINE,BASELINE,0
"Day 85 Skin Biopsy",175,PROCEDURE,,
"W5PB",175,ON_TREATMENT,BASELINE,3024000
"SFUW36",175,ON_TREATMENT,BASELINE,21772800
"Cycle 1 Day 8 (Phase 1b)",175,ON_TREATMENT,CYCLE_1,604800
"C4 Day 1",175,ON_TREATMENT,CYCLE_4,0
"Maintenance",175,,,
"DAY4SD",175,ON_TREATMENT,BASELINE,345600
"CYCLE 1 WEEK 3",174,ON_TREATMENT,BASELINE,1814400
"A/B-4WK FOLLOW UP #2",174,FOLLOW_UP,,
"Part A Week 1 Day 1",174,ON_TREATMENT,BASELINE,604800
"Surgery Biomarker",174,PROCEDURE,,
"Implant Month 5",174,PROCEDURE,,
"Implant Month 10",174,PROCEDURE,,
"Day 1 6H",174,ON_TREATMENT,BASELINE,86400
"A: C1D1: Pre",174,ON_TREATMENT,CYCLE_1,0
"Month 48 Follow Up",174,FOLLOW_UP,END_OF_TREATMENT,124416000
"UDNAC3",174,,,
"Week 96 Double Blind Period",174,ON_TREATMENT,BASELINE,58060800
"Optional Specimens",174,,,
"Day 40",173,ON_TREATMENT,BASELINE,3456000
"BEC1D1",173,ON_TREATMENT,CYCLE_1,0
"C2D8D",173,ON_TREATMENT,CYCLE_2,604800
"P1 D29",172,,,
"WEEK_12",172,ON_TREATMENT,BASELINE,7257600
"REC8D1",172,ON_TREATMENT,CYCLE_8,0
"Day 134/Study Comp/ET",172,ON_TREATMENT,BASELINE,11577600
"D1 SAD",172,ON_TREATMENT,BASELINE,86400
"Step-up Dose 2 Plus 1 Day",172,ON_TREATMENT,,
"Cycle 4 Treatment Week 12 Post Day 1 Infusion",172,ON_TREATMENT,BASELINE,7257600
"21 Month",172,ON_TREATMENT,BASELINE,54432000
"Part B Week 1 Day 1",171,ON_TREATMENT,BASELINE,604800
"OPTW112",171,ON_TREATMENT,BASELINE,67737600
"Visit 10A Additional Pharmacokinetic Sampling",171,ON_TREATMENT,,
"V6 Storage",171,ON_TREATMENT,,
"W1PB",171,ON_TREATMENT,BASELINE,604800
"COURSE1",171,,,
"Cycle 1 Day 1 (Arm AB)",170,ON_TREATMENT,CYCLE_1,0
"Part B Week 1 Day -1",170,ON_TREATMENT,BASELINE,604800
"Safety Follow-Up SFUW24",170,FOLLOW_UP,END_OF_TREATMENT,14515200
"Cycle 41 Day 1",170,ON_TREATMENT,CYCLE_41,0
"Safety Follow-Up-3",170,FOLLOW_UP,,
"30 Month",170,ON_TREATMENT,BASELINE,77760000
"OPTW72",169,ON_TREATMENT,BASELINE,43545600
"CYCLE9",169,ON_TREATMENT,CYCLE_9,0
"C4 Day 2",169,ON_TREATMENT,CYCLE_4,86400
"W61SC",169,ON_TREATMENT,BASELINE,36892800
"Part 2 Day 1 AMD3",169,,,
"Retreat FU wk 2",169,ON_TREATMENT,BASELINE,1209600
"C1D8-C2D1",169,ON_TREATMENT,CYCLE_1,604800
"A/B-4WK FOLLOW UP #5",168,FOLLOW_UP,,
"Week 81",168,ON_TREATMENT,BASELINE,48988800
"W10PB",168,ON_TREATMENT,BASELINE,6048000
"ARM A END OF TREATMENT",168,END_OF_TREATMENT,,
"Week 8 Part 1",167,ON_TREATMENT,BASELINE,4838400
"CYCLE1_DAY4",167,ON_TREATMENT,CYCLE_1,259200
"LP VISIT",167,,,
"Implant Month 13",167,PROCEDURE,,
"ITV Month 9",167,ON_TREATMENT,BASELINE,23328000
"DAY85REC",167,ON_TREATMENT,BASELINE,7344000
"DAY43MD",167,ON_TREATMENT,BASELINE,3715200
"Between Cycle 3 Day 21 and Cycle 4 Day 1",167,ON_TREATMENT,CYCLE_3,1728000
"C35D1",167,ON_TREATMENT,CYCLE_35,0
"Cycle 2 Day 1 RCR-RBR Sample Collection",167,ON_TREATMENT,CYCLE_2,0
"C1D15 P1B SC",167,ON_TREATMENT,CYCLE_1,1209600
"Cycle 2 Day 1 Retreatment",166,ON_TREATMENT,CYCLE_2,0
"Q16W Week 129",166,ON_TREATMENT,BASELINE,78019200
"Month 42 Follow Up",166,FOLLOW_UP,END_OF_TREATMENT,108864000
"33 Month",166,ON_TREATMENT,BASELINE,85536000
"SECONDLINE1",166,,,
"Period 1 Day -2",165,ON_TREATMENT,,
"V02.12",165,ON_TREATMENT,,
"Survival Follow-Up Month 12",165,FOLLOW_UP,END_OF_TREATMENT,31104000
"Week 12 FUP Early Term",165,ON_TREATMENT,BASELINE,7257600
"Period 1 Day 18",165,ON_TREATMENT,,
"MIBC Cycle 8 Day 1",165,ON_TREATMENT,CYCLE_8,0
"C1D10-14",165,ON_TREATMENT,CYCLE_1,777600
"C4D1ABC",165,ON_TREATMENT,CYCLE_4,0
"Surveillance 3",165,,,
"Implant Month 14",165,PROCEDURE,,
"OPTW76",165,ON_TREATMENT,BASELINE,45964800
"Mid Treatment Response Assessment",164,ON_TREATMENT,,
"Unscheduled/ Retest/ Supplemental",164,UNSCHEDULED,,
"Visit 3B Additional Pharmacokinetic Sampling",164,ON_TREATMENT,,
"Day - 1",164,ON_TREATMENT,BASELINE,86400
"Safety C1D15",164,ON_TREATMENT,CYCLE_1,1209600
"REC1D8",164,ON_TREATMENT,CYCLE_1,604800
"B C",163,,,
"DAY 168",163,ON_TREATMENT,BASELINE,14515200
"C1D11TO12",163,ON_TREATMENT,CYCLE_1,864000
"Optional Biopsy",163,PROCEDURE,,
"DAY71MD",163,ON_TREATMENT,BASELINE,6134400
"WEEK_28",163,ON_TREATMENT,BASELINE,16934400
"Bone Marrow Aspirate Collection",163,,,
"MONO C1 D1",163,ON_TREATMENT,CYCLE_1,0
"CYCLE17_DAY1",163,ON_TREATMENT,CYCLE_17,0
"Primary SCRNTISSUE",162,,,
"End of Safety Follow Up",162,FOLLOW_UP,,
"C4D1D",162,ON_TREATMENT,CYCLE_4,0
"Year 1 Week 56",162,ON_TREATMENT,BASELINE,33868800
"Day 1 Additional Treatment  Cycle 4",162,ON_TREATMENT,BASELINE,86400
"C1D2C",162,ON_TREATMENT,CYCLE_1,86400
"P2B Day 43 Follow Up",162,FOLLOW_UP,,
"6",162,,,
"MONTH06",162,ON_TREATMENT,BASELINE,15552000
"Cycle 1 Day 2 (Phase 1a)",162,ON_TREATMENT,CYCLE_1,86400
"21 Day Run In",162,,,
"Cycle 5",162,ON_TREATMENT,CYCLE_5,0
"DAY22MD",161,ON_TREATMENT,BASELINE,1900800
"C24AD1",161,,,
"C2D1DE",161,ON_TREATMENT,CYCLE_2,0
"WK1D2",161,ON_TREATMENT,BASELINE,604800
"Implant Month 12",161,PROCEDURE,,
"RESCEU_Vex2",161,,,
"Follow Up Visit day 14",161,FOLLOW_UP,,
"Week 1 Day 1 URINE PK",160,ON_TREATMENT,BASELINE,604800
"PK Lead-In D1",160,,,
"LTE Week 20",160,ON_TREATMENT,BASELINE,12096000
"Safety Follow Up 3 Month",160,FOLLOW_UP,,
"follow Up Visit 2",160,FOLLOW_UP,,
"Cycle 6 Day 29",160,ON_TREATMENT,CYCLE_6,2419200
"Cycle 1 Day 8 RCR-RBR Sample Collection",160,ON_TREATMENT,CYCLE_1,604800
"MS Relapse",160,,,
"EXT WEEK 16 PREDOSE",159,ON_TREATMENT,BASELINE,9676800
"Follow-up Day 60",159,FOLLOW_UP,,
"Week 12 Day 83",159,ON_TREATMENT,BASELINE,7257600
"CYCLE16_DAY1",159,ON_TREATMENT,CYCLE_16,0
"CYCLE 39 DAY 1",159,ON_TREATMENT,CYCLE_39,0
"Adjuvant Cycle 5 Day 1",159,ON_TREATMENT,CYCLE_5,0
"28 Days After Last Dose",159,ON_TREATMENT,,
"C1D2E",158,ON_TREATMENT,CYCLE_1,86400
"End of Induction Cycle 7 Day 1",158,ON_TREATMENT,CYCLE_7,0
"WEEK_4",158,ON_TREATMENT,BASELINE,2419200
"CAPCTDNAW66",158,ON_TREATMENT,BASELINE,39916800
"Adjuvant Cycle 11 Day 1",158,ON_TREATMENT,CYCLE_11,0
"Day -1 -24H",158,ON_TREATMENT,BASELINE,86400
"WEEK_24",158,ON_TREATMENT,BASELINE,14515200
"Cycle 2 Day 10",158,ON_TREATMENT,CYCLE_2,777600
"DAY 1 BASELINE (LABE",158,BASELINE,BASELINE,0
"MONTH 9",157,ON_TREATMENT,BASELINE,23328000
"TREATMENT_TERM",157,ON_TREATMENT,,
"C42D1",157,ON_TREATMENT,CYCLE_42,0
"Screening Retest",157,SCREENING,SCREENING,0
"Study Completion / ET",157,END_OF_TREATMENT,,
"Study Drug Discontinuation",157,END_OF_TREATMENT,,
"FOLLOW_UP",156,FOLLOW_UP,,
"Cycle 1 Day 2 (Phase 1b)",156,ON_TREATMENT,CYCLE_1,86400
"FU_ET",156,FOLLOW_UP,,
"Cycle 3 Day 16",156,ON_TREATMENT,CYCLE_3,1296000
"Period 1 Day 7",156,ON_TREATMENT,,
"A/B-12WK FOLLOW UP #3",156,FOLLOW_UP,,
"End of Treatment/Discontinuation Dose Expansion",156,END_OF_TREATMENT,,
"V1 Storage",156,ON_TREATMENT,,
"Study Treatment Discontinuation Visit",156,END_OF_TREATMENT,,
"Ad-hoc Plasma Cytokine",156,,,
"Implant Month 15",156,PROCEDURE,,
"Double Blind D29",155,,,
"SAD DAY 1 PRE-DOSE",155,ON_TREATMENT,,
"DBT Week 216",155,ON_TREATMENT,BASELINE,130636800
"Follow Up Week 8",154,FOLLOW_UP,END_OF_TREATMENT,4838400
"SMART_V3",154,,,
"ARM B/C/D/E/F/G C3D1",154,ON_TREATMENT,CYCLE_3,0
"Implant Month 16",154,PROCEDURE,,
"DAY14",154,ON_TREATMENT,BASELINE,1209600
"Additional Open Label Cycle 2 Week 12 Post Day 1 Infusion",154,ON_TREATMENT,BASELINE,7257600
"MONTH02_NSV",154,ON_TREATMENT,BASELINE,5184000
"C3D1C",154,ON_TREATMENT,CYCLE_3,0
"OL Day 15 RT1D15",154,,,
"Adjuvant Cycle 2 Day 1",153,ON_TREATMENT,CYCLE_2,0
"Cycle 2 Day 15 (Phase 1b)",153,ON_TREATMENT,CYCLE_2,1209600
"UNSCH/RETEST",153,UNSCHEDULED,,
"C8D2",153,ON_TREATMENT,CYCLE_8,86400
"Follow up",153,FOLLOW_UP,,
"72 WEEKS",153,,,
"SC",152,,,
"W14PB",152,ON_TREATMENT,BASELINE,8467200
"WEEK 12 RBR",152,ON_TREATMENT,BASELINE,7257600
"COVID-19 vaccine COV2",152,,,
"14 Days After Last Dose",152,ON_TREATMENT,,
"DAY 7",152,ON_TREATMENT,BASELINE,604800
"Day 15 Follow Up",151,FOLLOW_UP,,
"Day 1-2",151,ON_TREATMENT,BASELINE,86400
"FFPE Tissue",151,,,
"VISIT 23",151,ON_TREATMENT,,
"FINAL VISIT PT1&3A",151,,,
"Cycle 53 Day 1",150,ON_TREATMENT,CYCLE_53,0
"Day 1 Part 4",150,ON_TREATMENT,BASELINE,86400
"Week 5 Day 1",150,ON_TREATMENT,BASELINE,3024000
"CYCLE 36 DAY 1",150,ON_TREATMENT,CYCLE_36,0
"C15",150,ON_TREATMENT,CYCLE_15,0
"PART 4 WK12 D84",149,ON_TREATMENT,BASELINE,7257600
"MONTH02_3DAY",149,ON_TREATMENT,BASELINE,5184000
"DAY22SD",149,ON_TREATMENT,BASELINE,1900800
"CYCLE 1 WEEK 7",149,ON_TREATMENT,BASELINE,4233600
"CYCLE5_DAY15",149,ON_TREATMENT,CYCLE_5,1209600
"OLE Week 2",149,ON_TREATMENT,BASELINE,1209600
"Part A Day 2",149,,,
"Visit 10C Additional Pharmacokinetic Sampling",148,ON_TREATMENT,,
"Part 2 Day 41 AMD3",148,,,
"On-Treatment",148,ON_TREATMENT,,
"Day -1 W/O DDI",148,ON_TREATMENT,BASELINE,86400
"Cycle 3 Day 5",148,ON_TREATMENT,CYCLE_3,345600
"Withdrawal from TX",148,END_OF_TREATMENT,,
"DAY64",148,ON_TREATMENT,BASELINE,5529600
"Study Completion / Treatment Discontinuation",148,END_OF_TREATMENT,,
"P2B Day 36 Follow Up",148,FOLLOW_UP,,
"Cycle 2 Day 15 to Cycle 3 Day 1",148,ON_TREATMENT,CYCLE_2,1209600
"CYCLE19_DAY1",148,ON_TREATMENT,CYCLE_19,0
"V20",147,ON_TREATMENT,,
"WEEK 105",147,ON_TREATMENT,BASELINE,63504000
"Month 3 FU",147,ON_TREATMENT,BASELINE,7776000
"TISSUE SAMPLE",147,,,
"C1D15BE",147,ON_TREATMENT,CYCLE_1,1209600
"PD2 DAY 9",147,,,
"Double Blind D15",147,,,
"Adjuvant Cycle 13 Day 1",147,ON_TREATMENT,CYCLE_13,0
"VISIT 21",147,ON_TREATMENT,,
"OPTW68",146,ON_TREATMENT,BASELINE,41126400
"Laparoscopy",146,,,
"Day 89",146,ON_TREATMENT,BASELINE,7689600
"Day 99 - Follow-up",146,FOLLOW_UP,,
"MONTH02_14DAY",146,ON_TREATMENT,BASELINE,5184000
"Part 1 MAD Day 1",146,,,
"Visit 3A Additional Pharmacokinetic Sampling",146,ON_TREATMENT,,
"C41D1",146,ON_TREATMENT,CYCLE_41,0
"On Study Biopsy",146,PROCEDURE,,
"DAY5",146,ON_TREATMENT,BASELINE,432000
"VISIT6",146,ON_TREATMENT,,
"Month 54 Follow Up",146,FOLLOW_UP,END_OF_TREATMENT,139968000
"Visit 10B Additional Pharmacokinetic Sampling",146,ON_TREATMENT,,
"18 Month Follow Up",146,FOLLOW_UP,,
"C39D1",145,ON_TREATMENT,CYCLE_39,0
"Week 8 + 1 Day",145,ON_TREATMENT,BASELINE,4838400
"WEEK18",145,ON_TREATMENT,BASELINE,10886400
"WEEK 121",145,ON_TREATMENT,BASELINE,73180800
"C52D1",144,ON_TREATMENT,CYCLE_52,0
"UNSCHEDULED AAG",144,UNSCHEDULED,,
"MONTH 10",144,ON_TREATMENT,BASELINE,25920000
"End Of Induction",144,,,
"Cycle 8 Day 1 Retreatment",144,ON_TREATMENT,CYCLE_8,0
"WEEK76",144,ON_TREATMENT,BASELINE,45964800
"C1 Day 17",144,ON_TREATMENT,CYCLE_1,1382400
"CYCLE10",143,ON_TREATMENT,CYCLE_10,0
"Non Safety C1D15",143,ON_TREATMENT,CYCLE_1,1209600
"18 Month",143,ON_TREATMENT,BASELINE,46656000
"MONTH36IGE",143,ON_TREATMENT,BASELINE,93312000
"Cycle 44 Day 1",143,ON_TREATMENT,CYCLE_44,0
"BASE",143,,,
"CYCLE12",143,ON_TREATMENT,CYCLE_12,0
"Adjuvant Cycle 3 Day 1",143,ON_TREATMENT,CYCLE_3,0
"SFU WEEK 48",143,ON_TREATMENT,BASELINE,29030400
"MAD DAY 14",143,,,
"Screening Backup",142,SCREENING,SCREENING,0
"V04.11",142,ON_TREATMENT,,
"Draw A",142,,,
"Early Termination Maintenance or Observation Completion",142,END_OF_TREATMENT,,
"Week 1/Day 1 DDI",142,ON_TREATMENT,BASELINE,604800
"Week 65 OLE Cohort 2",142,ON_TREATMENT,BASELINE,39312000
"119",142,,,
"Part 2 Day 42 AMD3",142,,,
"Cycle 1 Day 15 RCR-RBR Sample Collection",142,ON_TREATMENT,CYCLE_1,1209600
"BEC1D16",142,ON_TREATMENT,CYCLE_1,1296000
"OLRT3",142,,,
"WEEK_20",142,ON_TREATMENT,BASELINE,12096000
"MAD Visit 7 Day 36 MN",142,,,
"3 Month Follow Up",141,FOLLOW_UP,,
"Cycle 51 Day 1",141,ON_TREATMENT,CYCLE_51,0
"Re-Loading Dosing",141,,,
"Week 105",141,ON_TREATMENT,BASELINE,63504000
"STUDYEND",141,,,
"Cycle 2 & 4 Day 1",141,,,
"Unscheduled or Retest Week 24",141,UNSCHEDULED,,
"WEEK16",141,ON_TREATMENT,BASELINE,9676800
"SAFETY_FOLLOW_UP",141,FOLLOW_UP,,
"C4D1OLEVF",141,ON_TREATMENT,CYCLE_4,0
"Follow Up Month 42",140,FOLLOW_UP,END_OF_TREATMENT,108864000
"V Switch",140,,,
"C1D15DE",140,ON_TREATMENT,CYCLE_1,1209600
"Cycle 6",140,ON_TREATMENT,CYCLE_6,0
"WEEK_36",140,ON_TREATMENT,BASELINE,21772800
"Follow-up Day 120",140,FOLLOW_UP,,
"A/B-12WK FOLLOW UP #2",140,FOLLOW_UP,,
"Day 112 Follow-up",140,FOLLOW_UP,,
"FOLLOW_UP_M6",140,FOLLOW_UP,,
"CYCLE15_DAY1",140,ON_TREATMENT,CYCLE_15,0
"Timepoint 1",139,,,
"REC6D1",139,ON_TREATMENT,CYCLE_6,0
"DAY53",139,ON_TREATMENT,BASELINE,4579200
"DAY0_STAGE1",139,ON_TREATMENT,BASELINE,0
"Pretreatment Day 1",139,ON_TREATMENT,,
"V5-BB",139,ON_TREATMENT,,
"Part 1 Cycle 3 Day 1",139,ON_TREATMENT,CYCLE_3,0
"C43D1",139,ON_TREATMENT,CYCLE_43,0
"C32AD1",139,,,
"DAY30PROX",139,ON_TREATMENT,BASELINE,2592000
"Optional DNA RCR",139,,,
"Cycle 5 Day 12",139,ON_TREATMENT,CYCLE_5,950400
"Part 1 Cycle 1 Day 1",139,ON_TREATMENT,CYCLE_1,0
"WEEK104",139,ON_TREATMENT,BASELINE,62899200
"Visit 31 Week 214 Retest",138,ON_TREATMENT,BASELINE,129427200
"Cycle 4 Day 1 Retreatment",138,ON_TREATMENT,CYCLE_4,0
"Part 1 MAD Day 13",138,,,
"Treatment Day 2",138,ON_TREATMENT,,
"W85",138,ON_TREATMENT,BASELINE,51408000
"Loss Benefit / Disease Progression",138,DISEASE_PROGRESSION,,
"CYCLE1_PR_D1",138,,,
"Follow Up Month 24",138,FOLLOW_UP,END_OF_TREATMENT,62208000
"Tumor Assess W32",138,ON_TREATMENT,BASELINE,19353600
"Food E Day 2 24h",138,,,
"V03.12",138,ON_TREATMENT,,
"CYCLE 45 DAY 1",137,ON_TREATMENT,CYCLE_45,0
"Adjuvant Cycle 7 Day 1",137,ON_TREATMENT,CYCLE_7,0
"Week 61 Cohort 2",137,ON_TREATMENT,BASELINE,36892800
"A/B-12WK FOLLOW UP #4",137,FOLLOW_UP,,
"Week 13 Day 91",137,ON_TREATMENT,BASELINE,7862400
"Week 45 Day 309",137,ON_TREATMENT,BASELINE,27216000
"UNSCHED VISIT 1",137,UNSCHEDULED,,
"DAY-1",137,ON_TREATMENT,BASELINE,86400
"Week 24 Visit 14 Unscheduled or Retest",137,UNSCHEDULED,,
"B-RAMP C1D22",137,ON_TREATMENT,CYCLE_1,1814400
"Day 48",137,ON_TREATMENT,BASELINE,4147200
"MAD Day 1",137,,,
"Month 39 Follow Up",137,FOLLOW_UP,END_OF_TREATMENT,101088000
"Cycle 3 Day 1 RCR-RBR Sample Collection",136,ON_TREATMENT,CYCLE_3,0
"Tumor Assess W40",136,ON_TREATMENT,BASELINE,24192000
"Before Vaccination",136,,,
"WK 104 RE-TRT IN (or WD)",136,ON_TREATMENT,BASELINE,62899200
"Visit 126",136,ON_TREATMENT,,
"Other Biopsy",136,PROCEDURE,,
"P2A Day 22",136,,,
"Follow-Up Day 29",136,FOLLOW_UP,,
"DAY51",136,ON_TREATMENT,BASELINE,4406400
"Cycle 4 Day 22",135,ON_TREATMENT,CYCLE_4,1814400
"VISIT 55",135,ON_TREATMENT,,
"Study Completion/Discontinuation",135,END_OF_TREATMENT,,
"REC3D1",135,ON_TREATMENT,CYCLE_3,0
"C9",135,ON_TREATMENT,CYCLE_9,0
"II-III Cycle 3 Day 1",135,ON_TREATMENT,CYCLE_3,0
"Surveillance 1",135,,,
"Study Comp/Early Termination",135,END_OF_TREATMENT,,
"Tumor Assess W56",135,ON_TREATMENT,BASELINE,33868800
"24 Month Follow Up",135,FOLLOW_UP,,
"Cycle 9 Day 1 D",135,ON_TREATMENT,CYCLE_9,0
"Archive",134,ARCHIVAL,,
"P2/P3 C1D5 AT (IMMUN",134,ON_TREATMENT,CYCLE_1,345600
"WK5",134,ON_TREATMENT,BASELINE,3024000
"MAD DAY 1 12H",134,,,
"PD1 DAY 2",134,,,
"B-C4D1",134,ON_TREATMENT,CYCLE_4,0
"Cycle 69 Day 1",134,ON_TREATMENT,CYCLE_69,0
"MAD DAY 6",134,,,
"Week 31 Day 211",134,ON_TREATMENT,BASELINE,18748800
"PART 4 WK4 D28",134,ON_TREATMENT,BASELINE,2419200
"CYC1_PRIOR_D1",134,,,
"screening",133,SCREENING,SCREENING,0
"D148",133,ON_TREATMENT,BASELINE,12787200
"Week 17 to Week 18",133,ON_TREATMENT,BASELINE,10281600
"Obinutuzumab Retreatment 2",133,ON_TREATMENT,,
"Surveillance 4",133,,,
"Follow Up Month 36",133,FOLLOW_UP,END_OF_TREATMENT,93312000
"MAD FOLLOW UP DAY 20",133,FOLLOW_UP,,
"Disease progression",133,DISEASE_PROGRESSION,,
"DE C1D1",133,ON_TREATMENT,CYCLE_1,0
"UNSCH / RETEST",133,UNSCHEDULED,,
"C1D4OR5",133,ON_TREATMENT,CYCLE_1,259200
"WEEK13DAY1",133,ON_TREATMENT,BASELINE,7862400
"DAY 5",133,ON_TREATMENT,BASELINE,432000
"03",133,,,
"OL Week 24",133,ON_TREATMENT,BASELINE,14515200
"Double Blind Week 6",133,ON_TREATMENT,BASELINE,3628800
"FOLLOW-UP DAY 120",133,FOLLOW_UP,,
"End of Induction Cycle 6 Day 29",132,ON_TREATMENT,CYCLE_6,2419200
"Sample Transfer Req Only",132,,,
"MONTH10",132,ON_TREATMENT,BASELINE,25920000
"Visit 9 (Wk 8)",132,ON_TREATMENT,BASELINE,4838400
"Food E Day 1 0h",132,,,
"WK 104 RE-TRT 2 (or WD)",132,ON_TREATMENT,BASELINE,62899200
"CYCLE4_DAY15",132,ON_TREATMENT,CYCLE_4,1209600
"MAD SFU Visit 13 Day 113 ET",132,,,
"C40AD1",132,,,
"MAD DAY 13 PRE-DOSE",132,ON_TREATMENT,,
"PD1 DAY 3",132,,,
"WEEK_40",132,ON_TREATMENT,BASELINE,24192000
"ON-STUDY BIOPSY",131,PROCEDURE,,
"Follow Up Month 48",131,FOLLOW_UP,END_OF_TREATMENT,124416000
"Rani Switch",131,,,
"C4A",131,,,
"Week 25 Day 171",131,ON_TREATMENT,BASELINE,15120000
"Unscheduled or Retest Week 116",131,UNSCHEDULED,,
"SAD DAY 1 12H",131,,,
"CYCLE 48 DAY 1",131,ON_TREATMENT,CYCLE_48,0
"A: C1D5: Pre",131,ON_TREATMENT,CYCLE_1,345600
"3RDLINDISPROGRES",131,,,
"Fw-up/Year 6",131,ON_TREATMENT,BASELINE,189216000
"CYCLE 2 WEEK 1",130,ON_TREATMENT,BASELINE,604800
"DAY85PROX",130,ON_TREATMENT,BASELINE,7344000
"P2 C1D1 PRE(IMMUNO)S",130,ON_TREATMENT,CYCLE_1,0
"SMART_V1",130,,,
"MAD DAY 4",130,,,
"C50D1",130,ON_TREATMENT,CYCLE_50,0
"CYCLE 3/DAY 1",130,ON_TREATMENT,CYCLE_3,0
"Retest Screening",129,SCREENING,SCREENING,0
"Part 3 Screening",129,SCREENING,SCREENING,0
"Follow Up Visit 2 Month 18",129,FOLLOW_UP,END_OF_TREATMENT,46656000
"WEEK30",129,ON_TREATMENT,BASELINE,18144000
"MAD DAY 7 PRE-DOSE",129,ON_TREATMENT,,
"W97SC",129,ON_TREATMENT,BASELINE,58665600
"MAD DAY 7 2H",129,,,
"Adjuvant Cycle 15 Day 1",129,ON_TREATMENT,CYCLE_15,0
"End of treatment visit",129,END_OF_TREATMENT,,
"80 WEEKS",129,,,
"Following Treated Bleed",128,,,
"C46D1",128,ON_TREATMENT,CYCLE_46,0
"Tumor Assess W24",128,ON_TREATMENT,BASELINE,14515200
"MAD DAY 3 6H",128,,,
"Study Termination Herceptin",128,,,
"P2 C1D2(IMMUNO)SUB",128,ON_TREATMENT,CYCLE_1,86400
"STUDY TERM",128,,,
"Safety Follow-Up Visit 5",128,FOLLOW_UP,,
"W2SC",128,ON_TREATMENT,BASELINE,1209600
"MAD DAY 1 PRE-DOSE",127,ON_TREATMENT,,
"MAD DAY 5 PRE-DOSE",127,ON_TREATMENT,,
"D1: C2, 3, 4, 8, 12, 16 Atezo+Tira",127,ON_TREATMENT,BASELINE,86400
"Cycle 38 Day 1",127,ON_TREATMENT,CYCLE_38,0
"MAD DAY 2",127,,,
"Optional Exploratory Whole Blood",127,,,
"UDNAC5",127,,,
"FOLLOW-UP DAY 56",127,FOLLOW_UP,,
"Visit 6 (Wk 2)",127,ON_TREATMENT,BASELINE,1209600
"SAD DAY -1",127,,,
"Cycle 2 Day 1 Retest",127,ON_TREATMENT,CYCLE_2,0
"SCR ARCH/FRESH TMR INTERF ALFA",127,SCREENING,SCREENING,0
"WK9",127,ON_TREATMENT,BASELINE,5443200
"Week 171 on treatment",127,ON_TREATMENT,BASELINE,103420800
"Residual",127,,,
"Step Up Dose 1",127,ON_TREATMENT,,
"Period 1 Day 13",126,ON_TREATMENT,,
"COVID-19 vaccine COV3",126,,,
"Adjuvant Cycle 8 Day 1",126,ON_TREATMENT,CYCLE_8,0
"P2 C1D5(IMMUNO)SUB",126,ON_TREATMENT,CYCLE_1,345600
"PART 4 FINAL VISIT",126,,,
"C16",126,ON_TREATMENT,CYCLE_16,0
"RETREATMENT",126,ON_TREATMENT,,
"Week 25 Day 173",126,ON_TREATMENT,BASELINE,15120000
"Mid Treatment Response Assessment Cycle 3 Day 26",126,ON_TREATMENT,CYCLE_3,2160000
"21 WEEK 24",126,ON_TREATMENT,BASELINE,14515200
"TREATMENT TERMINATION",126,ON_TREATMENT,,
"P2 C1D1 POST(IMMUNO)",125,ON_TREATMENT,CYCLE_1,0
"CYCLE13",125,ON_TREATMENT,CYCLE_13,0
"MAD DAY 1 6H",125,,,
"Cycle 47 Day 1",125,ON_TREATMENT,CYCLE_47,0
"56 Days After Last Dose",125,ON_TREATMENT,,
"TumRes,C3D1S2,C3D1PII",125,ON_TREATMENT,CYCLE_3,0
"MAD DAY 3 PRE-DOSE",125,ON_TREATMENT,,
"P2 C2D1 PRE(IMMUNO)S",125,ON_TREATMENT,CYCLE_2,0
"Week 15 Day 99",125,ON_TREATMENT,BASELINE,9072000
"FU_MONTH8",125,FOLLOW_UP,,
"WEEK_44",125,ON_TREATMENT,BASELINE,26611200
"36 Month",125,ON_TREATMENT,BASELINE,93312000
"Week 8 +1 Day",125,ON_TREATMENT,BASELINE,4838400
"MONTH12IGEC",125,ON_TREATMENT,BASELINE,31104000
"28 Days Follow-Up",125,FOLLOW_UP,,
"Day 42 Follow Up",125,FOLLOW_UP,,
"MAD Visit 10 Day 64 MN",125,,,
"C11",124,ON_TREATMENT,CYCLE_11,0
"DAY-1SIG",124,ON_TREATMENT,BASELINE,86400
"Day 27",124,ON_TREATMENT,BASELINE,2332800
"Day 1 Part 1",124,ON_TREATMENT,BASELINE,86400
"Implant Month 17",124,PROCEDURE,,
"WK 104 (or WITHDRAWAL)",124,END_OF_TREATMENT,,
"Term",124,END_OF_TREATMENT,,
"Progressive Disease",124,,,
"Follow Up Month 60",124,FOLLOW_UP,END_OF_TREATMENT,155520000
"WK 8 RE-TRT 5",124,ON_TREATMENT,BASELINE,4838400
"ABCDG-Study Completion/Early Term",124,END_OF_TREATMENT,,
"W81",124,ON_TREATMENT,BASELINE,48988800
"Baseline Day -1",124,BASELINE,BASELINE,0
"EXTRA",124,,,
"Cycle 61 Day 1",124,ON_TREATMENT,CYCLE_61,0
"FRESH BX BLOOD COLL",124,,,
"SAD DAY 1 2H",124,,,
"CYCLE14_DAY1",123,ON_TREATMENT,CYCLE_14,0
"Ia Treatment Discontinuation/ Cross-over Sch I",123,END_OF_TREATMENT,,
"WK35",123,ON_TREATMENT,BASELINE,21168000
"Cycle 2 Day 2 Dose Expansion",123,ON_TREATMENT,CYCLE_2,86400
"SAD DAY 1 6H",123,,,
"WK116",123,ON_TREATMENT,BASELINE,70156800
"C45D1",123,ON_TREATMENT,CYCLE_45,0
"MAD DAY 13 2H",123,,,
"Cycle 1 Day 2 (Arm AB)",122,ON_TREATMENT,CYCLE_1,86400
"Follow Up Visit 2 Month 21",122,FOLLOW_UP,END_OF_TREATMENT,54432000
"Day 2 24H",122,ON_TREATMENT,BASELINE,172800
"Week 180 on treatment",122,ON_TREATMENT,BASELINE,108864000
"Cycle 2 Day 15 (Phase 1a)",122,ON_TREATMENT,CYCLE_2,1209600
"Follow Up Day 21",122,FOLLOW_UP,,
"Draw B",122,,,
"Post-Treatment",122,FOLLOW_UP,,
"A/B-12WK FOLLOW UP #1",122,FOLLOW_UP,,
"Retreat 2 wk 4",122,ON_TREATMENT,BASELINE,2419200
"Clinical Samples",121,,,
"C1D22C",121,ON_TREATMENT,CYCLE_1,1814400
"WK 24",121,ON_TREATMENT,BASELINE,14515200
"Cycle 13 Day 5",121,ON_TREATMENT,CYCLE_13,345600
"Enrollment C1D1",121,BASELINE,BASELINE,0
"P2 C3D1 PRE(IMMUNO)S",121,ON_TREATMENT,CYCLE_3,0
"WK13",121,ON_TREATMENT,BASELINE,7862400
"C60D1",121,ON_TREATMENT,CYCLE_60,0
"84 Days After Last Dose",121,ON_TREATMENT,,
"U/ET",121,,,
"ST_COMP_ET",121,,,
"Escalation Cycle 1 Day 2",121,ON_TREATMENT,CYCLE_1,86400
"FU16W",121,FOLLOW_UP,,
"Survival Follow Up",121,FOLLOW_UP,,
"Cycle 1 Day 1 (Study Day 1)",121,ON_TREATMENT,CYCLE_1,0
"CYC2_D1",121,ON_TREATMENT,CYCLE_2,0
"Week 109 OLE Cohort 2",120,ON_TREATMENT,BASELINE,65923200
"48 Week Safety Follow Up",120,FOLLOW_UP,,
"Screening Unscheduled",120,SCREENING,SCREENING,0
"WEEK54",120,ON_TREATMENT,BASELINE,32659200
"WK 24 RE-TRT 6",120,ON_TREATMENT,BASELINE,14515200
"CSF",120,,,
"MAD DAY 13 6H",120,,,
"Treatment Visit 4",120,ON_TREATMENT,,
"MAD DAY 5 6H",120,,,
"C71D1",120,ON_TREATMENT,CYCLE_71,0
"Cycle 1 Day 1 Arm B",119,ON_TREATMENT,CYCLE_1,0
"C1D4D5",119,ON_TREATMENT,CYCLE_1,259200
"Screening  Day -28 to -1",119,SCREENING,SCREENING,0
"CYCLE1_DAY11",119,ON_TREATMENT,CYCLE_1,864000
"SCNCX",119,,,
"Tumor Assess W8",119,ON_TREATMENT,BASELINE,4838400
"Month 60 Follow Up",119,FOLLOW_UP,END_OF_TREATMENT,155520000
"Part 2 End of Treatment",119,END_OF_TREATMENT,,
"9 Month",119,ON_TREATMENT,BASELINE,23328000
"21 RT 1 DAY 15",119,,,
"Week 189 on treatment",119,ON_TREATMENT,BASELINE,114307200
"MAD DAY 3 2H",119,,,
"Visit 15 (FU Wk20)",119,ON_TREATMENT,BASELINE,12096000
"Cycle 49 Day 1",119,ON_TREATMENT,CYCLE_49,0
"Retreat 2 wk 12",118,ON_TREATMENT,BASELINE,7257600
"M18FU",118,,,
"Adjuvant Cycle 9 Day 1",118,ON_TREATMENT,CYCLE_9,0
"Treat Compl/Early Term",118,,,
"Day 57 (Cohort 1 & 2)",118,ON_TREATMENT,BASELINE,4924800
"Unscheduled Visit/Retest",118,UNSCHEDULED,,
"OL Day 15 RT2D15",118,,,
"UNSCH C3XD8",118,UNSCHEDULED,,
"SAD DAY 2 24H",118,,,
"B-END OF COMBO",118,,,
"MAD DAY 7 6H",118,,,
"D134",118,ON_TREATMENT,BASELINE,11577600
"LTE Annual Assess",118,,,
"Part 1 Period 1 Day 2",118,,,
"DAY30",118,ON_TREATMENT,BASELINE,2592000
"ARWEEK28",118,ON_TREATMENT,BASELINE,16934400
"FOLLOW-UP DAY 84",117,FOLLOW_UP,,
"TX_COMP-TX_E_WD",117,,,
"A/B-12WK FOLLOW UP #5",117,FOLLOW_UP,,
"Tumor Assess W80",117,ON_TREATMENT,BASELINE,48384000
"SFUW24",117,ON_TREATMENT,BASELINE,14515200
"C1D8DE",116,ON_TREATMENT,CYCLE_1,604800
"P2 C2D1 POST(IMMUNO)",116,ON_TREATMENT,CYCLE_2,0
"C10",116,ON_TREATMENT,CYCLE_10,0
"CAPCTDNAW72",116,ON_TREATMENT,BASELINE,43545600
"Tumor Assessment Q8W",116,,,
"SPECIAL_ASSES",116,,,
"ARM C END OF TREATMENT",116,END_OF_TREATMENT,,
"VISIT LP",116,,,
"EoS",116,END_OF_TREATMENT,,
"WK17",116,ON_TREATMENT,BASELINE,10281600
"Q1Q3 C1D1 Pre PDL",116,ON_TREATMENT,CYCLE_1,0
"MAD DAY 8",116,,,
"Pre-Neoadjuvant therapy",115,,,
"C54D1",115,ON_TREATMENT,CYCLE_54,0
"A/B-4WK FOLLOW UP #3",115,FOLLOW_UP,,
"MAD DAY 5 2H",115,,,
"Cycle 3 day 1",115,ON_TREATMENT,CYCLE_3,0
"MONTH30IGE",115,ON_TREATMENT,BASELINE,77760000
"CYCLE 51 DAY 1",115,ON_TREATMENT,CYCLE_51,0
"C47D1",115,ON_TREATMENT,CYCLE_47,0
"Visit 29 Week 190 Retest",115,ON_TREATMENT,BASELINE,114912000
"Cycle 3 Day 1 (Phase 1b)",115,ON_TREATMENT,CYCLE_3,0
"Implant Month 18",115,PROCEDURE,,
"MAD DAY -1",115,,,
"Mid Treatment Response Assessment Cycle 3 Day 24",115,ON_TREATMENT,CYCLE_3,1987200
"Baseline MAIN",115,BASELINE,BASELINE,0
"B: C1D1: Pre",115,ON_TREATMENT,CYCLE_1,0
"SERUM 1RSRCH010",114,,,
"RT 3 DAY 15",114,ON_TREATMENT,CYCLE_3,1209600
"Every 12 Weeks W132",114,ON_TREATMENT,BASELINE,79833600
"Cycle 4 Day 4",114,ON_TREATMENT,CYCLE_4,259200
"Maintenance or Observation Month 12",114,ON_TREATMENT,BASELINE,31104000
"WITHDRAWL",114,,,
"Part 2 Day 8 AMD3",114,,,
"Part 2 Day 8",114,,,
"Open Label Day 1",114,,,
"Cycle 55 Day 1",114,ON_TREATMENT,CYCLE_55,0
"HJKLMNP Treatment Completion",113,END_OF_TREATMENT,,
"Treatment Visit 8",113,ON_TREATMENT,,
"Week 3 Day 2",113,ON_TREATMENT,BASELINE,1814400
"Week 198 on treatment",113,ON_TREATMENT,BASELINE,119750400
"Unscheduled Visit 1",113,UNSCHEDULED,,
"Cycle 1 Day 1 Arm C",113,ON_TREATMENT,CYCLE_1,0
"V04.12",113,ON_TREATMENT,,
"V05.11",113,ON_TREATMENT,,
"Cycle3 Day1 Arm A",113,ON_TREATMENT,CYCLE_3,0
"Tumor Assess W48",113,ON_TREATMENT,BASELINE,29030400
"Draw C",113,,,
"Part 1 Period 1 Day 3",113,,,
"Follow Up Month 18",112,FOLLOW_UP,END_OF_TREATMENT,46656000
"Week 16 Part 1",112,ON_TREATMENT,BASELINE,9676800
"Day 1 Part 2",112,ON_TREATMENT,BASELINE,86400
"Retreat 3 Day 1",112,,,
"C14",112,ON_TREATMENT,CYCLE_14,0
"Cycle 1 Day 2 Dose Expansion",112,ON_TREATMENT,CYCLE_1,86400
"CRBX",112,,,
"Week 36 Day 251",112,ON_TREATMENT,BASELINE,21772800
"On Treatment Bone Marrow Aspirate Biopsy",112,PROCEDURE,,
"WK60",112,ON_TREATMENT,BASELINE,36288000
"120 Days Aft. TX Discontinuation",112,END_OF_TREATMENT,,
"OL Day 1RT1D1",111,,,
"Retreat 2 wk 24",111,ON_TREATMENT,BASELINE,14515200
"Part 3 Day 20",111,,,
"Food E Day 1 8h",111,,,
"C1D1D2",111,ON_TREATMENT,CYCLE_1,0
"Q8W Week 121",111,ON_TREATMENT,BASELINE,73180800
"88 WEEKS",111,,,
"Day141",111,ON_TREATMENT,BASELINE,12182400
"Day 46",110,ON_TREATMENT,BASELINE,3974400
"Visit 4 Additional Pharmacokinetic Sampling",110,ON_TREATMENT,,
"Week 40 Day 280 Safety Follow Up",110,FOLLOW_UP,END_OF_TREATMENT,24192000
"P2/P3 C5D5 (IMMUNO)",110,ON_TREATMENT,CYCLE_5,345600
"DAY140_STAGE2",110,ON_TREATMENT,BASELINE,12096000
"POSTV1",110,,,
"D93",110,ON_TREATMENT,BASELINE,8035200
"Cycle 50 Day 1",110,ON_TREATMENT,CYCLE_50,0
"CYCLE15",110,ON_TREATMENT,CYCLE_15,0
"WK72",110,ON_TREATMENT,BASELINE,43545600
"15 Month",110,ON_TREATMENT,BASELINE,38880000
"C4D1DE",110,ON_TREATMENT,CYCLE_4,0
"Screening Period 1",110,SCREENING,SCREENING,0
"Visit 7 (Wk 4)",110,ON_TREATMENT,BASELINE,2419200
"D120 POST STDY CMPLT",110,ON_TREATMENT,BASELINE,10368000
"Visit 42",110,ON_TREATMENT,,
"OLE Week 101",110,ON_TREATMENT,BASELINE,61084800
"C16D1 PREDOSE",110,ON_TREATMENT,CYCLE_16,0
"MAD DAY 1 2H",109,,,
"Cycle 2 Day 8-21",109,ON_TREATMENT,CYCLE_2,604800
"OLE Follow Up 1",109,FOLLOW_UP,,
"C8D1 PREDOSE",109,ON_TREATMENT,CYCLE_8,0
"P2/P3 C5D1 POST (IMM",109,ON_TREATMENT,CYCLE_5,0
"C3D2",109,ON_TREATMENT,CYCLE_3,86400
"120 Days After Last Dose MPDL3280A",109,ON_TREATMENT,,
"On-treatment",109,ON_TREATMENT,,
"Part II C1 Day 1",109,ON_TREATMENT,CYCLE_1,0
"ARM D END OF TREATMENT",109,END_OF_TREATMENT,,
"DAY 1 RE-TRT 7",109,ON_TREATMENT,BASELINE,86400
"Pre-treatment",109,ON_TREATMENT,,
"Adjuvant Cycle 4 Day 1",109,ON_TREATMENT,CYCLE_4,0
"Week 336",109,ON_TREATMENT,BASELINE,203212800
"Part 1 Period 1 Day 4",109,,,
"SERUM",108,,,
"DAY 15 RE-TRT 4",108,ON_TREATMENT,BASELINE,1296000
"Week 128SUPP",108,ON_TREATMENT,BASELINE,77414400
"Mid Treatment Response Assessment Cycle 3 Day 27",108,ON_TREATMENT,CYCLE_3,2246400
"Metastatic SCRNTISSUE",108,,,
"VISIT1/M36",108,ON_TREATMENT,,
"DAY9",108,ON_TREATMENT,BASELINE,777600
"C5 DAY 1",108,ON_TREATMENT,CYCLE_5,0
"Cycle 2 Day 28",108,ON_TREATMENT,CYCLE_2,2332800
"DAY44",108,ON_TREATMENT,BASELINE,3801600
"Inclusion (V1)",108,,,
"Cycle 3 Day 1 Retreatment",108,ON_TREATMENT,CYCLE_3,0
"Re-Entry Screening",107,SCREENING,SCREENING,0
"DAY16",107,ON_TREATMENT,BASELINE,1382400
"C3A",107,,,
"CYCLE3_DAY2",107,ON_TREATMENT,CYCLE_3,86400
"MAINTENANCE CYCLE 1",107,,,
"UN",107,UNSCHEDULED,,
"C4 Day 15",107,ON_TREATMENT,CYCLE_4,1209600
"Atezo+Cabo C5D1",107,ON_TREATMENT,CYCLE_5,0
"Implant Day 1",107,PROCEDURE,,
"Cycle1day2",107,ON_TREATMENT,CYCLE_1,86400
"Follow-up Visit 16",107,FOLLOW_UP,,
"RBR Optional Blood Collection",106,,,
"V9-BB",106,ON_TREATMENT,,
"P2/P3 C5D2 (IMMUNO)",106,ON_TREATMENT,CYCLE_5,86400
"Period 1 Day 15",106,ON_TREATMENT,,
"OLE Week 136",106,ON_TREATMENT,BASELINE,82252800
"WK5D1",106,ON_TREATMENT,BASELINE,3024000
"UDNATC",106,,,
"Week 204",105,ON_TREATMENT,BASELINE,123379200
"C1D3A",105,ON_TREATMENT,CYCLE_1,172800
"SERUM 1RSRCH009",105,,,
"C1D9 192HR P1B SC",105,ON_TREATMENT,CYCLE_1,1382400
"A/B-12WK FOLLOW UP #6",105,FOLLOW_UP,,
"Safety C2D15",105,ON_TREATMENT,CYCLE_2,1209600
"SERUM 2RSRCH009",105,,,
"Week 2 Day 1",105,ON_TREATMENT,BASELINE,1209600
"Week 2 Day 2",105,ON_TREATMENT,BASELINE,1209600
"IRR Visit",105,,,
"Cycle 52 Day 1",105,ON_TREATMENT,CYCLE_52,0
"Cycle 8 Day 8",105,ON_TREATMENT,CYCLE_8,604800
"Tumor Assess W96",105,ON_TREATMENT,BASELINE,58060800
"Maintenance or Observation Month 18",105,ON_TREATMENT,BASELINE,46656000
"Day 84 Follow-up",104,FOLLOW_UP,,
"C10D1 PREDOSE",104,ON_TREATMENT,CYCLE_10,0
"PKPD",104,,,
"End of study",104,END_OF_TREATMENT,,
"DAY37",104,ON_TREATMENT,BASELINE,3196800
"C1D1 PRE",104,ON_TREATMENT,CYCLE_1,0
"Cycle 1 Day 9 Dose Expansion",104,ON_TREATMENT,CYCLE_1,691200
"C1 D15",104,ON_TREATMENT,CYCLE_1,1209600
"P2 C2D2(IMMUNO)SUB",104,ON_TREATMENT,CYCLE_2,86400
"D90 POST STDY CMPLT/",104,ON_TREATMENT,BASELINE,7776000
"PART I: C1D1 -0.17H",104,ON_TREATMENT,CYCLE_1,61200
"SM12: C3D8-D21",104,ON_TREATMENT,CYCLE_3,604800
"First dose of intrapatient dose escalation",104,ON_TREATMENT,,
"Cycle 8",104,ON_TREATMENT,CYCLE_8,0
"ARM B END OF TREATMENT",104,END_OF_TREATMENT,,
"Pre-Chemotherapy",104,,,
"4-Week Safety Follow-up",104,FOLLOW_UP,,
"Double Blind Week 18",103,ON_TREATMENT,BASELINE,10886400
"POOLALIQ",103,,,
"ARM A C1D1",103,ON_TREATMENT,CYCLE_1,0
"Tumor Assess W64",103,ON_TREATMENT,BASELINE,38707200
"FU Wk 24",103,FOLLOW_UP,,
"UDNAC7",103,,,
"FU 48 WEEKS",103,FOLLOW_UP,,
"WEEK42",103,ON_TREATMENT,BASELINE,25401600
"C1D2 3HR P1B SC",103,ON_TREATMENT,CYCLE_1,97200
"Unscheduled or Retest Week 52",103,UNSCHEDULED,,
"Follow-up Visit 11",103,FOLLOW_UP,,
"DAY 15 RE-TRT 5",102,ON_TREATMENT,BASELINE,1296000
"Retest C4D1",102,UNSCHEDULED,,
"EXTENDED_FU1",102,,,
"UNSCH1",102,UNSCHEDULED,,
"Neoadjuvant",102,,,
"C4D2",102,ON_TREATMENT,CYCLE_4,86400
"B-BG END OF COMBO",102,,,
"DBT Rescreen",102,,,
"C17",102,ON_TREATMENT,CYCLE_17,0
"D2 MAD",102,ON_TREATMENT,BASELINE,172800
"W9SRI",102,ON_TREATMENT,BASELINE,5443200
"D1W9",102,ON_TREATMENT,BASELINE,5443200
"FOLLOW_UP_EARLY_TERM",102,FOLLOW_UP,,
"ITV Month 6",102,ON_TREATMENT,BASELINE,15552000
"Induction Cycle 1 Day 28",102,ON_TREATMENT,CYCLE_1,2332800
"A/B-12WK FOLLOW UP #7",101,FOLLOW_UP,,
"Day 52",101,ON_TREATMENT,BASELINE,4492800
"Visit 33 Week 238 Retest",101,ON_TREATMENT,BASELINE,143942400
"ADDC4",101,,,
"CYCLE14",101,ON_TREATMENT,CYCLE_14,0
"Atezolizumab Treatment Completion/Discontinuation",101,END_OF_TREATMENT,,
"REFILL DAY 0",101,,,
"DNA SUBSTUDY",100,,,
"STUDYTXDC",100,,,
"A B C",100,,,
"C2B",100,,,
"Implant Month 19",100,PROCEDURE,,
"Food E Day 3 48h",100,,,
"Cycle 3 Day 6",100,ON_TREATMENT,CYCLE_3,432000
"C1D10",100,ON_TREATMENT,CYCLE_1,777600
"Unscheduled Archival",100,UNSCHEDULED,,
"ARM E END OF TREATMENT",100,END_OF_TREATMENT,,
"DAY4MD",100,ON_TREATMENT,BASELINE,345600
"Step-up Dose 1 Plus 1 Day",100,ON_TREATMENT,,
"MONTH24IGE",100,ON_TREATMENT,BASELINE,62208000
"Day 15 Follow-up",99,FOLLOW_UP,,
"RT 4",99,,,
"Day 224",99,ON_TREATMENT,BASELINE,19353600
"Week 26 Day 183",99,ON_TREATMENT,BASELINE,15724800
"5DP-C1D21",99,ON_TREATMENT,CYCLE_1,1728000
"Week 85 - Mobile Nursing",99,ON_TREATMENT,BASELINE,51408000
"CYCLE1_DAY4-5",99,ON_TREATMENT,CYCLE_1,259200
"Adjuvant Cycle 17 Day 1",99,ON_TREATMENT,CYCLE_17,0
"Week 384",99,ON_TREATMENT,BASELINE,232243200
"Concurrent Phase Cycle 1  Day 22",99,ON_TREATMENT,CYCLE_1,1814400
"C49D1",99,ON_TREATMENT,CYCLE_49,0
"Follow Up Month 54",99,FOLLOW_UP,END_OF_TREATMENT,139968000
"Cycle 3 Day 1 (Phase 1a)",98,ON_TREATMENT,CYCLE_3,0
"SMART_V2",98,,,
"WK3D1",98,ON_TREATMENT,BASELINE,1814400
"Cycle 1 Day 4 Arm B",98,ON_TREATMENT,CYCLE_1,259200
"Fresh Mandatory Fresh Biopsy",98,PROCEDURE,,
"Adjuvant Cycle 16 Day 1",98,ON_TREATMENT,CYCLE_16,0
"CYCLE21_DAY1",98,ON_TREATMENT,CYCLE_21,0
"Day 14 PREDOSE",98,ON_TREATMENT,BASELINE,1209600
"Week 120 Double Blind Period",98,ON_TREATMENT,BASELINE,72576000
"Week 1 First Visit",98,ON_TREATMENT,BASELINE,604800
"T1_DAY1",98,,,
"P2/P3 C4D1 POST (IMM",98,ON_TREATMENT,CYCLE_4,0
"C1D1 PRE P1A",98,ON_TREATMENT,CYCLE_1,0
"Retreat FU wk 12",98,ON_TREATMENT,BASELINE,7257600
"P2/P3 C5D1 PRE (IMMU",98,ON_TREATMENT,CYCLE_5,0
"Food E Day 1 1h",97,,,
"C20D1 PREDOSE",97,ON_TREATMENT,CYCLE_20,0
"Treatment discontinuation",97,END_OF_TREATMENT,,
"DAY113MD",97,ON_TREATMENT,BASELINE,9763200
"Week 125",97,ON_TREATMENT,BASELINE,75600000
"DISC_MD",97,,,
"Food E Day 1 4h",97,,,
"MONTH18IGEC",97,ON_TREATMENT,BASELINE,46656000
"Month 45 Follow Up",97,FOLLOW_UP,END_OF_TREATMENT,116640000
"Study Treatment Discontinuation",97,END_OF_TREATMENT,,
"DAY 169",96,ON_TREATMENT,BASELINE,14601600
"P2B D-1",96,,,
"ARDAY3",96,,,
"Visit 9 Week 120",96,ON_TREATMENT,BASELINE,72576000
"Follow-up Day 90",96,FOLLOW_UP,,
"C3D8-D21",96,ON_TREATMENT,CYCLE_3,604800
"P2/P3 C4D2 (IMMUNO)",96,ON_TREATMENT,CYCLE_4,86400
"V03.1",96,ON_TREATMENT,,
"P2B Day 50 Follow Up",96,FOLLOW_UP,,
"C1D1M",96,ON_TREATMENT,CYCLE_1,0
"Cycle2 Day1 Arm B",96,ON_TREATMENT,CYCLE_2,0
"Retreatment Day 1",96,ON_TREATMENT,,
"Day 61",96,ON_TREATMENT,BASELINE,5270400
"Retreatment Week 12",96,ON_TREATMENT,BASELINE,7257600
"Period 1  Day 4",96,ON_TREATMENT,,
"RELAPSE EVAL",96,,,
"C20",95,ON_TREATMENT,CYCLE_20,0
"C2D8ABC",95,ON_TREATMENT,CYCLE_2,604800
"Cycle 1 Day 1 Predose",95,ON_TREATMENT,CYCLE_1,0
"C19",95,ON_TREATMENT,CYCLE_19,0
"Cycle4day8",95,ON_TREATMENT,CYCLE_4,604800
"P2B D15",95,,,
"FU.YEAR1",95,ON_TREATMENT,BASELINE,31536000
"Implant Month 20",95,PROCEDURE,,
"BCM",95,,,
"28DFU",95,,,
"OL Day 1RT2D1",94,,,
"V01.11",94,ON_TREATMENT,,
"Cycle 80 Day 1",94,ON_TREATMENT,CYCLE_80,0
"Post-Screen",94,,,
"V3-MAIN",94,ON_TREATMENT,,
"CYCLE23_DAY1",94,ON_TREATMENT,CYCLE_23,0
"Reccurence",94,,,
"Part II C1 Day 15",94,ON_TREATMENT,CYCLE_1,1209600
"WEEK78",94,ON_TREATMENT,BASELINE,47174400
"C28D1 PREDOSE",94,ON_TREATMENT,CYCLE_28,0
"RECUR",94,,,
"PD2 DAY10",94,,,
"C13",94,ON_TREATMENT,CYCLE_13,0
"Week 73 - Mobile Nursing",94,ON_TREATMENT,BASELINE,44150400
"Cycle 1 Day 23",94,ON_TREATMENT,CYCLE_1,1900800
"DAY 141",94,ON_TREATMENT,BASELINE,12182400
"Tumor Assess W16",94,ON_TREATMENT,BASELINE,9676800
"Maintenance Month 18 Day 1",94,ON_TREATMENT,BASELINE,46656000
"Cycle 4 Day 6",94,ON_TREATMENT,CYCLE_4,432000
"WEEK 132",94,ON_TREATMENT,BASELINE,79833600
"DAY23",94,ON_TREATMENT,BASELINE,1987200
"Unscheduled/Retest Week 24",94,UNSCHEDULED,,
"FU Week 12",94,FOLLOW_UP,,
"FOLLOW-UP DAY 14",94,FOLLOW_UP,,
"Day 14 6H",93,ON_TREATMENT,BASELINE,1209600
"Cycle 3 Day 28",93,ON_TREATMENT,CYCLE_3,2332800
"A/B-12WK POST FOLLOW UP #2",93,FOLLOW_UP,,
"D106",93,ON_TREATMENT,BASELINE,9158400
"FUP_EARLY_TERM",93,,,
"ITV Month 3",93,ON_TREATMENT,BASELINE,7776000
"C1D1 P1/P2 TRIPLE",93,ON_TREATMENT,CYCLE_1,0
"Day 2 PREDOSE",93,ON_TREATMENT,BASELINE,172800
"Maintenance or Observation Month 8",92,ON_TREATMENT,BASELINE,20736000
"WK7D1",92,ON_TREATMENT,BASELINE,4233600
"Day -1 DDI",92,ON_TREATMENT,BASELINE,86400
"PART 2 Day 8",92,,,
"Week 117",92,ON_TREATMENT,BASELINE,70761600
"CYCLE 57 DAY 1",92,ON_TREATMENT,CYCLE_57,0
"Study Comp",92,,,
"P2B D2",92,,,
"Survival Follow-Up Month 3",92,FOLLOW_UP,END_OF_TREATMENT,7776000
"V04.1",92,ON_TREATMENT,,
"CYCLE 54 DAY 1",92,ON_TREATMENT,CYCLE_54,0
"STUDY TX DISCONTINUATION",92,END_OF_TREATMENT,,
"CYCLE17",92,ON_TREATMENT,CYCLE_17,0
"DISC_SD",92,,,
"Week 432",92,ON_TREATMENT,BASELINE,261273600
"Week 9 Day 64",92,ON_TREATMENT,BASELINE,5443200
"21  RT  2 DAY 1",92,,,
"Cycle 1 Day 14",92,ON_TREATMENT,CYCLE_1,1123200
"12 Week Additional Open Label Cycle Post Day 1 Inf.",91,,,
"SCREENCOL",91,,,
"Bronchoscopy Visit",91,PROCEDURE,,
"Maintenance Month 12 Day 1",91,ON_TREATMENT,BASELINE,31104000
"Part II C1 Day 8",91,ON_TREATMENT,CYCLE_1,604800
"Follow-up Day 224",91,FOLLOW_UP,,
"End of Treatment Week 48 Day 336",91,END_OF_TREATMENT,,
"FOLLOW_UP_M9",91,FOLLOW_UP,,
"Retreat FU wk 24",91,ON_TREATMENT,BASELINE,14515200
"Week 52 Visit 28 Unscheduled or Retest",91,UNSCHEDULED,,
"REC1D15",91,ON_TREATMENT,CYCLE_1,1209600
"ITV Month 1",91,ON_TREATMENT,BASELINE,2592000
"Food EP Day 4 72h",91,,,
"CTCCAPW36",90,ON_TREATMENT,BASELINE,21772800
"P2B D8",90,,,
"S48WFU",90,,,
"Visit 39 Week 310 Retest",90,ON_TREATMENT,BASELINE,187488000
"Treatment Visit 6",90,ON_TREATMENT,,
"OLE DO",90,,,
"Treatment Day 7",90,ON_TREATMENT,,
"MONOTHERAPY3",90,,,
"Escalation Cycle 2 Day 2",90,ON_TREATMENT,CYCLE_2,86400
"ENDC8",90,,,
"Week 4 Day 1",90,ON_TREATMENT,BASELINE,2419200
"Week 3 Day 20",90,ON_TREATMENT,BASELINE,1814400
"Cycle 6 Day 1 Retreatment",90,ON_TREATMENT,CYCLE_6,0
"DAY78",90,ON_TREATMENT,BASELINE,6739200
"Period 1 Day -1",90,ON_TREATMENT,,
"DAY196_STAGE2",90,ON_TREATMENT,BASELINE,16934400
"Part 1 Cycle 4 Day 1",90,ON_TREATMENT,CYCLE_4,0
"1 WEEK POST-REFILL",90,,,
"DAY 9",90,ON_TREATMENT,BASELINE,777600
"Cycle 11 Week 12",90,ON_TREATMENT,BASELINE,7257600
"Day -1 P1",90,ON_TREATMENT,BASELINE,86400
"Day 25",89,ON_TREATMENT,BASELINE,2160000
"Week 408",89,ON_TREATMENT,BASELINE,246758400
"C1D2 PRE P2",89,ON_TREATMENT,CYCLE_1,86400
"OLE Week 145",89,ON_TREATMENT,BASELINE,87696000
"D60 POST STDY CMPLT/",89,ON_TREATMENT,BASELINE,5184000
"Cycle2day8",89,ON_TREATMENT,CYCLE_2,604800
"Cohort G Screening",89,SCREENING,SCREENING,0
"Observation Visit",89,,,
"Week 194",89,ON_TREATMENT,BASELINE,117331200
"On Study",89,,,
"ITV Randomization / Day 1",89,BASELINE,BASELINE,0
"V02.21",89,ON_TREATMENT,,
"CSF WEEK 156",89,ON_TREATMENT,BASELINE,94348800
"OPTW24",89,ON_TREATMENT,BASELINE,14515200
"RESCEU_Vex3",89,,,
"D162",89,ON_TREATMENT,BASELINE,13996800
"Treatment Visit 10",89,ON_TREATMENT,,
"C12D1 PREDOSE",89,ON_TREATMENT,CYCLE_12,0
"End of Treatment Week 30",89,END_OF_TREATMENT,,
"Fresh Screening",89,SCREENING,SCREENING,0
"MAD Day 1 0h",89,,,
"P2A DAY113 F/U",89,,,
"End of Infusion",89,ON_TREATMENT,,
"Retreatment Week 4",89,ON_TREATMENT,BASELINE,2419200
"Retreatment Week 24",88,ON_TREATMENT,BASELINE,14515200
"END OF STUDY",88,END_OF_TREATMENT,,
"Cycle 58 Day 1",88,ON_TREATMENT,CYCLE_58,0
"21  RT  2 DAY 15",88,,,
"CYCLE 60 DAY 1",88,ON_TREATMENT,CYCLE_60,0
"Fu",88,FOLLOW_UP,,
"On Treatment Day 28",88,ON_TREATMENT,,
"Week 152SUPP",88,ON_TREATMENT,BASELINE,91929600
"UDNAC1",88,,,
"C1D10OR11",88,ON_TREATMENT,CYCLE_1,777600
"Week 456",88,ON_TREATMENT,BASELINE,275788800
"Follow-up Day 35",88,FOLLOW_UP,,
"Adjuvant Cycle 18 Day 1",88,ON_TREATMENT,CYCLE_18,0
"Tumor Assess W72",88,ON_TREATMENT,BASELINE,43545600
"Period 2  Day 10",88,ON_TREATMENT,,
"C2XD1",88,,,
"Follow-up Day 70",87,FOLLOW_UP,,
"Cycle 7 Day 15",87,ON_TREATMENT,CYCLE_7,1209600
"Week 57 (or 28 days after end of treatment in case of premature discontinuation",87,END_OF_TREATMENT,,
"Period 1  Day 3",87,ON_TREATMENT,,
"Surgery/End of Treatment",87,END_OF_TREATMENT,,
"B-BG C4D1",87,ON_TREATMENT,CYCLE_4,0
"CYCLE1_DAY18-19",87,ON_TREATMENT,CYCLE_1,1468800
"Disease Prog.",87,,,
"Period 1  Day 2",87,ON_TREATMENT,,
"DISC1/ET",87,END_OF_TREATMENT,,
"Visit 11 Week 96 Retest",87,ON_TREATMENT,BASELINE,58060800
"Week 144 Double Blind Period",87,ON_TREATMENT,BASELINE,87091200
"Period 1 Day 4",87,ON_TREATMENT,,
"Period 2  Day 9",87,ON_TREATMENT,,
"C53D1",87,ON_TREATMENT,CYCLE_53,0
"Cycle 0 Day 3 (Arm AB)",87,ON_TREATMENT,CYCLE_0,172800
"CYCLE6_DAY8",87,ON_TREATMENT,CYCLE_6,604800
"STOP MS II",87,,,
"Week 1 Day 1 2HR",87,ON_TREATMENT,BASELINE,604800
"OLE Week 32",87,ON_TREATMENT,BASELINE,19353600
"P2A Day 43  Follow U",86,,,
"PPI Cohort Visit 6/Day 8",86,,,
"C2 Day 15",86,ON_TREATMENT,CYCLE_2,1209600
"Cycle3day8",86,ON_TREATMENT,CYCLE_3,604800
"Day 33",86,ON_TREATMENT,BASELINE,2851200
"Survival Follow-Up Month 6",86,FOLLOW_UP,END_OF_TREATMENT,15552000
"Cycle 77 Day 1",86,ON_TREATMENT,CYCLE_77,0
"Retreat FU wk 20",86,ON_TREATMENT,BASELINE,12096000
"Screening Fresh",85,SCREENING,SCREENING,0
"Follow Up Month 72",85,FOLLOW_UP,END_OF_TREATMENT,186624000
"B: C1D5: Pre",85,ON_TREATMENT,CYCLE_1,345600
"WK 48 RE-TRT 5",85,ON_TREATMENT,BASELINE,29030400
"RESCUE WEEK 1",85,ON_TREATMENT,BASELINE,604800
"Retreat FU wk 16",85,ON_TREATMENT,BASELINE,9676800
"Week 20 Day 134",85,ON_TREATMENT,BASELINE,12096000
"SAFETY_FU_3",85,FOLLOW_UP,,
"Visit 27 Week 166 Retest",85,ON_TREATMENT,BASELINE,100396800
"Day 1 Pre-dose",85,ON_TREATMENT,BASELINE,86400
"Tumor Assess W88",85,ON_TREATMENT,BASELINE,53222400
"Virological Breakthrough / Relapse",85,,,
"FOLLOW_UP_M12",85,FOLLOW_UP,,
"FU WEEK 72",85,FOLLOW_UP,,
"C58D1",85,ON_TREATMENT,CYCLE_58,0
"Post-Neoadjuvant therapy",85,,,
"Cycle 59 Day 1",85,ON_TREATMENT,CYCLE_59,0
"Post-Chemotherapy",85,,,
"C5D8",85,ON_TREATMENT,CYCLE_5,604800
"Cycle5day8",84,ON_TREATMENT,CYCLE_5,604800
"W56",84,ON_TREATMENT,BASELINE,33868800
"Additional Open Label Cycle 3 Week 12 Post Day 1 Infusion",84,ON_TREATMENT,BASELINE,7257600
"Cycle 5 Day 4",84,ON_TREATMENT,CYCLE_5,259200
"Cycle1day8",84,ON_TREATMENT,CYCLE_1,604800
"C8D4",84,ON_TREATMENT,CYCLE_8,259200
"SMART_Vex1",84,,,
"C6D1ABC",84,ON_TREATMENT,CYCLE_6,0
"Treatment Visit 9",84,ON_TREATMENT,,
"Week 26 Visit 9",84,ON_TREATMENT,BASELINE,15724800
"WK 104 RE-TRT IN (or WITHDRAWAL)",84,END_OF_TREATMENT,,
"Day 1 Visit 2 Unscheduled or Retest",84,UNSCHEDULED,,
"Part II C2 Day 8",84,ON_TREATMENT,CYCLE_2,604800
"Tissue Submission",84,,,
"D1ADDTC05",84,ON_TREATMENT,BASELINE,86400
"Part 2 Day 5 AMD5",84,,,
"C51D1",84,ON_TREATMENT,CYCLE_51,0
"Day 57 Follow Up",84,FOLLOW_UP,,
"Week 104SUPP",84,ON_TREATMENT,BASELINE,62899200
"Pooled",84,,,
"Follow Up Visit 2 Month 12",84,FOLLOW_UP,END_OF_TREATMENT,31104000
"VISIT7",84,ON_TREATMENT,,
"Part II C2 Day 1",84,ON_TREATMENT,CYCLE_2,0
"WK 104 RE-TRT 2 (or WITHDRAWAL)",84,END_OF_TREATMENT,,
"Day 85 Follow Up",83,FOLLOW_UP,,
"SAD DAY 1 PREDOSE",83,ON_TREATMENT,,
"B cell monitoring visit 2",83,,,
"PK/HACA",83,,,
"P2A D-1",83,,,
"Optional Fresh Biops",83,,,
"Week 18",83,ON_TREATMENT,BASELINE,10886400
"Period 2 Day 3",83,ON_TREATMENT,,
"A/B-12WK FOLLOW UP #9",83,FOLLOW_UP,,
"Follow-up Visit 13",83,FOLLOW_UP,,
"ARM B C1D1",83,ON_TREATMENT,CYCLE_1,0
"DAY85SD",83,ON_TREATMENT,BASELINE,7344000
"P2B D29",83,,,
"Visit 37 Week 286 Retest",83,ON_TREATMENT,BASELINE,172972800
"DBT Week 52",83,ON_TREATMENT,BASELINE,31449600
"Visit 35 Week 262 Retest",83,ON_TREATMENT,BASELINE,158457600
"END_OF_STUDY",83,END_OF_TREATMENT,,
"WK96",83,ON_TREATMENT,BASELINE,58060800
"FU Week 4",83,FOLLOW_UP,,
"OL Day 1 RT6D1",83,,,
"Screen D-56 to D-2",83,SCREENING,SCREENING,0
"Week 360",83,ON_TREATMENT,BASELINE,217728000
"Week 129",83,ON_TREATMENT,BASELINE,78019200
"Run In Day - 7",82,BASELINE,BASELINE,0
"P2B D22",82,,,
"Unscheduled/Retest Week 52",82,UNSCHEDULED,,
"PTW28",82,ON_TREATMENT,BASELINE,16934400
"Step-up Dose 3 Plus 1 Day",82,ON_TREATMENT,,
"DAY 50",82,ON_TREATMENT,BASELINE,4320000
"Visit 15",82,ON_TREATMENT,,
"SS2",82,,,
"CYCLE 3/DAY 15",82,ON_TREATMENT,CYCLE_3,1209600
"WK 104 RE-TRT 3 (or WD)",82,ON_TREATMENT,BASELINE,62899200
"Survival Follow-Up Month 9",82,FOLLOW_UP,END_OF_TREATMENT,23328000
"Week 13 Day 87",82,ON_TREATMENT,BASELINE,7862400
"C18",82,ON_TREATMENT,CYCLE_18,0
"Period 1 Day 5",82,ON_TREATMENT,,
"UDNAUNS",81,,,
"FU Week 24",81,FOLLOW_UP,,
"Part II C3 Day 1",81,ON_TREATMENT,CYCLE_3,0
"Unscheduled/Retest Week 116",81,UNSCHEDULED,,
"Period 1  Day 5",81,ON_TREATMENT,,
"36 Week Safety Follow Up",81,FOLLOW_UP,,
"End of Combination Treatment Response Visit after End of Treatment",81,END_OF_TREATMENT,,
"Day 43 Follow Up",81,FOLLOW_UP,,
"Period 3 Day 41",81,ON_TREATMENT,,
"ITV Month 4",81,ON_TREATMENT,BASELINE,10368000
"DAY92",81,ON_TREATMENT,BASELINE,7948800
"P2B Day 78 Follow Up",81,FOLLOW_UP,,
"C62D1",81,ON_TREATMENT,CYCLE_62,0
"End of Consolidation",81,,,
"D28",81,ON_TREATMENT,BASELINE,2419200
"Investigator Discretion",81,,,
"C80D1",81,ON_TREATMENT,CYCLE_80,0
"W42",81,ON_TREATMENT,BASELINE,25401600
"P2A D57 F/U",81,,,
"W92",80,ON_TREATMENT,BASELINE,55641600
"Day 2-3",80,ON_TREATMENT,BASELINE,172800
"Cycle 13 Day 2",80,ON_TREATMENT,CYCLE_13,86400
"Safety Follow Up Week 72",80,FOLLOW_UP,END_OF_TREATMENT,43545600
"DAY17",80,ON_TREATMENT,BASELINE,1468800
"EOI",80,,,
"C1D28",80,ON_TREATMENT,CYCLE_1,2332800
"C2D8 P1B",80,ON_TREATMENT,CYCLE_2,604800
"Day 113 Follow Up",80,FOLLOW_UP,,
"P2A DAY85 F/U",80,,,
"Week 3 Day 18",80,ON_TREATMENT,BASELINE,1814400
"Follow-up Visit 14",80,FOLLOW_UP,,
"SERUM 2RSRCH010",80,,,
"W8 D56 AQUEOUS HUMOR P2",80,ON_TREATMENT,BASELINE,4838400
"Visit 2 (Wk 0)",80,ON_TREATMENT,BASELINE,0
"Intra-patient Dose Escalation Day 1",80,ON_TREATMENT,,
"Disease Relapse",79,,,
"Response Confirmation",79,,,
"CYCLE 63 DAY 1",79,ON_TREATMENT,CYCLE_63,0
"DE/EX Except BXA & BXB C2D1",79,ON_TREATMENT,CYCLE_2,0
"DAY 15 RE-TRT 2",79,ON_TREATMENT,BASELINE,1296000
"Cycle 54 Day 1",79,ON_TREATMENT,CYCLE_54,0
"Cycle 2 Week 12",79,ON_TREATMENT,BASELINE,7257600
"DAY72ILM",79,ON_TREATMENT,BASELINE,6220800
"OPTW60",79,ON_TREATMENT,BASELINE,36288000
"V01.1",79,ON_TREATMENT,,
"Follow Up Month 84",79,FOLLOW_UP,END_OF_TREATMENT,217728000
"P2B Screen D-56 to D",79,,,
"Cylcle 3 Day 1",79,,,
"C68D1",79,ON_TREATMENT,CYCLE_68,0
"2 Month Maintenance Day 1",79,ON_TREATMENT,BASELINE,5184000
"DAY 1 POST-REFILL",79,ON_TREATMENT,BASELINE,86400
"Study Term",79,,,
"Retreat FU wk 8",78,ON_TREATMENT,BASELINE,4838400
"ITV Final",78,,,
"C2D14",78,ON_TREATMENT,CYCLE_2,1123200
"Week 12 Visit 8 Unscheduled or Retest",78,UNSCHEDULED,,
"OL Study Ext Every 12 Weeks W96",78,ON_TREATMENT,BASELINE,58060800
"CYCLE25_DAY1",78,ON_TREATMENT,CYCLE_25,0
"Between Cycle 1 Day 15 and Cycle 2 Day 1",78,ON_TREATMENT,CYCLE_1,1209600
"C36D1 PREDOSE",78,ON_TREATMENT,CYCLE_36,0
"CYC4_D1",78,ON_TREATMENT,CYCLE_4,0
"A/B-12WK FOLLOW UP #8",78,FOLLOW_UP,,
"P2B Day85 F/U",78,,,
"C2XD15",78,,,
"Cycle 4 Day 1 to Cycle 5 Day 1",78,ON_TREATMENT,CYCLE_4,0
"P2A D8",77,,,
"P1 Day -1",77,,,
"Every 12 Weeks W144",77,ON_TREATMENT,BASELINE,87091200
"A/B-12WK FOLLOW UP # 10",77,FOLLOW_UP,,
"Post-Surgery",77,PROCEDURE,,
"CYCLE16",77,ON_TREATMENT,CYCLE_16,0
"C8D1A",77,ON_TREATMENT,CYCLE_8,0
"MAINTENANCE CYCLE 2",77,,,
"Baseline Kit 1",77,BASELINE,BASELINE,0
"PART I C1D15 -0.17H",77,ON_TREATMENT,CYCLE_1,1270800
"WEEK 129",77,ON_TREATMENT,BASELINE,78019200
"Unscheduled Retest",77,UNSCHEDULED,,
"OL Day 15 RT3D15",77,,,
"Week 227",77,ON_TREATMENT,BASELINE,137289600
"P2A D36 F/U",77,,,
"C1D11D12",77,ON_TREATMENT,CYCLE_1,864000
"C3 or later",77,,,
"WK144",77,ON_TREATMENT,BASELINE,87091200
"P2B DAY113 F/U",77,,,
"Follow-up Visit 12",77,FOLLOW_UP,,
"Week 44 Part 5",77,ON_TREATMENT,BASELINE,26611200
"MAD Day 2 0h",77,,,
"CYCLE2_DAY16",77,ON_TREATMENT,CYCLE_2,1296000
"21 WEEK 96",77,ON_TREATMENT,BASELINE,58060800
"Cycle 8 Day 5",77,ON_TREATMENT,CYCLE_8,345600
"Cycle 6 Day 5",77,ON_TREATMENT,CYCLE_6,345600
"Disease Progression Time of Fresh Biopsy Unscheduled",76,UNSCHEDULED,,
"Cycle 13 Day 15",76,ON_TREATMENT,CYCLE_13,1209600
"DBT Study Withdrawal",76,END_OF_TREATMENT,,
"P2A D2",76,,,
"24 WEEKS (CYCLE 9)",76,,,
"Cycle 5 Treatment Week 12 Post Day 1 Infusion",76,ON_TREATMENT,BASELINE,7257600
"W4 D28 AQUEOUS HUMOR P2",76,ON_TREATMENT,BASELINE,2419200
"Visit 17 (FU Wk28)",76,ON_TREATMENT,BASELINE,16934400
"Week 312",76,ON_TREATMENT,BASELINE,188697600
"Maintenance or Observation Month 4",76,ON_TREATMENT,BASELINE,10368000
"P2A D15",76,,,
"Week 80SUPP",76,ON_TREATMENT,BASELINE,48384000
"Implant Month 21",76,PROCEDURE,,
"Visit 14 (FU Wk16)",76,ON_TREATMENT,BASELINE,9676800
"A: POD",76,,,
"Cycle 3 Day 1 Retest",76,ON_TREATMENT,CYCLE_3,0
"CYCLE20_DAY1",76,ON_TREATMENT,CYCLE_20,0
"TDISCA",76,,,
"Cycle 2 Day 1 Sch II",76,ON_TREATMENT,CYCLE_2,0
"2NDLINEDISPROG",76,,,
"Week 4 Visit 4 Unscheduled or Retest",76,UNSCHEDULED,,
"96 WEEKS",76,,,
"Week 207 on treatment",76,ON_TREATMENT,BASELINE,125193600
"Week 216 on treatment",75,ON_TREATMENT,BASELINE,130636800
"Week 136SUPP",75,ON_TREATMENT,BASELINE,82252800
"Retreat 3 wk 4",75,ON_TREATMENT,BASELINE,2419200
"DAY_22",75,ON_TREATMENT,BASELINE,1900800
"MONTH6IGEC",75,ON_TREATMENT,BASELINE,15552000
"Cycle 6 Treatment Week 12 Post Day 1 Infusion",75,ON_TREATMENT,BASELINE,7257600
"Cycle 2 Day 19",75,ON_TREATMENT,CYCLE_2,1555200
"Day 1 Additional Treatment Cycle 5",75,ON_TREATMENT,BASELINE,86400
"P2B D57 F/U",75,,,
"DAY 1 RE-TRT IN",75,ON_TREATMENT,BASELINE,86400
"End of Combination Treatment Response Visit",75,ON_TREATMENT,,
"Period 2 Day 5",75,ON_TREATMENT,,
"Retreat 3 wk 12",75,ON_TREATMENT,BASELINE,7257600
"Run-In Dose Day -14",75,BASELINE,BASELINE,0
"EOT / Discontinuation",75,END_OF_TREATMENT,,
"RETREATMENT_1",75,ON_TREATMENT,,
"Treatment Visit 7",75,ON_TREATMENT,,
"Surveillance 9",75,,,
"Follow-up Day 365",75,FOLLOW_UP,,
"Treatment Visit 5",75,ON_TREATMENT,,
"V3S",75,ON_TREATMENT,,
"Cycle 02 Day 01 and Cycle 04 Day 01",75,ON_TREATMENT,CYCLE_2,0
"On Treatment Day 34",75,ON_TREATMENT,,
"Cyce 1 Day 15",75,,,
"C1D4 (or 5)",75,ON_TREATMENT,CYCLE_1,259200
"Visit 21 Week 94 Retest",75,ON_TREATMENT,BASELINE,56851200
"M24FU",75,,,
"Alternate Schedule Cycle 1 Day 1",74,ON_TREATMENT,CYCLE_1,0
"Scrn Tumor Bx",74,SCREENING,SCREENING,0
"Cycle 1 Day 1 (Pre-Phase 1b)",74,ON_TREATMENT,CYCLE_1,0
"Week 208",74,ON_TREATMENT,BASELINE,125798400
"W2IV",74,ON_TREATMENT,BASELINE,1209600
"MONTH24IGEC",74,ON_TREATMENT,BASELINE,62208000
"PART I: C1D9",74,ON_TREATMENT,CYCLE_1,691200
"V05.12",74,ON_TREATMENT,,
"IRR",74,,,
"Pre-Phase Priming Dose 1",74,ON_TREATMENT,,
"Additional Open Label Cycle 1 Week 12 Post Day 1 Infusion",74,ON_TREATMENT,BASELINE,7257600
"D30 POST STDY CMPLT/",74,ON_TREATMENT,BASELINE,2592000
"EARLY_TERM/FUP",74,,,
"WK120",74,ON_TREATMENT,BASELINE,72576000
"P2 Day 2",74,,,
"Cycle 7 Day 5",74,ON_TREATMENT,CYCLE_7,345600
"Follow Up 5 Month",73,FOLLOW_UP,,
"Retreat FU wk 36",73,ON_TREATMENT,BASELINE,21772800
"APO_CMP_ERLY_DSC",73,,,
"Blood Screening",73,SCREENING,SCREENING,0
"P2A Day 43 Follow Up",73,FOLLOW_UP,,
"Cycle 0 Day 1 (Arm DE)",73,ON_TREATMENT,CYCLE_0,0
"505",73,,,
"COVID-19 vaccine COV1",73,,,
"UNSCHEDULED VISIT",73,UNSCHEDULED,,
"Drug Discontinuation",73,END_OF_TREATMENT,,
"Month 5",73,ON_TREATMENT,BASELINE,12960000
"Week 25 Day 169 - Mobile Nursing",73,ON_TREATMENT,BASELINE,15120000
"C48AD1",73,,,
"WEEK66",73,ON_TREATMENT,BASELINE,39916800
"C1D22S1",73,ON_TREATMENT,CYCLE_1,1814400
"C1D17OR18",73,ON_TREATMENT,CYCLE_1,1382400
"Group 1 Day 1",73,,,
"RT 6 DAY 1",73,ON_TREATMENT,CYCLE_6,0
"FOLLOW-UP DAY 3",73,FOLLOW_UP,,
"A/B-12WK POST FOLLOW UP #1",73,FOLLOW_UP,,
"DAY 15 RE-TRT 6",73,ON_TREATMENT,BASELINE,1296000
"Week 7 Day 43 UPK",73,ON_TREATMENT,BASELINE,4233600
"OOE Part",73,,,
"Biopsy Screen - Primary (Fresh)",72,PROCEDURE,,
"Follow-up Day 57",72,FOLLOW_UP,,
"EXTENDED_FU2",72,,,
"D8 MAD",72,ON_TREATMENT,BASELINE,691200
"Cycle1 Day1 Arm B",72,ON_TREATMENT,CYCLE_1,0
"Baseline. SM3 Tumor Tissue FFPE Block",72,BASELINE,BASELINE,0
"9 Months Follow Up",72,FOLLOW_UP,,
"Retreat 2 wk 36",72,ON_TREATMENT,BASELINE,21772800
"C21",72,ON_TREATMENT,CYCLE_21,0
"W85IV",72,ON_TREATMENT,BASELINE,51408000
"Cycle 10",72,ON_TREATMENT,CYCLE_10,0
"Week 16 Visit 7",72,ON_TREATMENT,BASELINE,9676800
"SFUW60",72,ON_TREATMENT,BASELINE,36288000
"T2_DAY1",72,,,
"OLE Week 165 Year 3",72,ON_TREATMENT,BASELINE,99792000
"P2A Day 36 Follow Up",72,FOLLOW_UP,,
"RESCEU_V3",71,,,
"C66D1",71,ON_TREATMENT,CYCLE_66,0
"CYCLE 66 DAY 1",71,ON_TREATMENT,CYCLE_66,0
"W25SRI",71,ON_TREATMENT,BASELINE,15120000
"V01.12",71,ON_TREATMENT,,
"Retreat 2 wk 2",71,ON_TREATMENT,BASELINE,1209600
"C1D18D19",71,ON_TREATMENT,CYCLE_1,1468800
"Cycle 78 Day 1",71,ON_TREATMENT,CYCLE_78,0
"C1D8-C1D15",71,ON_TREATMENT,CYCLE_1,604800
"WK132",71,ON_TREATMENT,BASELINE,79833600
"C14D1 PREDOSE",71,ON_TREATMENT,CYCLE_14,0
"C4D8ABC",71,ON_TREATMENT,CYCLE_4,604800
"W1 D1 PRE AQ HUMOR P2",71,ON_TREATMENT,BASELINE,604800
"C5D1 A5",71,ON_TREATMENT,CYCLE_5,0
"CYCLE27_DAY1",71,ON_TREATMENT,CYCLE_27,0
"Alt Schedule C1D1",71,ON_TREATMENT,CYCLE_1,0
"OPTW88",71,ON_TREATMENT,BASELINE,53222400
"D1_BASELINE",71,BASELINE,BASELINE,0
"Month 51 Follow Up",71,FOLLOW_UP,END_OF_TREATMENT,132192000
"W81SC",70,ON_TREATMENT,BASELINE,48988800
"P2/P3 C4D5 (IMMUNO)",70,ON_TREATMENT,CYCLE_4,345600
"C2D8BX",70,ON_TREATMENT,CYCLE_2,604800
"WK108",70,ON_TREATMENT,BASELINE,65318400
"Unscheduled other visits",70,UNSCHEDULED,,
"PART 2 21 DAY RUN-IN DAY 1",70,,,
"Cycle 11 Day 5",70,ON_TREATMENT,CYCLE_11,345600
"DLBCL C1D1",70,ON_TREATMENT,CYCLE_1,0
"MAD Day 1 4h",70,,,
"Unscheduled 3",70,UNSCHEDULED,,
"Tumor Assessment Week 9",70,ON_TREATMENT,BASELINE,5443200
"P2 Day 3",70,,,
"Arm 1 Screening Bloo",70,SCREENING,SCREENING,0
"PK Lead-In Day -7",70,,,
"Week 480",70,ON_TREATMENT,BASELINE,290304000
"A/B-4WK FOLLOW UP #6",70,FOLLOW_UP,,
"120 Days Post Last Dose",70,ON_TREATMENT,,
"SAD FOLLOW UP DAY 8",70,FOLLOW_UP,,
"W64",70,ON_TREATMENT,BASELINE,38707200
"DAY7_STAGE1",70,ON_TREATMENT,BASELINE,604800
"End of treatment",70,END_OF_TREATMENT,,
"P2 C4D1 POST(IMMUNO)",70,ON_TREATMENT,CYCLE_4,0
"C1D15F",70,ON_TREATMENT,CYCLE_1,1209600
"Cycle 5 Day 6",69,ON_TREATMENT,CYCLE_5,432000
"D9 MAD",69,ON_TREATMENT,BASELINE,777600
"C1D16B",69,ON_TREATMENT,CYCLE_1,1296000
"Archival PD1",69,ARCHIVAL,,
"Post Day 252 Safety Follow Up",69,FOLLOW_UP,,
"OPTIONAL_DNA",69,,,
"Day 448",69,ON_TREATMENT,BASELINE,38707200
"Day 1 Post-dose 4 hrs",69,ON_TREATMENT,BASELINE,86400
"Follow Up Month 9",69,FOLLOW_UP,END_OF_TREATMENT,23328000
"DAY72REC",69,ON_TREATMENT,BASELINE,6220800
"Visit 12",69,ON_TREATMENT,,
"MAINT C5 DAY 1",69,ON_TREATMENT,CYCLE_5,0
"104 WEEKS",69,,,
"C2D7",69,ON_TREATMENT,CYCLE_2,518400
"UNSCH C3XD1",69,UNSCHEDULED,,
"Period 1 Day 9",68,ON_TREATMENT,,
"Cycle 71 Day 1",68,ON_TREATMENT,CYCLE_71,0
"DAY21_STAGE1",68,ON_TREATMENT,BASELINE,1814400
"Week 112 or DO 2",68,ON_TREATMENT,BASELINE,67737600
"W49SRI",68,ON_TREATMENT,BASELINE,29635200
"STUDY_TERM",68,,,
"Week 160SUPP",68,ON_TREATMENT,BASELINE,96768000
"Visit 45 Week 382 Retest",68,ON_TREATMENT,BASELINE,231033600
"Cycle 9 Day 5",68,ON_TREATMENT,CYCLE_9,345600
"Week 5 M3-5 Day 29 UR PK",68,ON_TREATMENT,BASELINE,3024000
"On Treatment Day 39",68,ON_TREATMENT,,
"Retest C3D1",68,UNSCHEDULED,,
"Cycle 2 Day 1 (Study Day 22)",68,ON_TREATMENT,CYCLE_2,0
"ARWEEK24",68,ON_TREATMENT,BASELINE,14515200
"Implant Month 22",68,PROCEDURE,,
"WK 104 RE-TRT 3 (or WITHDRAWAL)",68,END_OF_TREATMENT,,
"P2B Day 106 Follow U",68,,,
"Day 8 Post-dose 4 hrs",68,ON_TREATMENT,BASELINE,691200
"FOLLOW-UP DAY 1",68,FOLLOW_UP,,
"On Treatment Day 15",67,ON_TREATMENT,,
"M4FU",67,,,
"P2B D36 F/U",67,,,
"CSF Screening",67,SCREENING,SCREENING,0
"WK2D15",67,ON_TREATMENT,BASELINE,1209600
"DE_DAY2",67,,,
"Cycle 63 Day 1",67,ON_TREATMENT,CYCLE_63,0
"Explantation",67,,,
"Step-up Dose 1 Day 1",67,ON_TREATMENT,,
"C23",67,ON_TREATMENT,CYCLE_23,0
"WK17D1",67,ON_TREATMENT,BASELINE,10281600
"UDNAC11",67,,,
"6mth",67,,,
"ARWEEK32",67,ON_TREATMENT,BASELINE,19353600
"Crossover",67,,,
"Surveillance 6",67,,,
"Day 8 Pre-dose",67,ON_TREATMENT,BASELINE,691200
"04",67,,,
"CYCLE18_DAY1",67,ON_TREATMENT,CYCLE_18,0
"Positive Control",67,,,
"P2A D29",66,,,
"Week 36 Visit 20 Unscheduled or Retest",66,UNSCHEDULED,,
"Prior to Start of Dopaminergic Week 80",66,ON_TREATMENT,BASELINE,48384000
"EARLY TERM",66,,,
"SCR ARCH_FRESH TUMOR ARMS CDE",66,SCREENING,SCREENING,0
"CSFD1",66,,,
"LTE Dose 7 Day 1",66,ON_TREATMENT,,
"UNSCHED VISIT 2",66,UNSCHEDULED,,
"Alt Schedule C1D15",66,ON_TREATMENT,CYCLE_1,1209600
"VISIT 57",66,ON_TREATMENT,,
"Part 2 Day 5 A5",66,,,
"VISIT 2 DAY 1",66,ON_TREATMENT,,
"Week 1 First visit",66,ON_TREATMENT,BASELINE,604800
"Day 31",66,ON_TREATMENT,BASELINE,2678400
"WK168",66,ON_TREATMENT,BASELINE,101606400
"DAY126_STAGE2",66,ON_TREATMENT,BASELINE,10886400
"WK1D8",66,ON_TREATMENT,BASELINE,604800
"MONTH30IGEC",66,ON_TREATMENT,BASELINE,77760000
"Bone Marrow Aspirate",65,,,
"W85SC",65,ON_TREATMENT,BASELINE,51408000
"Cycle6day1",65,ON_TREATMENT,CYCLE_6,0
"SCRN Archival Bx",65,SCREENING,SCREENING,0
"V28",65,ON_TREATMENT,,
"Final Visit/Withdrawal",65,END_OF_TREATMENT,,
"1 Day Post Second Cycle Neoadjuvant",65,,,
"TX DC Sch II-IV",65,,,
"112 WEEKS",65,,,
"Period 3 Week 2",65,ON_TREATMENT,BASELINE,1209600
"Week 1/Day 2",65,ON_TREATMENT,BASELINE,604800
"Surveillance 8",65,,,
"Cycle 85 Day 1",65,ON_TREATMENT,CYCLE_85,0
"Safety C1D16",65,ON_TREATMENT,CYCLE_1,1296000
"Retreatment Week 36",65,ON_TREATMENT,BASELINE,21772800
"UNSCH/ RETEST",65,UNSCHEDULED,,
"SAFETY_FU_4",65,FOLLOW_UP,,
"ARM B/D/E C1D15",65,ON_TREATMENT,CYCLE_1,1209600
"RELAPSE OF DISEASE",65,,,
"DAY 15 RE-TRT 3",65,ON_TREATMENT,BASELINE,1296000
"Cycle 9 Day 15",65,ON_TREATMENT,CYCLE_9,1209600
"28-Day F/U",65,,,
"Visit 65",65,ON_TREATMENT,,
"DAY12",65,ON_TREATMENT,BASELINE,1036800
"Part 1A Day 1",65,,,
"Day 3-4",65,ON_TREATMENT,BASELINE,259200
"Archival Screening Tissue",65,SCREENING,SCREENING,0
"WK180",64,ON_TREATMENT,BASELINE,108864000
"On Treatment BMA",64,ON_TREATMENT,,
"S24WFU",64,,,
"Cycle 67 Day 1",64,ON_TREATMENT,CYCLE_67,0
"C8D15",64,ON_TREATMENT,CYCLE_8,1209600
"MAD Day 7 1h",64,,,
"WK 8 RE-TRT 6",64,ON_TREATMENT,BASELINE,4838400
"C1D22A",64,ON_TREATMENT,CYCLE_1,1814400
"P2A Screen D-56 to D",64,,,
"Week 13: Pre",64,ON_TREATMENT,BASELINE,7862400
"Prior to Cycle 2",64,,,
"OL Day 1RT3D1",64,,,
"EARLY TERMINATION",64,END_OF_TREATMENT,,
"Week 16 Part 2",64,ON_TREATMENT,BASELINE,9676800
"Screening Day -13",64,SCREENING,SCREENING,0
"MAD Day 10 72h",64,,,
"Day 2 Pre-dose",64,ON_TREATMENT,BASELINE,172800
"MAD Day 7 0h",63,,,
"CYCLE2_DAY4",63,ON_TREATMENT,CYCLE_2,259200
"ESCALATION D1",63,,,
"Retreatment Week 48",63,ON_TREATMENT,BASELINE,29030400
"MAD Day 7 12h",63,,,
"MAD Day 5 0h",63,,,
"Consolidation Cycle 1 Day 1",63,ON_TREATMENT,CYCLE_1,0
"OPTW12",63,ON_TREATMENT,BASELINE,7257600
"RESCUE WEEK 24",63,ON_TREATMENT,BASELINE,14515200
"Week 52 Day 366",63,ON_TREATMENT,BASELINE,31449600
"9TO13",63,,,
"Base line",63,,,
"W1SRI",63,ON_TREATMENT,BASELINE,604800
"MAD Day 1 1h",63,,,
"C2D1 PRE P1B",63,ON_TREATMENT,CYCLE_2,0
"CYCLE3_DAY15",63,ON_TREATMENT,CYCLE_3,1209600
"W12 D84 AQ HUMOR P2",63,ON_TREATMENT,BASELINE,7257600
"Cycle 6 Day 4",63,ON_TREATMENT,CYCLE_6,259200
"POSTIND",63,,,
"WK156",63,ON_TREATMENT,BASELINE,94348800
"Cycle 12 Day 15",63,ON_TREATMENT,CYCLE_12,1209600
"Screening, Archival",62,SCREENING,SCREENING,0
"A/B-12WK FOLLOW UP #11",62,FOLLOW_UP,,
"Cycle 1: Day 1: Pre",62,,,
"Cycle 70 Day 1",62,ON_TREATMENT,CYCLE_70,0
"WK13D1",62,ON_TREATMENT,BASELINE,7862400
"P2 C4D1 PRE(IMMUNO)S",62,ON_TREATMENT,CYCLE_4,0
"PREBX",62,,,
"Week 1/Day 3 B",62,ON_TREATMENT,BASELINE,604800
"Week 157 OLE Cohort 2",62,ON_TREATMENT,BASELINE,94953600
"Unscheduled ARIA",62,UNSCHEDULED,,
"MAD Day 8 24h",62,,,
"Retreat 2 wk 8",62,ON_TREATMENT,BASELINE,4838400
"Screening Buccal Swab",62,SCREENING,SCREENING,0
"V05.1",62,ON_TREATMENT,,
"Cycle 1, Day 1",62,ON_TREATMENT,CYCLE_1,0
"DAY 15 RE-TRT IN",62,ON_TREATMENT,BASELINE,1296000
"Cycle 1 Day 1 (Pre-Phase 1a)",62,ON_TREATMENT,CYCLE_1,0
"MAD Day 1 8h",62,,,
"C24",62,ON_TREATMENT,CYCLE_24,0
"RESCUE WEEK 16",62,ON_TREATMENT,BASELINE,9676800
"V8C3W48",61,ON_TREATMENT,BASELINE,29030400
"Cycle 01 Day 01 Baseline",61,BASELINE,BASELINE,0
"Follow Up Visit 2 Month 27",61,FOLLOW_UP,END_OF_TREATMENT,69984000
"C2D8DE",61,ON_TREATMENT,CYCLE_2,604800
"FOLLOW UP",61,FOLLOW_UP,,
"Induction Treatment Discontinuation",61,END_OF_TREATMENT,,
"DAY2 24HR-POST 1",61,ON_TREATMENT,BASELINE,172800
"On Treatment Day 36",61,ON_TREATMENT,,
"Follow Up Visit 2 Month 9",61,FOLLOW_UP,END_OF_TREATMENT,23328000
"Cycle 13 Day 8",61,ON_TREATMENT,CYCLE_13,604800
"Pre-HSCT",61,,,
"120 WEEKS",61,,,
"Week 3 Day 15 UR PK",61,ON_TREATMENT,BASELINE,1814400
"4THLINE",61,,,
"CYCLE 72 DAY 1",61,ON_TREATMENT,CYCLE_72,0
"Cycle 4 Day 22 to 28",61,ON_TREATMENT,CYCLE_4,1814400
"Follow-up Month 15",61,FOLLOW_UP,END_OF_TREATMENT,38880000
"Follow-up Period",61,FOLLOW_UP,,
"D5 MAD",61,ON_TREATMENT,BASELINE,432000
"D17PB",61,ON_TREATMENT,BASELINE,1468800
"MAD Day 1 12h",61,,,
"C3D1 Atezo+Bev+Tira",61,ON_TREATMENT,CYCLE_3,0
"Day 8 (Cohort 1 & 2)",61,ON_TREATMENT,BASELINE,691200
"Maintenance Month 24 Day 1",60,ON_TREATMENT,BASELINE,62208000
"FUYEAR3",60,ON_TREATMENT,BASELINE,94608000
"Visit 43 Week 358 Retest",60,ON_TREATMENT,BASELINE,216518400
"Part 1 End of Treatment",60,END_OF_TREATMENT,,
"OPTW48",60,ON_TREATMENT,BASELINE,29030400
"MAD Day 9 48h",60,,,
"CYCLE6_DAY15",60,ON_TREATMENT,CYCLE_6,1209600
"A/B-12WK POST FOLLOW UP #6",60,FOLLOW_UP,,
"Week 12 FUP/Early Term",60,ON_TREATMENT,BASELINE,7257600
"Cycle 2 Days 29-42",60,,,
"Week 76 Unscheduled",60,UNSCHEDULED,,
"FUYEAR4",60,ON_TREATMENT,BASELINE,126144000
"MAD DAY 1 PREDOSE",60,ON_TREATMENT,,
"Cycle2 Day1 Arm A",60,ON_TREATMENT,CYCLE_2,0
"CYCLE24_DAY1",60,ON_TREATMENT,CYCLE_24,0
"V2S",60,ON_TREATMENT,,
"C1D16S1",60,ON_TREATMENT,CYCLE_1,1296000
"Early Term/Treatment",60,ON_TREATMENT,,
"W16 D112 AQ HUMOR P2",60,ON_TREATMENT,BASELINE,9676800
"FUYEAR2",60,ON_TREATMENT,BASELINE,63072000
"PK Baseline",60,BASELINE,BASELINE,0
"S2C1D25",60,ON_TREATMENT,CYCLE_1,2073600
"D120MPDL",60,ON_TREATMENT,BASELINE,10368000
"Baseline. SM11 Tissue Block Archival",59,BASELINE,BASELINE,0
"Month 2",59,ON_TREATMENT,BASELINE,5184000
"Retest Cycle 15 Day 1",59,UNSCHEDULED,,
"Cycle 1 Day -8",59,ON_TREATMENT,CYCLE_1,604800
"Additional Cycle 5 Treatment Week 12 Post Day 1 Infusion",59,ON_TREATMENT,BASELINE,7257600
"Disease Prog. Tumor Bx",59,,,
"A/B-12WK POST FOLLOW UP #5",59,FOLLOW_UP,,
"DAY-1REC",59,ON_TREATMENT,BASELINE,86400
"Part 3 Week 52 Follow-up",59,FOLLOW_UP,END_OF_TREATMENT,31449600
"Week 216 or DO 2",59,ON_TREATMENT,BASELINE,130636800
"SCR ARCH/FRESH TMR IPILIMUMAB",59,SCREENING,SCREENING,0
"FOLLOWUPPD1",59,FOLLOW_UP,,
"Period 4 Day 2",59,ON_TREATMENT,,
"Period 1 Day 34",59,ON_TREATMENT,,
"C55D1",59,ON_TREATMENT,CYCLE_55,0
"Week 1 (Visit 3)",59,ON_TREATMENT,BASELINE,604800
"DAY10_STAGE1",59,ON_TREATMENT,BASELINE,864000
"VISIT 21-58LBS",59,ON_TREATMENT,,
"Unscheduled or Retest Week 104",59,UNSCHEDULED,,
"W81IV",59,ON_TREATMENT,BASELINE,48988800
"Month 6 FU",59,ON_TREATMENT,BASELINE,15552000
"Pretreatment Day -12",59,ON_TREATMENT,,
"C70D1",59,ON_TREATMENT,CYCLE_70,0
"Period 1  Day 9",59,ON_TREATMENT,,
"PD UNS",59,,,
"21  RT  3 DAY 1",59,,,
"UNSCH/RETEST SCRN",58,UNSCHEDULED,,
"C1D26-28",58,ON_TREATMENT,CYCLE_1,2160000
"Day 29 Pre-dose",58,ON_TREATMENT,BASELINE,2505600
"Cycle 66 Day 1",58,ON_TREATMENT,CYCLE_66,0
"Long Term Follow Up Month 6",58,FOLLOW_UP,END_OF_TREATMENT,15552000
"SAD FOLLOW UP DAY",58,FOLLOW_UP,,
"M2FU",58,,,
"SAD or MD Day 1",58,,,
"D168",58,ON_TREATMENT,BASELINE,14515200
"A/B-12WK POST FOLLOW UP #3",58,FOLLOW_UP,,
"V4S",58,ON_TREATMENT,,
"Cycle 4 Day 1 RCR-RBR Sample Collection",58,ON_TREATMENT,CYCLE_4,0
"Before resection",58,PROCEDURE,,
"OLE Week 44",58,ON_TREATMENT,BASELINE,26611200
"DAY98_STAGE2",58,ON_TREATMENT,BASELINE,8467200
"T1_DAY84",58,,,
"C57D1",58,ON_TREATMENT,CYCLE_57,0
"CYCLE8_DAY8",58,ON_TREATMENT,CYCLE_8,604800
"CYCLE 3",58,ON_TREATMENT,CYCLE_3,0
"Day 21 Post-dose 4 hrs",58,ON_TREATMENT,BASELINE,1814400
"Retreat 3 wk 24",58,ON_TREATMENT,BASELINE,14515200
"CYCLE 69 DAY 1",58,ON_TREATMENT,CYCLE_69,0
"Period 2  Day 2",58,ON_TREATMENT,,
"OU",58,,,
"Day 53-55",58,ON_TREATMENT,BASELINE,4579200
"Follow Up Visit 2 Month 6",58,FOLLOW_UP,END_OF_TREATMENT,15552000
"CYCLE22_DAY1",58,ON_TREATMENT,CYCLE_22,0
"Visit 41 Week 334 Retest",58,ON_TREATMENT,BASELINE,202003200
"Cycle 60 Day 1",58,ON_TREATMENT,CYCLE_60,0
"Day 280",58,ON_TREATMENT,BASELINE,24192000
"C8D1ABC",58,ON_TREATMENT,CYCLE_8,0
"Implant Month 23",58,PROCEDURE,,
"DAY25MD",58,ON_TREATMENT,BASELINE,2160000
"Cycle 8 Day 1 to Cycle 9 Day 1",58,ON_TREATMENT,CYCLE_8,0
"C26",57,ON_TREATMENT,CYCLE_26,0
"MAD Day 7 8h",57,,,
"V04.10",57,ON_TREATMENT,,
"DAY1 1HR-POST 1",57,ON_TREATMENT,BASELINE,86400
"C1D4S1",57,ON_TREATMENT,CYCLE_1,259200
"1LTXMEV96",57,,,
"WEEK26",57,ON_TREATMENT,BASELINE,15724800
"Day 41",57,ON_TREATMENT,BASELINE,3542400
"D2 SAD",57,ON_TREATMENT,BASELINE,172800
"Post treatment visit 3",57,FOLLOW_UP,,
"D3PB",57,ON_TREATMENT,BASELINE,259200
"C1D3S1",57,ON_TREATMENT,CYCLE_1,172800
"Period 2 Day 12",57,ON_TREATMENT,,
"OL Week 36",57,ON_TREATMENT,BASELINE,21772800
"Cycle 75 Day 1",57,ON_TREATMENT,CYCLE_75,0
"C",57,,,
"Recombinant Control",57,,,
"W20 D140 AQ HUMOR P2",57,ON_TREATMENT,BASELINE,12096000
"Cycle 8 Day 15",57,ON_TREATMENT,CYCLE_8,1209600
"C25",57,ON_TREATMENT,CYCLE_25,0
"Day 2: 24hr",57,ON_TREATMENT,BASELINE,172800
"DAY14 15MIN-POST 2",57,ON_TREATMENT,BASELINE,1209600
"Month 7",57,ON_TREATMENT,BASELINE,18144000
"Early Temination",56,,,
"Cycle1_Day1",56,ON_TREATMENT,CYCLE_1,0
"OLE Completion",56,,,
"Cycle 3 Day 1 (Study Day 43)",56,ON_TREATMENT,CYCLE_3,0
"Cycle 6 Day 1 (Study Day 106)",56,ON_TREATMENT,CYCLE_6,0
"Surveillance 7",56,,,
"D120ALD",56,ON_TREATMENT,BASELINE,10368000
"DAY2MD",56,ON_TREATMENT,BASELINE,172800
"WEEK 96 BLOOD BM",56,ON_TREATMENT,BASELINE,58060800
"D14PB",56,ON_TREATMENT,BASELINE,1209600
"Week 152",56,ON_TREATMENT,BASELINE,91929600
"Safety Follow",56,FOLLOW_UP,,
"CYCLE_3_DAY_1",56,ON_TREATMENT,CYCLE_3,0
"Period 4  Day 1 6h",56,ON_TREATMENT,,
"MAD Visit 8 Day 43",56,,,
"Day 15 Pre-dose",56,ON_TREATMENT,BASELINE,1296000
"DAY1_STAGE1",56,ON_TREATMENT,BASELINE,86400
"Cycle 2 Day 22 to 28",56,ON_TREATMENT,CYCLE_2,1814400
"C1D1D2A",56,ON_TREATMENT,CYCLE_1,0
"End of C2",56,,,
"C6D1OLEVF",56,ON_TREATMENT,CYCLE_6,0
"OLE Baseline",56,BASELINE,BASELINE,0
"Optional DNA Repository",55,,,
"W7SRI",55,ON_TREATMENT,BASELINE,4233600
"Period 1  Day 10",55,ON_TREATMENT,,
"FU 24 WEEKS",55,FOLLOW_UP,,
"Day 616",55,ON_TREATMENT,BASELINE,53222400
"Archival/Fresh Tumor",55,ARCHIVAL,,
"RETEST - C3D1",55,UNSCHEDULED,,
"Pooling Group Final",55,,,
"Cycle 4 Day 3",55,ON_TREATMENT,CYCLE_4,172800
"Safety Follow-Up SFUW12",55,FOLLOW_UP,END_OF_TREATMENT,7257600
"Week 12 Visit 9",55,ON_TREATMENT,BASELINE,7257600
"Week 168 Double Blind Period",55,ON_TREATMENT,BASELINE,101606400
"UDNAC2",55,,,
"Week 7/Day 1 B W/O D",55,ON_TREATMENT,BASELINE,4233600
"ET VISIT",55,,,
"Cycle 62 Day 1",55,ON_TREATMENT,CYCLE_62,0
"Month 4 and 5",55,ON_TREATMENT,BASELINE,10368000
"C59D1",55,ON_TREATMENT,CYCLE_59,0
"Part 1 MAD Day 5",55,,,
"Period 2  Day 4",54,ON_TREATMENT,,
"D2PB",54,ON_TREATMENT,BASELINE,172800
"DAY2SRI",54,ON_TREATMENT,BASELINE,172800
"C2RD1",54,,,
"CYCLE4_DAY5",54,ON_TREATMENT,CYCLE_4,345600
"POST-DOSE 1",54,ON_TREATMENT,,
"21 RT 2 DAY 1",54,,,
"Achival",54,,,
"24 Week Safety Follow Up",54,FOLLOW_UP,,
"MONO C1 D15",54,ON_TREATMENT,CYCLE_1,1209600
"Retreat 4 Day 1",54,,,
"C1D5",54,ON_TREATMENT,CYCLE_1,345600
"Screening Whole Blood Genetic",54,SCREENING,SCREENING,0
"Week 36SUPP",54,ON_TREATMENT,BASELINE,21772800
"MAD Day 7 4h",54,,,
"Unscheduled Screening",54,SCREENING,SCREENING,0
"Week 1/Day 7 B W/O D",54,ON_TREATMENT,BASELINE,604800
"Day 1 4H",54,ON_TREATMENT,BASELINE,86400
"Baseline Visit 0",54,BASELINE,BASELINE,0
"Adjuvant Completion",54,,,
"Treatment Day 8",54,ON_TREATMENT,,
"D7PB",54,ON_TREATMENT,BASELINE,604800
"MAD SFU Visit 13 Day 113 FU",54,,,
"FW-up/Year 7",54,ON_TREATMENT,BASELINE,220752000
"Tumor Assess W104",54,ON_TREATMENT,BASELINE,62899200
"DAY70_STAGE2",54,ON_TREATMENT,BASELINE,6048000
"WK 24 RE-TRT 7",54,ON_TREATMENT,BASELINE,14515200
"Week 75",54,ON_TREATMENT,BASELINE,45360000
"Tumor Response C3D1",54,ON_TREATMENT,CYCLE_3,0
"Unscheduled/Retest Week 104",54,UNSCHEDULED,,
"Day 34",54,ON_TREATMENT,BASELINE,2937600
"Day 1 2H",54,ON_TREATMENT,BASELINE,86400
"SCREEN VISIT 1",54,SCREENING,SCREENING,0
"C1D2 PRE P1B SC",54,ON_TREATMENT,CYCLE_1,86400
"Part II C4 Day 1",54,ON_TREATMENT,CYCLE_4,0
"CYCLE3_DAY5",54,ON_TREATMENT,CYCLE_3,345600
"RBR DNA",54,,,
"Cycle 1 Day 1 FC-GAMMA-R",54,ON_TREATMENT,CYCLE_1,0
"Week 12/Day 6 B W/O",54,ON_TREATMENT,BASELINE,7257600
"CR Bone Marrow Aspirate/ Biopsy",54,PROCEDURE,,
"Week 296",53,ON_TREATMENT,BASELINE,179020800
"Alt Schedule Cycle 2",53,,,
"Period 4  Day 1 .5h",53,ON_TREATMENT,,
"Infusion Related Reaction",53,ON_TREATMENT,,
"Day 55",53,ON_TREATMENT,BASELINE,4752000
"DAY14 4HR-POST 2",53,ON_TREATMENT,BASELINE,1209600
"Week 234 on treatment",53,ON_TREATMENT,BASELINE,141523200
"DAY57_STAGE2",53,ON_TREATMENT,BASELINE,4924800
"Period 1  Day 7",53,ON_TREATMENT,,
"Period 2 Day 8",53,ON_TREATMENT,,
"Vaso-Occlusive Episode",53,,,
"DAY91",53,ON_TREATMENT,BASELINE,7862400
"OLE Week 100",53,ON_TREATMENT,BASELINE,60480000
"Retreat 2 wk 16",53,ON_TREATMENT,BASELINE,9676800
"C32D1 PREDOSE",53,ON_TREATMENT,CYCLE_32,0
"End of Induction (Cycle 10 Day 1-15)",53,ON_TREATMENT,CYCLE_10,0
"Week 3/Day 1 B W/O D",53,ON_TREATMENT,BASELINE,1814400
"P2A Day 36 FollowUp",53,FOLLOW_UP,,
"Part 3 Day 7",53,,,
"ARCH",53,,,
"Screening Prior to dose",53,SCREENING,SCREENING,0
"UNSCH C2D1",53,UNSCHEDULED,,
"Retest Cycle 7 Day 1",53,UNSCHEDULED,,
"WEEK22DAY1",53,ON_TREATMENT,BASELINE,13305600
"DAY1 4HR-POST 1",53,ON_TREATMENT,BASELINE,86400
"Day 21 Pre-dose",53,ON_TREATMENT,BASELINE,1814400
"C1D1S2",53,ON_TREATMENT,CYCLE_1,0
"Week 141",53,ON_TREATMENT,BASELINE,85276800
"M36",53,,,
"SFU EOS/WD",52,,,
"Follow Up 120 Days",52,FOLLOW_UP,,
"WEEK 156",52,ON_TREATMENT,BASELINE,94348800
"PK Week 1",52,ON_TREATMENT,BASELINE,604800
"D3 MAD",52,ON_TREATMENT,BASELINE,259200
"MAD Day 3 0h",52,,,
"Week 84SUPP",52,ON_TREATMENT,BASELINE,50803200
"Cycle 2 Day 4",52,ON_TREATMENT,CYCLE_2,259200
"C22",52,ON_TREATMENT,CYCLE_22,0
"MAINTENANCE CYCLE 4",52,,,
"B-BG RAMP C1D22",52,ON_TREATMENT,CYCLE_1,1814400
"Safety Follow-Up SFUW60",52,FOLLOW_UP,END_OF_TREATMENT,36288000
"Week 9 M4+5 Day 57 UR PK",52,ON_TREATMENT,BASELINE,5443200
"C18D1 PREDOSE",52,ON_TREATMENT,CYCLE_18,0
"Week 2/Day 1 A DDI",52,ON_TREATMENT,BASELINE,1209600
"A/B-12WK POST FOLLOW UP #7",52,FOLLOW_UP,,
"D1 FESFAST",52,ON_TREATMENT,BASELINE,86400
"MONTH30",52,ON_TREATMENT,BASELINE,77760000
"Intra-patient Dose Escalation Day 2",52,ON_TREATMENT,,
"OSE Visit 17 Week 48",52,ON_TREATMENT,BASELINE,29030400
"WEEK 1 (DOSE 1)",52,ON_TREATMENT,BASELINE,604800
"Period 2  Day 5",52,ON_TREATMENT,,
"Screening Day -12",52,SCREENING,SCREENING,0
"C63D1",52,ON_TREATMENT,CYCLE_63,0
"Cycle1 Day1 Arm A",52,ON_TREATMENT,CYCLE_1,0
"Withdrawal from Study",52,END_OF_TREATMENT,,
"Obinutuzumab Pre-Treatment Day -13",52,ON_TREATMENT,,
"Day 12: 312hr",52,ON_TREATMENT,BASELINE,1036800
"Period 2  Day 2 24h",51,ON_TREATMENT,,
"Period 2  Day 1 8h",51,ON_TREATMENT,,
"Period 1  Day 1 1.5h",51,ON_TREATMENT,,
"DAY67_STAGE2",51,ON_TREATMENT,BASELINE,5788800
"Group 2 Day 1",51,,,
"On Treatment Day 30",51,ON_TREATMENT,,
"Visit 14",51,ON_TREATMENT,,
"Prior to Start of Dopaminergic Week 60",51,ON_TREATMENT,BASELINE,36288000
"12 Months Post Completion",51,ON_TREATMENT,BASELINE,31104000
"V02.2",51,ON_TREATMENT,,
"C1D2 P1 DOUBLE",51,ON_TREATMENT,CYCLE_1,86400
"DAY14 1HR-POST 2",51,ON_TREATMENT,BASELINE,1209600
"24 WEEKS (CYCLE 13)",51,,,
"Period 2  Day 1 1h",51,ON_TREATMENT,,
"Mandatory Fresh",51,,,
"Cycle 10 Day 16",51,ON_TREATMENT,CYCLE_10,1296000
"Day 32",51,ON_TREATMENT,BASELINE,2764800
"C1D1 Atezo+Tira",51,ON_TREATMENT,CYCLE_1,0
"Cycle 13 Day 1 to Cycle 14 Day 1",51,ON_TREATMENT,CYCLE_13,0
"DAY42_STAGE1",51,ON_TREATMENT,BASELINE,3628800
"Period 2  Day 4 72h",51,ON_TREATMENT,,
"Follow Up 6 Months Post End of Treatment",51,END_OF_TREATMENT,,
"UNSCH SAD",51,UNSCHEDULED,,
"Day 1 Additional Open Label Treatment Cycle 3",51,ON_TREATMENT,BASELINE,86400
"DAY21",51,ON_TREATMENT,BASELINE,1814400
"Food E Day 15",51,,,
"D13",51,ON_TREATMENT,BASELINE,1123200
"Period 1  Day 1 0h",51,ON_TREATMENT,,
"Month 57 Follow Up",51,FOLLOW_UP,END_OF_TREATMENT,147744000
"D0P1B",51,ON_TREATMENT,BASELINE,0
"Mid Treatment Response Assessment Cycle 3 Day 28",51,ON_TREATMENT,CYCLE_3,2332800
"Part 2 Screening AMD3",51,SCREENING,SCREENING,0
"Week 56 Safety Follow-Up",51,FOLLOW_UP,END_OF_TREATMENT,33868800
"Period 3  Day 1 2h",50,ON_TREATMENT,,
"SFU WEEK 60",50,ON_TREATMENT,BASELINE,36288000
"SCRNTISSUE",50,,,
"C1D17 TD18",50,ON_TREATMENT,CYCLE_1,1382400
"Cycle 12 Day 5",50,ON_TREATMENT,CYCLE_12,345600
"RT Day15",50,,,
"Cycle 5 Day 28",50,ON_TREATMENT,CYCLE_5,2332800
"Week 272",50,ON_TREATMENT,BASELINE,164505600
"End of Treatment / Early Discontinuation",50,END_OF_TREATMENT,,
"Optional Tissue Biopsy",50,PROCEDURE,,
"Visit 11 (Wk 12)",50,ON_TREATMENT,BASELINE,7257600
"Day 100",50,ON_TREATMENT,BASELINE,8640000
"BD31PB",50,,,
"Cycle 83 Day 1",50,ON_TREATMENT,CYCLE_83,0
"WEEK56",50,ON_TREATMENT,BASELINE,33868800
"W90",50,ON_TREATMENT,BASELINE,54432000
"On Treatment 1",50,ON_TREATMENT,,
"C74D1",50,ON_TREATMENT,CYCLE_74,0
"Period 1  Day 4 72h",50,ON_TREATMENT,,
"Group 3 Day 1",50,,,
"Week 7/Day 1 A DDI",50,ON_TREATMENT,BASELINE,4233600
"MAD Visit 11 Day 71",50,,,
"C7 DAY 1",50,ON_TREATMENT,CYCLE_7,0
"Visit05",50,ON_TREATMENT,,
"Period 1 Day 10",50,ON_TREATMENT,,
"Day 24",50,ON_TREATMENT,BASELINE,2073600
"DAY59_STAGE2",50,ON_TREATMENT,BASELINE,5097600
"D0IB",50,ON_TREATMENT,BASELINE,0
"Cycle 18 Day 2",50,ON_TREATMENT,CYCLE_18,86400
"Period 1  Day 1 12h",50,ON_TREATMENT,,
"STATIN START",50,,,
"UNSCHEDULED-2",50,UNSCHEDULED,,
"Period 2  Day 1 3h",50,ON_TREATMENT,,
"D6PB",50,ON_TREATMENT,BASELINE,518400
"ARM C/E C1D15",50,ON_TREATMENT,CYCLE_1,1209600
"Baseline Day -4",50,BASELINE,BASELINE,0
"PK Week 8",50,ON_TREATMENT,BASELINE,4838400
"Early Termination Induction Completion",50,END_OF_TREATMENT,,
"DP",50,,,
"Week 61 - Mobile Nursing",50,ON_TREATMENT,BASELINE,36892800
"C2D1S2",50,ON_TREATMENT,CYCLE_2,0
"Implant Month 25",50,PROCEDURE,,
"SCREENMD",49,,,
"Part 1 MAD Day 3",49,,,
"C3D1 FRESH TISSUE FC",49,ON_TREATMENT,CYCLE_3,0
"P2Q2W Scr/BL",49,,,
"Cycle 2 Day 1 - Atezo+Tira",49,ON_TREATMENT,CYCLE_2,0
"Safety Study HACA",49,,,
"Period 5 Day 1",49,ON_TREATMENT,,
"DAY 1 SKIN BIOPSY",49,PROCEDURE,,
"D0P3B",49,ON_TREATMENT,BASELINE,0
"PK Week 2",49,ON_TREATMENT,BASELINE,1209600
"Retreat FU wk 48",49,ON_TREATMENT,BASELINE,29030400
"Period 1  Day 1 4h",49,ON_TREATMENT,,
"Follow Up 3 Months",49,FOLLOW_UP,,
"W148",49,ON_TREATMENT,BASELINE,89510400
"RETREATMENT_2",49,ON_TREATMENT,,
"D0P2B",49,ON_TREATMENT,BASELINE,0
"FU wk 96",49,FOLLOW_UP,,
"FU wk 84",49,FOLLOW_UP,,
"DE/EX C2D1",49,ON_TREATMENT,CYCLE_2,0
"CLINICAL GENOTYPING",49,,,
"PK Week 20",49,ON_TREATMENT,BASELINE,12096000
"PK Probe Day 1",49,,,
"Fresh.",49,,,
"IRR Event",49,,,
"OLE Week 33",49,ON_TREATMENT,BASELINE,19958400
"Period 1  Day 1 2h",49,ON_TREATMENT,,
"D-1",49,,,
"A/B-12WK POST FOLLOW UP #4",49,FOLLOW_UP,,
"Period 1 Day 12",49,ON_TREATMENT,,
"Day 22 Post-dose",49,ON_TREATMENT,BASELINE,1900800
"Follow Up Visit 2 Month 24",49,FOLLOW_UP,END_OF_TREATMENT,62208000
"Day 8: 168hr",49,ON_TREATMENT,BASELINE,691200
"Visit 7 Week 16",49,ON_TREATMENT,BASELINE,9676800
"Safety Follow - up",49,FOLLOW_UP,,
"Period 2 Day -1",48,ON_TREATMENT,,
"CD4PB",48,,,
"Period 4  Day 4 72h",48,ON_TREATMENT,,
"P2 C4D5(IMMUNO)SUB",48,ON_TREATMENT,CYCLE_4,345600
"Period 3  Day 2 24h",48,ON_TREATMENT,,
"Cycle 6 Day 22 to 28",48,ON_TREATMENT,CYCLE_6,1814400
"PRE ATEZOLIZUMAB",48,,,
">6 D POST STATIN",48,,,
"Cycle 6 Day 2",48,ON_TREATMENT,CYCLE_6,86400
"Period 2  Day 1 1.5h",48,ON_TREATMENT,,
"FUYEAR5",48,ON_TREATMENT,BASELINE,157680000
"LTE Week 24",48,ON_TREATMENT,BASELINE,14515200
"Follow up Completion of Combination Therapy 3 Month",48,FOLLOW_UP,,
"Period 3  Day 1 1h",48,ON_TREATMENT,,
"Period 2 Day 15",48,ON_TREATMENT,,
"Period 1  Day 1 6h",48,ON_TREATMENT,,
"Follow Up 6 Month",48,FOLLOW_UP,,
"Visit 25 Week 142 Retest",48,ON_TREATMENT,BASELINE,85881600
"Period 1  Day 2 24h",48,ON_TREATMENT,,
"Cycle 8, 12 Day 1",48,,,
"PK Week 4",48,ON_TREATMENT,BASELINE,2419200
"Week 308",48,ON_TREATMENT,BASELINE,186278400
"Study Drug Discontin",48,,,
"C88D1",48,ON_TREATMENT,CYCLE_88,0
"OLE Week 60",48,ON_TREATMENT,BASELINE,36288000
"Week 97 - Mobile Nursing",48,ON_TREATMENT,BASELINE,58665600
"Day 9 PRE-DOSE BACK UP",48,ON_TREATMENT,BASELINE,777600
"Baseline Kit 2 (24hr Post)",48,BASELINE,BASELINE,0
"Auto Antibodies",48,,,
"Period 4  Day 1 0h",48,ON_TREATMENT,,
"C1D29S1",48,ON_TREATMENT,CYCLE_1,2419200
"SFU48WKS",48,FOLLOW_UP,,
"OLE Week 17",48,ON_TREATMENT,BASELINE,10281600
"P2 C4D2(IMMUNO)SUB",48,ON_TREATMENT,CYCLE_4,86400
"CD0PB",48,,,
"C9 D1 Pre-dose",48,ON_TREATMENT,CYCLE_9,0
"COURSE2",48,,,
"Period 2  Day 3",48,ON_TREATMENT,,
"Day 1 Predose",48,ON_TREATMENT,BASELINE,86400
"Part 3 Week 50 Follow-up",47,FOLLOW_UP,END_OF_TREATMENT,30240000
"Week 74",47,ON_TREATMENT,BASELINE,44755200
"RT 5",47,,,
"D52PB",47,ON_TREATMENT,BASELINE,4492800
"CD0IB",47,,,
"RT 4 DAY 15",47,ON_TREATMENT,CYCLE_4,1209600
"C7D1OLEVF",47,ON_TREATMENT,CYCLE_7,0
"C2D15 P1B",47,ON_TREATMENT,CYCLE_2,1209600
"WEEK116",47,ON_TREATMENT,BASELINE,70156800
"C6D2",47,ON_TREATMENT,CYCLE_6,86400
"Retreat 2 wk 20",47,ON_TREATMENT,BASELINE,12096000
"Period 4  Day 1 1h",47,ON_TREATMENT,,
"Long Term Survival Follow-up",47,FOLLOW_UP,,
"≥ 90 days after last dose of atezolizumab",47,ON_TREATMENT,,
"Unscheduled BMA",47,UNSCHEDULED,,
"Visit 17 Week 46 Retest",47,ON_TREATMENT,BASELINE,27820800
"D10PB",47,ON_TREATMENT,BASELINE,864000
"C61D1",47,ON_TREATMENT,CYCLE_61,0
"Period 2  Day 1 4h",47,ON_TREATMENT,,
"42 Month",47,ON_TREATMENT,BASELINE,108864000
"C6D15",47,ON_TREATMENT,CYCLE_6,1209600
"Occasion 1 -2h 37m",47,,,
"1LTXMEV95",47,,,
"Follow Up Week 16 (Day 112)",47,FOLLOW_UP,END_OF_TREATMENT,9676800
"ADAY1",47,,,
"P1 Day 7",47,,,
"Week 3/Day 1 A DDI",47,ON_TREATMENT,BASELINE,1814400
"1 MONTH POST-REFILL",47,ON_TREATMENT,BASELINE,2592000
"THIRDLINE1",47,,,
"C5D1OLEVF",47,ON_TREATMENT,CYCLE_5,0
"CAPCTDNAW84",47,ON_TREATMENT,BASELINE,50803200
"D5PB",47,ON_TREATMENT,BASELINE,432000
"Day 7 1H",47,ON_TREATMENT,BASELINE,604800
"WEEK 15",47,ON_TREATMENT,BASELINE,9072000
"D0P5B",46,ON_TREATMENT,BASELINE,0
"C6D1 PREDOSE",46,ON_TREATMENT,CYCLE_6,0
"CD14IB",46,,,
"Day 7 0.25H",46,ON_TREATMENT,BASELINE,604800
"RT Day1",46,,,
"CYCLE1D1",46,ON_TREATMENT,CYCLE_1,0
"C1D2 3HR",46,ON_TREATMENT,CYCLE_1,97200
"Post Treatment",46,FOLLOW_UP,,
"Week 5/Day 1 B W/O D",46,ON_TREATMENT,BASELINE,3024000
"WEEK10",46,ON_TREATMENT,BASELINE,6048000
"Post Induction",46,,,
"C6D8ABC",46,ON_TREATMENT,CYCLE_6,604800
"Prior to Start of Dopaminergic Week 36",46,ON_TREATMENT,BASELINE,21772800
"Day 7 PREDOSE",46,ON_TREATMENT,BASELINE,604800
"CD35PB",46,,,
"Tumor Assessment Month 12",46,ON_TREATMENT,BASELINE,31104000
"Period 3  Day 1 12h",46,ON_TREATMENT,,
"Cycle 4 Day 1 (Study Day 64)",46,ON_TREATMENT,CYCLE_4,0
"Week 504",46,ON_TREATMENT,BASELINE,304819200
"Period 1  Day 1 1h",46,ON_TREATMENT,,
"Period 3  Day 3 48h",46,ON_TREATMENT,,
"Implant Month 24",46,PROCEDURE,,
"Follow-up Month 18",46,FOLLOW_UP,END_OF_TREATMENT,46656000
"D4PB",46,ON_TREATMENT,BASELINE,345600
"Day -14",46,ON_TREATMENT,BASELINE,1209600
"RESCEU_V_stable_induced#2",46,,,
"D60PB",46,ON_TREATMENT,BASELINE,5184000
"D16",46,ON_TREATMENT,BASELINE,1382400
"Cycle 0 Day 2 (Arm AB)",46,ON_TREATMENT,CYCLE_0,86400
"C1D10 TD11",46,ON_TREATMENT,CYCLE_1,777600
"Period 1  Day 1 3h",46,ON_TREATMENT,,
"Week 236",46,ON_TREATMENT,BASELINE,142732800
"End of Combination Treatment Response Visit 8 to 12 Weeks",46,ON_TREATMENT,,
"Mid Treatment Response Assessment Cycle 3 Day 30",46,ON_TREATMENT,CYCLE_3,2505600
"CYCLE 75 DAY 1",46,ON_TREATMENT,CYCLE_75,0
"Cycle 8 Day 22 to 28",46,ON_TREATMENT,CYCLE_8,1814400
"Day 519",46,ON_TREATMENT,BASELINE,44841600
"Week 12/Day 7 A",46,ON_TREATMENT,BASELINE,7257600
"C1D4ABC",46,ON_TREATMENT,CYCLE_1,259200
"Safety Follow-Up SFUW72",46,FOLLOW_UP,END_OF_TREATMENT,43545600
"ctDNA Post-Op",46,,,
"Period 2  Day 1 .5h",46,ON_TREATMENT,,
"Day 20 PREDOSE",46,ON_TREATMENT,BASELINE,1728000
"Group 4 Day 1",46,,,
"On Treatment Day 19",46,ON_TREATMENT,,
"D90",46,ON_TREATMENT,BASELINE,7776000
"Period 3  Day 1 1.5h",45,ON_TREATMENT,,
"Part 1 MAD Day 7",45,,,
"W13SRI",45,ON_TREATMENT,BASELINE,7862400
"Week 37 Day 255",45,ON_TREATMENT,BASELINE,22377600
"Period 4  Day 2 24h",45,ON_TREATMENT,,
"CTCCAPW42",45,ON_TREATMENT,BASELINE,25401600
"Period 2  Day 1 6h",45,ON_TREATMENT,,
"D14IB",45,ON_TREATMENT,BASELINE,1209600
"Period 3  Day 1 4h",45,ON_TREATMENT,,
"D0P4B",45,ON_TREATMENT,BASELINE,0
"Day 69",45,ON_TREATMENT,BASELINE,5961600
"ARM A/C/D/E C5D1",45,ON_TREATMENT,CYCLE_5,0
"C6D1 30 MIN POSTDOSE",45,ON_TREATMENT,CYCLE_6,0
"10-week",45,,,
"S2AC1D1",45,ON_TREATMENT,CYCLE_1,0
"Treatment Completion or Treatment Discontinuation",45,END_OF_TREATMENT,,
"Cycle8 Day1 Arm A",45,ON_TREATMENT,CYCLE_8,0
"WK 72 RE-TRT 3",45,ON_TREATMENT,BASELINE,43545600
"Safety FU Week 14",45,FOLLOW_UP,,
"CYCLE 78 DAY 1",45,ON_TREATMENT,CYCLE_78,0
"Extra Visit at Relapsing",45,,,
"PART I: C2D1 -0.17H",45,ON_TREATMENT,CYCLE_2,61200
"W73SRI",45,ON_TREATMENT,BASELINE,44150400
"CYCLE7_DAY8",45,ON_TREATMENT,CYCLE_7,604800
"Cycle 4 Day 1 Retest",45,ON_TREATMENT,CYCLE_4,0
"Period 3  Day 1 6h",45,ON_TREATMENT,,
"DISC2DE",45,END_OF_TREATMENT,,
"C8 D1 Pre-dose",45,ON_TREATMENT,CYCLE_8,0
"Treatment Discontinuation Sch III",45,END_OF_TREATMENT,,
"DAY 1 RE-TRT 8",45,ON_TREATMENT,BASELINE,86400
"CD0TB",45,,,
"Week 225 on treatment",45,ON_TREATMENT,BASELINE,136080000
"Post Cycle 8 Day 1",45,ON_TREATMENT,CYCLE_8,0
"PPI Cohort Visit 2/Day 1",45,,,
"SCREEN BM DNA/RNA P1",45,SCREENING,SCREENING,0
"AC2D1",45,ON_TREATMENT,CYCLE_2,0
"Part 3 Week 60 Follow-up",44,FOLLOW_UP,END_OF_TREATMENT,36288000
"Week 13 Day 89",44,ON_TREATMENT,BASELINE,7862400
"CD7G",44,,,
"Day 7 8H",44,ON_TREATMENT,BASELINE,604800
"28 Day Follow Up Visit",44,FOLLOW_UP,,
"21  RT  3 DAY 15",44,,,
"FU12WEEKS",44,FOLLOW_UP,,
"Period 2  Day 1 2h",44,ON_TREATMENT,,
"CD56PB",44,,,
"WK19D1",44,ON_TREATMENT,BASELINE,11491200
"Cycle 1 Day 1 Retest",44,ON_TREATMENT,CYCLE_1,0
"DAY 1 RE-TRT 9",44,ON_TREATMENT,BASELINE,86400
"A/B-12WK FOLLOW UP #12",44,FOLLOW_UP,,
"WEEK128",44,ON_TREATMENT,BASELINE,77414400
"Extra Visit at Relapsing 1 Double Blind Period",44,,,
"Cycle 3 Days 29-56",44,,,
"C15 D1 Pre-dose",44,ON_TREATMENT,CYCLE_15,0
"TREATMENT DAY 1",44,ON_TREATMENT,,
"C6D1DE",44,ON_TREATMENT,CYCLE_6,0
"Day 29 (Cohort 1 & 2)",44,ON_TREATMENT,BASELINE,2505600
"CD0G",44,,,
"DAY 72",44,ON_TREATMENT,BASELINE,6220800
"Day 26",44,ON_TREATMENT,BASELINE,2246400
"CD42PB",44,,,
"Day 21: 528hr",44,ON_TREATMENT,BASELINE,1814400
"W172",44,ON_TREATMENT,BASELINE,104025600
"Day 7 1.5H",44,ON_TREATMENT,BASELINE,604800
"C3D1 Atezo+Bev",44,ON_TREATMENT,CYCLE_3,0
"Cycle 79 Day 1",44,ON_TREATMENT,CYCLE_79,0
"CD91G",44,,,
"Day 162",44,ON_TREATMENT,BASELINE,13996800
"W69SRI",44,ON_TREATMENT,BASELINE,41731200
"Day 5: 96hr",44,ON_TREATMENT,BASELINE,432000
"CD21PB",44,,,
"FUYEAR1",44,ON_TREATMENT,BASELINE,31536000
"Q16W Week 145",44,ON_TREATMENT,BASELINE,87696000
"AmendmentD",44,,,
"Prestudy",44,,,
"Period 3  Day 1 3h",44,ON_TREATMENT,,
"FU WEEK 12",44,FOLLOW_UP,,
"C2 1st Dosing Day",44,,,
"SAD Day 1 12h",44,,,
"OPTW64",44,ON_TREATMENT,BASELINE,38707200
"Cycle 12",44,ON_TREATMENT,CYCLE_12,0
"C2D1S1",44,ON_TREATMENT,CYCLE_2,0
"MONO C1 D2",44,ON_TREATMENT,CYCLE_1,86400
"Visit 47 Week 406 Retest",44,ON_TREATMENT,BASELINE,245548800
"Week 153",43,ON_TREATMENT,BASELINE,92534400
"S1C1D1",43,ON_TREATMENT,CYCLE_1,0
"Period 4  Day 1 1.5h",43,ON_TREATMENT,,
"Day 12 PREDOSE",43,ON_TREATMENT,BASELINE,1036800
"CD21GB",43,,,
"P1 C1D1 POST (IMMUNO",43,ON_TREATMENT,CYCLE_1,0
"P1 C1D1 PRE (IMMUNO)",43,ON_TREATMENT,CYCLE_1,0
"Follow Up Week 63",43,FOLLOW_UP,END_OF_TREATMENT,38102400
"D31PB",43,ON_TREATMENT,BASELINE,2678400
"Week 5/Day 1 A DDI",43,ON_TREATMENT,BASELINE,3024000
"CD14PB",43,,,
"CD21G",43,,,
"Fresh Mandatory Biopsy",43,PROCEDURE,,
"UDNAC6",43,,,
"Day -35 to -2",43,ON_TREATMENT,BASELINE,3024000
"Period 2  Day 3 48h",43,ON_TREATMENT,,
"Period 3  Day 1 0h",43,ON_TREATMENT,,
"Week 12/Day 1 A DDI",43,ON_TREATMENT,BASELINE,7257600
"C4B",43,,,
"P1 Day 5",43,,,
"CD147GB",43,,,
"Day 5 PREDOSE",43,ON_TREATMENT,BASELINE,432000
"Cycle 10 Day 5",43,ON_TREATMENT,CYCLE_10,345600
"CD147G",43,,,
"Prior to Start of Dopaminergic Week 24",43,ON_TREATMENT,BASELINE,14515200
"Period 4  Day 1 2h",43,ON_TREATMENT,,
"Unscheduled Biopsy",43,UNSCHEDULED,,
"Cycle 1: D1: Pre",43,,,
"OPTIONAL TISSUE BIOPSY",43,PROCEDURE,,
"D28PB",43,ON_TREATMENT,BASELINE,2419200
"Day of Surgery",43,PROCEDURE,,
"999",43,,,
"Period 2  Day 1 0h",43,ON_TREATMENT,,
"DAY30 SIG",43,ON_TREATMENT,BASELINE,2592000
"RETX SCREENING",43,SCREENING,SCREENING,0
"Period 1  Day 3 48h",43,ON_TREATMENT,,
"C5D15",43,ON_TREATMENT,CYCLE_5,1209600
"Day 7 4H",43,ON_TREATMENT,BASELINE,604800
"D120IB",43,ON_TREATMENT,BASELINE,10368000
"WK 104 RE-TRT 4 (or WD)",43,ON_TREATMENT,BASELINE,62899200
"ETSIG",43,,,
"Retreat FU wk 60",43,ON_TREATMENT,BASELINE,36288000
"Period 2  Day 1 12h",43,ON_TREATMENT,,
"Day 392",42,ON_TREATMENT,BASELINE,33868800
"Day 3 to Day 4",42,ON_TREATMENT,BASELINE,259200
"Treatment Completion/End of Treatment",42,END_OF_TREATMENT,,
"CD2PB",42,,,
"Cycle 76 Day 1",42,ON_TREATMENT,CYCLE_76,0
"SFUW72",42,ON_TREATMENT,BASELINE,43545600
"FINAL VISIT PT2&3B",42,,,
"Re-treatment D1",42,ON_TREATMENT,,
"Cycle 1 Day 15 (Arm AB)",42,ON_TREATMENT,CYCLE_1,1209600
"Primary Screening",42,SCREENING,SCREENING,0
"C76D1",42,ON_TREATMENT,CYCLE_76,0
"Visit 2 Cycle 4 Day 1",42,ON_TREATMENT,CYCLE_4,0
"UDNAC15",42,,,
"Day 11 PREDOSE",42,ON_TREATMENT,BASELINE,950400
"Day 3 PREDOSE",42,ON_TREATMENT,BASELINE,259200
"C1D1B EOI",42,ON_TREATMENT,CYCLE_1,0
"2LTXC1",42,,,
"Cycle3_Day1",42,ON_TREATMENT,CYCLE_3,0
"Post treatment visit 4",42,FOLLOW_UP,,
"Week 165",42,ON_TREATMENT,BASELINE,99792000
"C13 D1 Pre-dose",42,ON_TREATMENT,CYCLE_13,0
"EX C1D1",42,ON_TREATMENT,CYCLE_1,0
"Cycle 10 Day 22 to 28",42,ON_TREATMENT,CYCLE_10,1814400
"Retest C1D1",42,UNSCHEDULED,,
"IRAE",42,,,
"EXTENDED_FU3",42,,,
"M42",42,,,
"Period 2 Day 22",42,ON_TREATMENT,,
"WK0",42,ON_TREATMENT,BASELINE,0
"End of Induction Cycle 8 Day 18",42,ON_TREATMENT,CYCLE_8,1468800
"C65D1",42,ON_TREATMENT,CYCLE_65,0
"C3D1S1",42,ON_TREATMENT,CYCLE_3,0
"Day 8 PREDOSE",42,ON_TREATMENT,BASELINE,691200
"Follow-up Day 84",42,FOLLOW_UP,,
"CD7PB",42,,,
"F-Study Completion/Early Term",42,END_OF_TREATMENT,,
"Prior to Start of Dopaminergic Week 72",42,ON_TREATMENT,BASELINE,43545600
"Part 3 Week 54 Follow-up",42,FOLLOW_UP,END_OF_TREATMENT,32659200
"CD28PB",42,,,
"Part 2 Day 9",42,,,
"Period 4  Day 1 12h",41,ON_TREATMENT,,
"Period 3  Day 1 .5h",41,ON_TREATMENT,,
"Period 4  Day 3 48h",41,ON_TREATMENT,,
"Tumor Assessment Week 1",41,ON_TREATMENT,BASELINE,604800
"RUN IN DAY1 1B",41,BASELINE,BASELINE,0
"FL Regimen A & B C2D",41,,,
"Period 4  Day 1 3h",41,ON_TREATMENT,,
"WK192",41,ON_TREATMENT,BASELINE,116121600
"MONO C1 D8",41,ON_TREATMENT,CYCLE_1,604800
"Week 284",41,ON_TREATMENT,BASELINE,171763200
"Day 7 3H",41,ON_TREATMENT,BASELINE,604800
"Tumor Assessment Week 21",41,ON_TREATMENT,BASELINE,12700800
"BD45PB",41,,,
"1LTXMEV97",41,,,
"A/B-12WK FOLLOW UP #13",41,FOLLOW_UP,,
"21 RT 2 DAY 15",41,,,
"Tocilizumab Treatment",41,ON_TREATMENT,,
"T2_DAY84",41,,,
"Cons 1 Week prior to Cycle 17",41,,,
"Visit 23 Week 118 Retest",41,ON_TREATMENT,BASELINE,71366400
"YEAR5",41,ON_TREATMENT,BASELINE,157680000
"Day 22 PREDOSE",41,ON_TREATMENT,BASELINE,1900800
"DE_DAY22",41,,,
"Cycle 1 Day 19",41,ON_TREATMENT,CYCLE_1,1555200
"VISIT >90LBS",41,,,
"1LTXMEV99",41,,,
"TRT_CMP_ERLY_TRM",41,ON_TREATMENT,,
"Week 2 and 3",41,ON_TREATMENT,BASELINE,1209600
"Period 3  Day 4 72h",41,ON_TREATMENT,,
"FU Wk 12",41,FOLLOW_UP,,
"CD147IB",41,,,
"Period 4  Day 1 4h",41,ON_TREATMENT,,
"End of Tx",41,,,
"Week 5 Day 36",41,ON_TREATMENT,BASELINE,3024000
"CYC1_D2",41,ON_TREATMENT,CYCLE_1,86400
"Survival Follow-up",41,FOLLOW_UP,,
"UDNAC4",41,,,
"RESCEU_V_stable_induced#3",41,,,
"CD77PB",41,,,
"Period 1  Day 1 8h",41,ON_TREATMENT,,
"D18",41,ON_TREATMENT,BASELINE,1555200
"WK204",41,ON_TREATMENT,BASELINE,123379200
"1LTXMEV94",40,,,
"Cycle 1 Day 25",40,ON_TREATMENT,CYCLE_1,2073600
"D60IB",40,ON_TREATMENT,BASELINE,5184000
"RESCEU_V5",40,,,
"WEEK84",40,ON_TREATMENT,BASELINE,50803200
"Day 7 6H",40,ON_TREATMENT,BASELINE,604800
"Visit 2 Cycle 12 Day 1",40,ON_TREATMENT,CYCLE_12,0
"Visit 2 214_D1_30 minute post dose",40,ON_TREATMENT,,
"FU WEEK 84",40,FOLLOW_UP,,
"D45PB",40,ON_TREATMENT,BASELINE,3888000
"DE_DAY8",40,,,
"Week 528",40,ON_TREATMENT,BASELINE,319334400
"Blood Sample (Optional)",40,,,
"PDIS",40,,,
"FU24WEEKS",40,FOLLOW_UP,,
"C7D1 PREDOSE AMEND",40,ON_TREATMENT,CYCLE_7,0
"A/B-4WK FOLLOW UP #1",40,FOLLOW_UP,,
"CD63PB",40,,,
"Da 10",40,,,
"Follow Up Week 72",40,FOLLOW_UP,END_OF_TREATMENT,43545600
"Week 176SUPP",40,ON_TREATMENT,BASELINE,106444800
"P2 Cycle 3 Day 1",40,ON_TREATMENT,CYCLE_3,0
"CD0T",40,,,
"PD2 DAY 11",40,,,
"Ib F/U 2 Months Post EOT Sch II-IV",40,,,
"1LTXMEV98",40,,,
"P2 Day 7",40,,,
"Week 260",40,ON_TREATMENT,BASELINE,157248000
"A/B-12WK POST FOLLOW UP #8",40,FOLLOW_UP,,
"Tumor Assessment Week 2",40,ON_TREATMENT,BASELINE,1209600
"BD90PB",40,,,
"36 WEEKS (CYCLE 13)",40,,,
"DAY134",40,ON_TREATMENT,BASELINE,11577600
"Extra visit at Relapsing Double Blind Period",40,,,
"Part 1 Cycle 8 Day 1",40,ON_TREATMENT,CYCLE_8,0
"WEEK 137",40,ON_TREATMENT,BASELINE,82857600
"Period 1  Day 1 .5h",40,ON_TREATMENT,,
"D344/ET",40,ON_TREATMENT,BASELINE,29721600
"BD0P1B",39,,,
"Day 7-8",39,ON_TREATMENT,BASELINE,604800
"Cycle 14 Day 22 to 28",39,ON_TREATMENT,CYCLE_14,1814400
"P3 Day -1",39,,,
"Day 13 PREDOSE",39,ON_TREATMENT,BASELINE,1123200
"Period 2 Day 6",39,ON_TREATMENT,,
"Visit 15 Week 22 Retest",39,ON_TREATMENT,BASELINE,13305600
"Visit06",39,ON_TREATMENT,,
"CD7GB",39,,,
"CD105PB",39,,,
"Month 66 Follow Up",39,FOLLOW_UP,END_OF_TREATMENT,171072000
"DAY1ORSUBSEQUENTVISIT",39,ON_TREATMENT,BASELINE,86400
"Follow Up Week 54",39,FOLLOW_UP,END_OF_TREATMENT,32659200
"DP Visit",39,,,
"Cycle 2 Day 2 (Phase 1b)",39,ON_TREATMENT,CYCLE_2,86400
"Implant Month 27",39,PROCEDURE,,
"Retreat 2 wk 48",39,ON_TREATMENT,BASELINE,29030400
"Period 3  Day 1 8h",39,ON_TREATMENT,,
"Day 672",39,ON_TREATMENT,BASELINE,58060800
"Cycle 68 Day 1",39,ON_TREATMENT,CYCLE_68,0
"Day 7 10H",39,ON_TREATMENT,BASELINE,604800
"Tumor Assessment Month 24",39,ON_TREATMENT,BASELINE,62208000
"Visit 3 226_D1_30 minute post dose",39,ON_TREATMENT,,
"WK216",39,ON_TREATMENT,BASELINE,130636800
"CD35GB",39,,,
"WEEK_6",39,ON_TREATMENT,BASELINE,3628800
"COMPLETION",39,,,
"SECONDLINE2",39,,,
"Day 14 Early Termination",39,END_OF_TREATMENT,,
"On Treatment Day 13",39,ON_TREATMENT,,
"visit 11 week 96",39,ON_TREATMENT,BASELINE,58060800
"CD119IB",39,,,
"Cycle 12 Day 22 to 28",39,ON_TREATMENT,CYCLE_12,1814400
"CD35G",39,,,
"OSE SFU Visit 18 Week 56/FU",39,ON_TREATMENT,BASELINE,33868800
"CD147PB",39,,,
"Day 18 PREDOSE",39,ON_TREATMENT,BASELINE,1555200
"BD0P4B",39,,,
"DAY 1 RE-TRT",39,ON_TREATMENT,BASELINE,86400
"D21PB",39,ON_TREATMENT,BASELINE,1814400
"C3D3",39,ON_TREATMENT,CYCLE_3,172800
"Period 3 Day 4",39,ON_TREATMENT,,
"C9 DAY 1",38,ON_TREATMENT,CYCLE_9,0
"CD14G",38,,,
"ARM B/F/G C2D15",38,ON_TREATMENT,CYCLE_2,1209600
"Cycle X",38,,,
"C4D8DE",38,ON_TREATMENT,CYCLE_4,604800
"EARLYWITHDRAWAL",38,END_OF_TREATMENT,,
"Maintenance Post-Consolidation Cycle 3 Day 1",38,ON_TREATMENT,CYCLE_3,0
"Q8W Week 137",38,ON_TREATMENT,BASELINE,82857600
"End of Combination Treatment Response Visit at Cycle 9",38,ON_TREATMENT,,
"Screening SM3 PD PLASMA",38,SCREENING,SCREENING,0
"Day 9 24 HR PRE BACK UP",38,ON_TREATMENT,BASELINE,777600
"CD0GB",38,,,
"WEEK_9",38,ON_TREATMENT,BASELINE,5443200
"Cycle 96 Day 1",38,ON_TREATMENT,CYCLE_96,0
"VISIT 59-90LBS",38,ON_TREATMENT,,
"Week 26 Follow Up",38,FOLLOW_UP,END_OF_TREATMENT,15724800
"Week 48 Unscheduled",38,UNSCHEDULED,,
"C3D1 PRE P1B",38,ON_TREATMENT,CYCLE_3,0
"WK 72 RE-TRT 2",38,ON_TREATMENT,BASELINE,43545600
"P2 Day 5",38,,,
"VISIT9",38,ON_TREATMENT,,
"V5C2W24",38,ON_TREATMENT,BASELINE,14515200
"C4XD1",38,,,
"WEEK 23",38,ON_TREATMENT,BASELINE,13910400
"C7D8",38,ON_TREATMENT,CYCLE_7,604800
"Tumor Assessment Week 108",38,ON_TREATMENT,BASELINE,65318400
"PK FU Week 1",38,ON_TREATMENT,BASELINE,604800
"DAY1_4HR_POST",38,ON_TREATMENT,BASELINE,86400
"Progression Biopsy",38,PROCEDURE,,
"Cycle 1 Day 14 Arm B",38,ON_TREATMENT,CYCLE_1,1123200
"C19 D1 Pre-dose",38,ON_TREATMENT,CYCLE_19,0
"Period 1 Day 6",38,ON_TREATMENT,,
"C1D18B",38,ON_TREATMENT,CYCLE_1,1468800
"Cycle 14 Day 5",38,ON_TREATMENT,CYCLE_14,345600
"CD56G",38,,,
"Post-TCZ Treatment",38,ON_TREATMENT,,
"Day 14 - Day 15",38,ON_TREATMENT,BASELINE,1209600
"Visit 1 211_D3_48 hour post dose",38,ON_TREATMENT,,
"CYCLE9_DAY8",38,ON_TREATMENT,CYCLE_9,604800
"Part 2 End of Treatm",38,,,
"TDPD1",38,,,
"Safety Follow Up Week 96",38,FOLLOW_UP,END_OF_TREATMENT,58060800
"Day 7 2H",38,ON_TREATMENT,BASELINE,604800
"Period 1 Day 16",38,ON_TREATMENT,,
"CD14GB",38,,,
"Optl Lumbar Puncture & Blood Coll",37,PROCEDURE,,
"OL Day 1RT4D1",37,,,
"Infusion 1 and 2 visit Maternal",37,ON_TREATMENT,,
"PD1 DAY 4",37,,,
"OL Day 15 RT4D15",37,,,
"C3D1 Atezo+Bev+TCZ",37,ON_TREATMENT,CYCLE_3,0
"A/B-4WK FOLLOW UP #4",37,FOLLOW_UP,,
"C1D11B",37,ON_TREATMENT,CYCLE_1,864000
"Week 140",37,ON_TREATMENT,BASELINE,84672000
"CD70PB",37,,,
"SFU WEEK 72",37,ON_TREATMENT,BASELINE,43545600
"T1_DAY15",37,,,
"Unscheduled UNSCH2",37,UNSCHEDULED,,
"TUMOUR RESPONSE",37,,,
"12 Week Safety Follow Up",37,FOLLOW_UP,,
"Unscheduled or Retest Day 1",37,UNSCHEDULED,,
"Fresh Biopsy Blood Biomarker",37,PROCEDURE,,
"4 WK FOLLOW UP",37,FOLLOW_UP,,
"Week 6 Day 1",37,ON_TREATMENT,BASELINE,3628800
"T2_DAY196",37,,,
"ARM B/F/G C6D1",37,ON_TREATMENT,CYCLE_6,0
"Re-treatment D15",37,ON_TREATMENT,,
"C67D1",37,ON_TREATMENT,CYCLE_67,0
"Follow Up Year 1",37,FOLLOW_UP,END_OF_TREATMENT,31536000
"C1D15 P2",37,ON_TREATMENT,CYCLE_1,1209600
"D90PB",37,ON_TREATMENT,BASELINE,7776000
"Visit 5 Week 24 Retest",37,ON_TREATMENT,BASELINE,14515200
"CD49PB",37,,,
"P2 Day 15",37,,,
"Day 98",37,ON_TREATMENT,BASELINE,8467200
"Folow Up Week 24",37,ON_TREATMENT,BASELINE,14515200
"Retest C8D1",37,UNSCHEDULED,,
"DAY30MD",37,ON_TREATMENT,BASELINE,2592000
"Retest Cycle 1 Day 1",37,UNSCHEDULED,,
"RESCEU_Vex4",37,,,
"Tumor Assessment Week 156",37,ON_TREATMENT,BASELINE,94348800
"P1 Day 22",37,,,
"Period 1 Week 2",37,ON_TREATMENT,BASELINE,1209600
"Optional Tumor Biopsy",37,PROCEDURE,,
"D70PB",37,ON_TREATMENT,BASELINE,6048000
"Pre-Surgery (EOT)",36,PROCEDURE,,
"Visit 2 224_D4_72 hour post dose",36,ON_TREATMENT,,
"C8D8ABC",36,ON_TREATMENT,CYCLE_8,604800
"C1 D1",36,ON_TREATMENT,CYCLE_1,0
"ATA Post Skin Test Sub Study",36,,,
"DAY141",36,ON_TREATMENT,BASELINE,12182400
"Day 7 Safety Follow Up",36,FOLLOW_UP,,
"C2RD8",36,,,
"WK4 D28 PT 2&3B",36,ON_TREATMENT,BASELINE,2419200
"C21 D1 Pre-dose",36,ON_TREATMENT,CYCLE_21,0
"CD119G",36,,,
"V02.31",36,ON_TREATMENT,,
"Year 1 Week 64",36,ON_TREATMENT,BASELINE,38707200
"Cycle 7 Treatment Week 12 Post Day 1 Infusion",36,ON_TREATMENT,BASELINE,7257600
"DAY 63",36,ON_TREATMENT,BASELINE,5443200
"BD70PB",36,,,
"Week 35",36,ON_TREATMENT,BASELINE,21168000
"Day 14-15",36,ON_TREATMENT,BASELINE,1209600
"Cycle 74 Day 1",36,ON_TREATMENT,CYCLE_74,0
"CAPCTDNAW78",36,ON_TREATMENT,BASELINE,47174400
"D28IB",36,ON_TREATMENT,BASELINE,2419200
"CD133PB",36,,,
"CYCLE7_DAY15",36,ON_TREATMENT,CYCLE_7,1209600
"RESCEU_V4",36,,,
"Day 4 to Day 5",36,ON_TREATMENT,BASELINE,345600
"Target Dose 1 Day 9",36,ON_TREATMENT,,
"TREATMENT DISC",36,ON_TREATMENT,,
"CD25PB",36,,,
"Period 3 Week 1",36,ON_TREATMENT,BASELINE,604800
"Add.Cycle Treat. 12W PostDay 1 Inf.",36,,,
"DAY1_2HR_POST",36,ON_TREATMENT,BASELINE,86400
"C1D8 P1B SC",36,ON_TREATMENT,CYCLE_1,604800
"Visit 1 204_D1_2 hour post dose",36,ON_TREATMENT,,
"D24PB",36,ON_TREATMENT,BASELINE,2073600
"Period 1 Day 21",36,ON_TREATMENT,,
"Cycle 14 Day 21",36,ON_TREATMENT,CYCLE_14,1728000
"CD35IB",36,,,
"FU 1",36,FOLLOW_UP,,
"WK 39*",36,ON_TREATMENT,BASELINE,23587200
"FU 60 WEEKS",36,FOLLOW_UP,,
"DISEASE PROGRESSION",36,DISEASE_PROGRESSION,,
"C1D2 PRE",36,ON_TREATMENT,CYCLE_1,86400
"CYC3_D2",36,ON_TREATMENT,CYCLE_3,86400
"Cycle 5 Day 9",36,ON_TREATMENT,CYCLE_5,691200
"Cycle 2 Day 1 D",36,ON_TREATMENT,CYCLE_2,0
"Cycle 1 Week 12",36,ON_TREATMENT,BASELINE,7257600
"MAINTENANCE CYCLE 3",36,,,
"WGSSCREEN",36,,,
"Disease Progression or Recurrence",36,DISEASE_PROGRESSION,,
"CD119GB",36,,,
"MONTH36IGEC",36,ON_TREATMENT,BASELINE,93312000
"Period 2 Day 14",36,ON_TREATMENT,,
"CD11PB",36,,,
"Retreat FU wk 84",36,ON_TREATMENT,BASELINE,50803200
"Day 1 - Day 2",36,ON_TREATMENT,BASELINE,86400
"End of Cycle 8",36,,,
"DAY127",36,ON_TREATMENT,BASELINE,10972800
"C1D2M",35,ON_TREATMENT,CYCLE_1,86400
"Period 1 Day 27",35,ON_TREATMENT,,
"Tumor Assessment Week 4",35,ON_TREATMENT,BASELINE,2419200
"MTD_DAY15",35,,,
"CD56GB",35,,,
"EOS FU or Withdrawal from Study",35,END_OF_TREATMENT,,
"Day 16 PREDOSE",35,ON_TREATMENT,BASELINE,1382400
"DOSED",35,ON_TREATMENT,,
"Retest C2D1",35,UNSCHEDULED,,
"RT 7 DAY 1",35,ON_TREATMENT,CYCLE_7,0
"SARS-COV2 Vaccine Before Vaccination",35,,,
"C16 D1 Pre-dose",35,ON_TREATMENT,CYCLE_16,0
"End of Treatement",35,,,
"WK11",35,ON_TREATMENT,BASELINE,6652800
"Retreatment Week 60",35,ON_TREATMENT,BASELINE,36288000
"Cycle 88 Day 1",35,ON_TREATMENT,CYCLE_88,0
"C4 D1 Pre-dose",35,ON_TREATMENT,CYCLE_4,0
"Prior to Start of Dopaminergic Week 96",35,ON_TREATMENT,BASELINE,58060800
"Week 1/Day 4 B",35,ON_TREATMENT,BASELINE,604800
"Retest C16D1",35,UNSCHEDULED,,
"Month 63 Follow Up",35,FOLLOW_UP,END_OF_TREATMENT,163296000
"CRS Event",35,,,
"RT 7",35,,,
"Period 2  Day 11",35,ON_TREATMENT,,
"WK 104 RE-TRT 4 (or WITHDRAWAL)",35,END_OF_TREATMENT,,
"9",35,,,
"Period 4  Day 1 8h",35,ON_TREATMENT,,
"Follow Up Visit 2 Month 33",35,FOLLOW_UP,END_OF_TREATMENT,85536000
"BD90IB",35,,,
"PTUNSCHED",35,,,
"ON-TREATMENT",35,ON_TREATMENT,,
"Cycle 57 Day 1",35,ON_TREATMENT,CYCLE_57,0
"Day 7 12H",35,ON_TREATMENT,BASELINE,604800
"C2D2B",35,ON_TREATMENT,CYCLE_2,86400
"CYCLE1_DAY3_4",35,ON_TREATMENT,CYCLE_1,172800
"SFU24WKS",35,FOLLOW_UP,,
"BD28IB",35,,,
"C5D1 PREDOSE AMEND",35,ON_TREATMENT,CYCLE_5,0
"C11D1B",35,ON_TREATMENT,CYCLE_11,0
"Tumor Assessment Month 18",35,ON_TREATMENT,BASELINE,46656000
"Week 232SUPP",34,ON_TREATMENT,BASELINE,140313600
"M4",34,,,
"Consolidation Cycle 2 Day 1",34,ON_TREATMENT,CYCLE_2,0
"120 Days",34,,,
"3‑Month Safety Follow Up",34,FOLLOW_UP,,
"C3D22",34,ON_TREATMENT,CYCLE_3,1814400
"C1D6",34,ON_TREATMENT,CYCLE_1,432000
"P1 C1D2 (IMMUNO)",34,ON_TREATMENT,CYCLE_1,86400
"On Treatment Day 308",34,ON_TREATMENT,,
"BD28PB",34,,,
"Maintenance Post-Consolidation Cycle 4 Day 1",34,ON_TREATMENT,CYCLE_4,0
"Period 2 Day 10",34,ON_TREATMENT,,
"Cycle 35 Day 15",34,ON_TREATMENT,CYCLE_35,1209600
"Visit  247_D3_48 hour post dose",34,ON_TREATMENT,,
"CYCLE1_DAY5_6",34,ON_TREATMENT,CYCLE_1,345600
"BD0P5B",34,,,
"Not Specfified",34,,,
"Visit 1 206_D1_4 hour post dose",34,ON_TREATMENT,,
"Week 102",34,ON_TREATMENT,BASELINE,61689600
"TAD4",34,,,
"Follow Up Week 81",34,FOLLOW_UP,END_OF_TREATMENT,48988800
"Week 264",34,ON_TREATMENT,BASELINE,159667200
"Visit 2 213_D1_predose",34,ON_TREATMENT,,
"Visit 3 227_D1_1 hour post dose",34,ON_TREATMENT,,
"Prior to Start of Dopaminergic Week 56",34,ON_TREATMENT,BASELINE,33868800
"Part 1 Cycle 10 Day 1",34,ON_TREATMENT,CYCLE_10,0
"Week 4 M1+2 Day 22 UR PK",34,ON_TREATMENT,BASELINE,2419200
"Visit 55 Unscheduled or Retest",34,UNSCHEDULED,,
"Period 2  Day 13",34,ON_TREATMENT,,
"BD0IB",34,,,
"C1D15 P1 DOUBLE",34,ON_TREATMENT,CYCLE_1,1209600
"Period 2  Day 8",34,ON_TREATMENT,,
"C3D7",34,ON_TREATMENT,CYCLE_3,518400
"C20 D1 Pre-dose",34,ON_TREATMENT,CYCLE_20,0
"Prior to Start of Dopaminergic Week 104",34,ON_TREATMENT,BASELINE,62899200
"Day 88",34,ON_TREATMENT,BASELINE,7603200
"C22D1 PREDOSE",34,ON_TREATMENT,CYCLE_22,0
"Whole Blood for RBR",34,,,
"EOSFU",34,,,
"Alternate Schedule Cycle 1 Day 15",34,ON_TREATMENT,CYCLE_1,1209600
"CYCLE 81 DAY 1",34,ON_TREATMENT,CYCLE_81,0
"C7 D1 Pre-dose",34,ON_TREATMENT,CYCLE_7,0
"Day 1 to Day 2",34,ON_TREATMENT,BASELINE,86400
"D24",34,ON_TREATMENT,BASELINE,2073600
"Visit 59 Unscheduled or Retest",34,UNSCHEDULED,,
"RETEST - C2D1",34,UNSCHEDULED,,
"Implant Post Refill Month 6 Day 7",34,PROCEDURE,,
"BD21PB",34,,,
"Week 177",34,ON_TREATMENT,BASELINE,107049600
"Early Termination Day 337",34,END_OF_TREATMENT,,
"Following Treated Bleed - Mobile Nursing",34,,,
"Day 504",34,ON_TREATMENT,BASELINE,43545600
"Implant Month 26",34,PROCEDURE,,
"CD91GB",34,,,
"C10 D1 Pre-dose",34,ON_TREATMENT,CYCLE_10,0
"BD0P3B",34,,,
"Tumor Assessment Week 93",33,ON_TREATMENT,BASELINE,56246400
"WEEK7",33,ON_TREATMENT,BASELINE,4233600
"DAY 85 SKIN BIOPSY",33,PROCEDURE,,
"Week 14 Retest",33,ON_TREATMENT,BASELINE,8467200
"Day 6 PREDOSE",33,ON_TREATMENT,BASELINE,518400
"OLRT4",33,,,
"Visit 1 207_D1_6 hour post dose",33,ON_TREATMENT,,
"D38PB",33,ON_TREATMENT,BASELINE,3283200
"Cycle 02 Day 01 and Cycle 04 Day 01 Control",33,ON_TREATMENT,CYCLE_2,0
"C3D14",33,ON_TREATMENT,CYCLE_3,1123200
"C84D1",33,ON_TREATMENT,CYCLE_84,0
"Cycle 14 Day 2",33,ON_TREATMENT,CYCLE_14,86400
"Cycle 35 Day 2",33,ON_TREATMENT,CYCLE_35,86400
"WEEK96",33,ON_TREATMENT,BASELINE,58060800
"C3D1 Atezo+Bev+TPST-1120",33,ON_TREATMENT,CYCLE_3,0
"A-END OF COMBO",33,,,
"0",33,,,
"C1D16A",33,ON_TREATMENT,CYCLE_1,1296000
"Screening SM6/ Serum PD",33,SCREENING,SCREENING,0
"Week 49 Day 257",33,ON_TREATMENT,BASELINE,29635200
"48 WEEKS (CYCLE 17)",33,,,
"On Progression",33,DISEASE_PROGRESSION,,
"Part 1 SAD Day -1",33,,,
"Week 9999",33,ON_TREATMENT,BASELINE,6047395200
"Early Termination Day 253",33,END_OF_TREATMENT,,
"DAY 15 RE-TRT",33,ON_TREATMENT,BASELINE,1296000
"Post treatment visit 5",33,FOLLOW_UP,,
"BD60IB",33,,,
"VISIT10",33,ON_TREATMENT,,
"C5D2",33,ON_TREATMENT,CYCLE_5,86400
"Safety Follow Up Visit",33,FOLLOW_UP,,
"Visit 2 216_D1_2 hour post dose",33,ON_TREATMENT,,
"C2PRE",33,,,
"Week 243 on treatment",33,ON_TREATMENT,BASELINE,146966400
"Bridging Dose Day 239",33,ON_TREATMENT,,
"UNSCH EOS",33,UNSCHEDULED,,
"Surgical Intervention",33,,,
"M1/ V4",33,,,
"C11 D1 Pre-dose",33,ON_TREATMENT,CYCLE_11,0
"BRWEEK4",33,ON_TREATMENT,BASELINE,2419200
"Post Treatment Follow Up Month 3",33,FOLLOW_UP,END_OF_TREATMENT,7776000
"Day 10 PREDOSE",33,ON_TREATMENT,BASELINE,864000
"Day 2 to Day 3",33,ON_TREATMENT,BASELINE,172800
"Cycle 16 Day 22 to 28",33,ON_TREATMENT,CYCLE_16,1814400
"Tumor Assessment Week 84",33,ON_TREATMENT,BASELINE,50803200
"Withdrawal Visit Double Blind Period",33,END_OF_TREATMENT,,
"Day15",33,ON_TREATMENT,BASELINE,1296000
"Day 9 PREDOSE",33,ON_TREATMENT,BASELINE,777600
"120 days after last dose",33,ON_TREATMENT,,
"ARCHIVAL",33,ARCHIVAL,,
"Day 7 0.5H",33,ON_TREATMENT,BASELINE,604800
"CD91PB",33,,,
"4WFU",32,,,
"CD60PB",32,,,
"Visit 2 223_D3_48 hour post dose",32,ON_TREATMENT,,
"CYCLE 2 DAY 29",32,ON_TREATMENT,CYCLE_2,2419200
"DAY148",32,ON_TREATMENT,BASELINE,12787200
"WEEK 54",32,ON_TREATMENT,BASELINE,32659200
"FU 96 WEEKS",32,FOLLOW_UP,,
"Period 2 Day 7",32,ON_TREATMENT,,
"Visit 2 217_D1_3 hour post dose",32,ON_TREATMENT,,
"Safety Study PK",32,,,
"ARM A/D/E C1D1",32,ON_TREATMENT,CYCLE_1,0
"CD39PB",32,,,
"End of C4",32,,,
"Visit 1 203_D1_1 hour post dose",32,ON_TREATMENT,,
"MTD_DAY1",32,,,
"EX CYCLE 1 DAY 1 COH",32,ON_TREATMENT,CYCLE_1,0
"Tumor Assessment Week 120",32,ON_TREATMENT,BASELINE,72576000
"Implant Post Refill Month 6 Day 1",32,PROCEDURE,,
"C4D1 PRE P1B SC",32,ON_TREATMENT,CYCLE_4,0
"Post treatment visit 6",32,FOLLOW_UP,,
"Day 560",32,ON_TREATMENT,BASELINE,48384000
"Week 248",32,ON_TREATMENT,BASELINE,149990400
"C8D6",32,ON_TREATMENT,CYCLE_8,432000
"WEEK25",32,ON_TREATMENT,BASELINE,15120000
"SM Baseline",32,BASELINE,BASELINE,0
"Cycle 1 Day 20",32,ON_TREATMENT,CYCLE_1,1641600
"Visit  242_D1_4 hour post dose",32,ON_TREATMENT,,
"C12 D1 Pre-dose",32,ON_TREATMENT,CYCLE_12,0
"WEEK49",32,ON_TREATMENT,BASELINE,29635200
"WEEK 80",32,ON_TREATMENT,BASELINE,48384000
"C78D1",32,ON_TREATMENT,CYCLE_78,0
"P1 Day1",32,,,
"Maintenance Dose-Escalation Cycle 1 Day 1",32,ON_TREATMENT,CYCLE_1,0
"Week 111",32,ON_TREATMENT,BASELINE,67132800
"C1 D1 6H",32,ON_TREATMENT,CYCLE_1,21600
"Visit 3 228_D1_2 hour post dose",32,ON_TREATMENT,,
"MTD_DAY28",32,,,
"BEC1D17",32,ON_TREATMENT,CYCLE_1,1382400
"Extramedullary Biopsy",32,PROCEDURE,,
"CYCLE33_DAY1",32,ON_TREATMENT,CYCLE_33,0
"BD0P2B",32,,,
"FOLLOW-UP_1",32,FOLLOW_UP,,
"DE_DAY3",32,,,
"Part A Day 3",32,,,
"DAY 197",32,ON_TREATMENT,BASELINE,17020800
"Bridging Dose Day 225",32,ON_TREATMENT,,
"D1 FESHIGH",32,ON_TREATMENT,BASELINE,86400
"CONTROL",32,,,
"21  RT  1 DAY 1",32,,,
"D7/ V3",32,ON_TREATMENT,BASELINE,604800
"WEEK_207_ON-TX",32,ON_TREATMENT,BASELINE,125193600
"C82D1",32,ON_TREATMENT,CYCLE_82,0
"DAY1_PRE",32,ON_TREATMENT,BASELINE,86400
"Visit 2 218_D1_4 hour post dose",32,ON_TREATMENT,,
"CD91T",32,,,
"DAY169",32,ON_TREATMENT,BASELINE,14601600
"Period 1 Day 17",32,ON_TREATMENT,,
"BD52PB",32,,,
"Tumor Assessment Week 15",31,ON_TREATMENT,BASELINE,9072000
"Study Completion-ET",31,END_OF_TREATMENT,,
"CD18PB",31,,,
"Visit 1 208_D1_8 hour post dose",31,ON_TREATMENT,,
"CYCLE13_DAY8",31,ON_TREATMENT,CYCLE_13,604800
"PD2 DAY 10",31,,,
"BD24PB",31,,,
"Prior to Start of Dopaminergic Week 88",31,ON_TREATMENT,BASELINE,53222400
"Maintenance Post-Consolidation Cycle 1 Day 1",31,ON_TREATMENT,CYCLE_1,0
"Visit 3 232_D1_8 hour post dose",31,ON_TREATMENT,,
"FU 108 WEEKS",31,FOLLOW_UP,,
"SFUW12",31,ON_TREATMENT,BASELINE,7257600
"A C",31,,,
"NP41300 KIT 21|RBR (SALIVA)|IRR / HS / AE PROTOCOL V2 PART B",31,,,
"Visit 19 Week 70 Retest",31,ON_TREATMENT,BASELINE,42336000
"Maintenance Post-Consolidation Cycle 2 Day 1",31,ON_TREATMENT,CYCLE_2,0
"M3/ V6",31,,,
"P2 Day 22",31,,,
"BD60PB",31,,,
"Part 1 SAD Day 2",31,,,
"Day -29 to Day -2",31,ON_TREATMENT,BASELINE,2505600
"Period 2 Week 2",31,ON_TREATMENT,BASELINE,1209600
"DAY1 2.5HR-POST 1",31,ON_TREATMENT,BASELINE,86400
"CYCLE11_DAY15",31,ON_TREATMENT,CYCLE_11,1209600
"Step-up Dose 2 Day 4",31,ON_TREATMENT,,
"Annual 1 Dose Day",31,ON_TREATMENT,,
"W3SRI",31,ON_TREATMENT,BASELINE,1814400
"Period 1 Day 19",31,ON_TREATMENT,,
"Week 3/Day 2 A",31,ON_TREATMENT,BASELINE,1814400
"DAY197",31,ON_TREATMENT,BASELINE,17020800
"Visit 3 229_D1_3 hour post dose",31,ON_TREATMENT,,
"Visit 1 210_D2_24 hour post dose",31,ON_TREATMENT,,
"Optional Plasma",31,,,
"DAY 1 RE-TRT 10",31,ON_TREATMENT,BASELINE,86400
"D10 MAD",31,ON_TREATMENT,BASELINE,864000
"DAY1 6HR-POST 1",31,ON_TREATMENT,BASELINE,86400
"1LTXMEV910",31,,,
"CYCLE11_DAY8",31,ON_TREATMENT,CYCLE_11,604800
"C1D8 P2",31,ON_TREATMENT,CYCLE_1,604800
"C5D1A",31,ON_TREATMENT,CYCLE_5,0
"S2C1D1",31,ON_TREATMENT,CYCLE_1,0
"Prior to Start of Dopaminergic Week 12",31,ON_TREATMENT,BASELINE,7257600
"P2B Day 23",31,,,
"C1D1 3HR P1B",31,ON_TREATMENT,CYCLE_1,10800
"Visit 13 (FU Wk13)",31,ON_TREATMENT,BASELINE,7862400
"Vex2",31,,,
"Cycle 15 Day 5",31,ON_TREATMENT,CYCLE_15,345600
"C4D25",31,ON_TREATMENT,CYCLE_4,2073600
"End of Treatment Visit",31,END_OF_TREATMENT,,
"Cycle 86 Day 1",31,ON_TREATMENT,CYCLE_86,0
"Visit 9 Week 32",31,ON_TREATMENT,BASELINE,19353600
"End of OLE",30,,,
"Day 47",30,ON_TREATMENT,BASELINE,4060800
"MONOTHERAPY4",30,,,
"1LTXMEV92",30,,,
"Period 2  Day 12",30,ON_TREATMENT,,
"V03.10",30,ON_TREATMENT,,
"COVID-19 vaccine RUO COVB1",30,,,
"126",30,,,
"Visit 2 222_D2_24 hour post dose",30,ON_TREATMENT,,
"CYCLE 3 DAY 29",30,ON_TREATMENT,CYCLE_3,2419200
"DAY18MD",30,ON_TREATMENT,BASELINE,1555200
"Week 12/Day 7 B",30,ON_TREATMENT,BASELINE,7257600
"DAY1 3HR-POST 1",30,ON_TREATMENT,BASELINE,86400
"WK8 D56 PT 2&3B",30,ON_TREATMENT,BASELINE,4838400
"OLE Week 52 Year 1",30,ON_TREATMENT,BASELINE,31449600
"36 WEEKS (CYCLE 19)",30,,,
"BD38PB",30,,,
"Week 320",30,ON_TREATMENT,BASELINE,193536000
"Dosing Term/Early Term",30,,,
"Cycle 20 Day 22 to 28",30,ON_TREATMENT,CYCLE_20,1814400
"Visit 11 Week 48",30,ON_TREATMENT,BASELINE,29030400
"D38",30,ON_TREATMENT,BASELINE,3283200
"Screening Combo Arm A",30,SCREENING,SCREENING,0
"BD1PB",30,,,
"BD120IB",30,,,
"Month 18",30,ON_TREATMENT,BASELINE,46656000
"DE_DAY31",30,,,
"CYCLE15_DAY8",30,ON_TREATMENT,CYCLE_15,604800
"Week 228",30,ON_TREATMENT,BASELINE,137894400
"PRE-TREATMENT(HISTOL",30,ON_TREATMENT,,
"COURSE3",30,,,
"D29 Skin Biopsy",30,PROCEDURE,,
"Biomarker Treatment Discontinuation",30,END_OF_TREATMENT,,
"CYCLE18_DAY8",30,ON_TREATMENT,CYCLE_18,604800
"Tumor Assessment Week 168",30,ON_TREATMENT,BASELINE,101606400
"Week 3/Day 2 B",30,ON_TREATMENT,BASELINE,1814400
"Safety Follow-up",30,FOLLOW_UP,,
"12 Week Follow Up Week 100",30,FOLLOW_UP,END_OF_TREATMENT,60480000
"609",30,,,
"WK4 D28 4H P2",30,ON_TREATMENT,BASELINE,2419200
"Visit 3 235_D3_48 hour post dose",30,ON_TREATMENT,,
"OLE Dosing Term or Early Term",30,,,
"24 Week B-Cell Monitoring",30,,,
"D90IB",30,ON_TREATMENT,BASELINE,7776000
"C2D9D",30,ON_TREATMENT,CYCLE_2,691200
"Step-up Dose 2 Day 5",30,ON_TREATMENT,,
"Day22",30,ON_TREATMENT,BASELINE,1900800
"Week 15 Retest",30,ON_TREATMENT,BASELINE,9072000
"CYCLE26_DAY1",30,ON_TREATMENT,CYCLE_26,0
"ETREC",30,,,
"PK Week 36",30,ON_TREATMENT,BASELINE,21772800
"Visit 2 215_D1_1 hour post dose",30,ON_TREATMENT,,
"WITHDRAWLBSR1",30,,,
"C1D15D",30,ON_TREATMENT,CYCLE_1,1209600
"MONOTHERAPY5",30,,,
"Period 1  Day 6",30,ON_TREATMENT,,
"SAFETY_FU_5",30,FOLLOW_UP,,
"CYCLE 2 DAY 3",30,ON_TREATMENT,CYCLE_2,172800
"BD7PB",29,,,
"DE_DAY30",29,,,
"Day 5 Part 1",29,ON_TREATMENT,BASELINE,432000
"Part 1 Cycle 6 Day 1",29,ON_TREATMENT,CYCLE_6,0
"PK Week 24 P",29,ON_TREATMENT,BASELINE,14515200
"BD3PB",29,,,
"WK35 D245 PRE P2",29,ON_TREATMENT,BASELINE,21168000
"PART I: C2D9",29,ON_TREATMENT,CYCLE_2,691200
"End of Observation",29,,,
"Bronchoscopy",29,PROCEDURE,,
"Visit 1 209_D1_12 hour post dose",29,ON_TREATMENT,,
"CYCLE16_DAY8",29,ON_TREATMENT,CYCLE_16,604800
"P2B Day 85 FollowUp",29,FOLLOW_UP,,
"P2B Day -1",29,,,
"C1D1 Atezo Control",29,ON_TREATMENT,CYCLE_1,0
"6WFU",29,,,
"D90 POST TREAT DISC/",29,ON_TREATMENT,BASELINE,7776000
"Visit 12 Week 0 Retest",29,ON_TREATMENT,BASELINE,0
"CYCLE17_DAY8",29,ON_TREATMENT,CYCLE_17,604800
"610",29,,,
"DLBCL C2D1",29,ON_TREATMENT,CYCLE_2,0
"Screening/Baseline Maternal",29,SCREENING,SCREENING,0
"Retreat FU wk 96",29,ON_TREATMENT,BASELINE,58060800
"C5 D1 Pre-dose",29,ON_TREATMENT,CYCLE_5,0
"Cycle 2 Day 8 (Arm AB)",29,ON_TREATMENT,CYCLE_2,604800
"DAY32MD",29,ON_TREATMENT,BASELINE,2764800
"Cycle 9 Day 2",29,ON_TREATMENT,CYCLE_9,86400
"Infusion Related Reaction (Unscheduled)",29,UNSCHEDULED,,
"Cycle 18 Day 8",29,ON_TREATMENT,CYCLE_18,604800
"PK Week 24 R",29,ON_TREATMENT,BASELINE,14515200
"P4",29,,,
"DE_DAY29",29,,,
"CD91IB",29,,,
"Cycle 35 Day 43",29,ON_TREATMENT,CYCLE_35,3628800
"Cycle 1 Day 9 (Arm AB)",29,ON_TREATMENT,CYCLE_1,691200
"Safety FU Week 13",29,FOLLOW_UP,,
"Retreat 2 wk 60",29,ON_TREATMENT,BASELINE,36288000
"End Of Treatment",29,END_OF_TREATMENT,,
"DAY 15 RE-TRT 7",29,ON_TREATMENT,BASELINE,1296000
"Visit  238_D1_30 minute post dose",29,ON_TREATMENT,,
"DAY11",29,ON_TREATMENT,BASELINE,950400
"CD81PB",29,,,
"C1D2ABC",29,ON_TREATMENT,CYCLE_1,86400
"Visit 1 201_D1_predose",29,ON_TREATMENT,,
"Cycle 2 Day 8 (Study Day 30)",29,ON_TREATMENT,CYCLE_2,604800
"V02.22",29,ON_TREATMENT,,
"Cycle 2 Day 15 (Study Day 37)",29,ON_TREATMENT,CYCLE_2,1209600
"Tumor Assessment Week 144",29,ON_TREATMENT,BASELINE,87091200
"Day 1 Unscheduled",29,UNSCHEDULED,,
"PD Biopsy Biomarker",29,PROCEDURE,,
"CYCLE29_DAY1",29,ON_TREATMENT,CYCLE_29,0
"Week 12/Day 2 A",29,ON_TREATMENT,BASELINE,7257600
"Cycle 18 Day 29",29,ON_TREATMENT,CYCLE_18,2419200
"Visit 2 219_D1_6 hour post dose",29,ON_TREATMENT,,
"UNSCHEDULED 1",29,UNSCHEDULED,,
"W105",29,ON_TREATMENT,BASELINE,63504000
"Visit 14 Week 12 Retest",29,ON_TREATMENT,BASELINE,7257600
"Baseline SUBSET",28,BASELINE,BASELINE,0
"OPEN_1_OPTION_1",28,,,
"Week 57 Day 393",28,ON_TREATMENT,BASELINE,34473600
"End of Induction Cycle 6 Day 24",28,ON_TREATMENT,CYCLE_6,1987200
"CAPCTDNAW90",28,ON_TREATMENT,BASELINE,54432000
"Fw-up/Year 8",28,ON_TREATMENT,BASELINE,252288000
"Implant Post Refill Month 4 Day 1",28,PROCEDURE,,
"WK14 D98 PT 1&3A",28,ON_TREATMENT,BASELINE,8467200
"Week 4 Day 30",28,ON_TREATMENT,BASELINE,2419200
"Debulking Surgery/Tumor Biopsy",28,PROCEDURE,,
"Unscheduled Day 20",28,UNSCHEDULED,,
"Day -999",28,ON_TREATMENT,BASELINE,86313600
"OLE Week 116",28,ON_TREATMENT,BASELINE,70156800
"Step-up Dose 1 Day 2",28,ON_TREATMENT,,
"D2 FESHIGH",28,ON_TREATMENT,BASELINE,172800
"V2/D1",28,ON_TREATMENT,,
"CYCLE14_DAY15",28,ON_TREATMENT,CYCLE_14,1209600
"Follow-Up Week 12",28,FOLLOW_UP,END_OF_TREATMENT,7257600
"Cycle 1 Day 4 (or 5)",28,ON_TREATMENT,CYCLE_1,259200
"Baseline/ V2",28,BASELINE,BASELINE,0
"BESC",28,,,
"Mid Treatment Response Assessment Cycle 3 Day 22",28,ON_TREATMENT,CYCLE_3,1814400
"Cycle 5 Day 3",28,ON_TREATMENT,CYCLE_5,172800
"Day 2 Part 2",28,ON_TREATMENT,BASELINE,172800
"On Treatment Day 40",28,ON_TREATMENT,,
"C2D1S1NBX",28,ON_TREATMENT,CYCLE_2,0
"BD5PB",28,,,
"Week 7/Day 1 A W/O D",28,ON_TREATMENT,BASELINE,4233600
"Cycle 1 Day 5 Arm B",28,ON_TREATMENT,CYCLE_1,345600
"Implant Month 29",28,PROCEDURE,,
"MAINT C9 DAY 1",28,ON_TREATMENT,CYCLE_9,0
"Cycle 98 Day 1",28,ON_TREATMENT,CYCLE_98,0
"DAY 224",28,ON_TREATMENT,BASELINE,19353600
"RT 6",28,,,
"Study Termination",28,,,
"WEEK102",28,ON_TREATMENT,BASELINE,61689600
"CD119PB",28,,,
"GENO",28,,,
"DAY 12",28,ON_TREATMENT,BASELINE,1036800
"C1D3B",28,ON_TREATMENT,CYCLE_1,172800
"End of Cycle 8 32 WK",28,,,
"W2D3",28,ON_TREATMENT,BASELINE,1209600
"Visit  245_D1_12 hour post dose",28,ON_TREATMENT,,
"Period 3 Day 3",28,ON_TREATMENT,,
"FUT4",28,,,
"Ambulatory Visit",28,,,
"Day 4 Part 2",28,ON_TREATMENT,BASELINE,345600
"C22 D1 Pre-dose",28,ON_TREATMENT,CYCLE_22,0
"21 WITHDRAWAL",28,END_OF_TREATMENT,,
"BD2PB",28,,,
"Visit 3 234_D2_24 hour post dose",28,ON_TREATMENT,,
"Treatment Completion / Early Termination Visit Combo Arm A",28,END_OF_TREATMENT,,
"WK52 D364 PRE P2",28,ON_TREATMENT,BASELINE,31449600
"WDOLE",28,,,
"WK 5 DAY 29 - PREDOSE",28,ON_TREATMENT,BASELINE,3024000
"PK Week 12 R",28,ON_TREATMENT,BASELINE,7257600
"Day 5 to Day 6",28,ON_TREATMENT,BASELINE,432000
"Visit 1 202_D1_30 minute post dose",28,ON_TREATMENT,,
"V23",28,ON_TREATMENT,,
"STUDY COMPL/EARLY TERM",28,,,
"Pool",28,,,
"608",28,,,
"Cycle 35 Day 8",28,ON_TREATMENT,CYCLE_35,604800
"2 MONTH POST-REFILL",28,ON_TREATMENT,BASELINE,5184000
"Visit  244_D1_8 hour post dose",28,ON_TREATMENT,,
"Target Dose 1 Day 8",28,ON_TREATMENT,,
"Ad-Hoc 1",27,,,
"OPTW160",27,ON_TREATMENT,BASELINE,96768000
"Mobile Nursing Week 6 Visit Infant",27,ON_TREATMENT,BASELINE,3628800
"C2D2A",27,ON_TREATMENT,CYCLE_2,86400
"UNSCH C1XD11",27,UNSCHEDULED,,
"Visit 3 225_D1_predose",27,ON_TREATMENT,,
"EOCT",27,,,
"Visit  241_D1_3 hour post dose",27,ON_TREATMENT,,
"Follow Up Visit",27,FOLLOW_UP,,
"Week 224SUPP",27,ON_TREATMENT,BASELINE,135475200
"V05.10",27,ON_TREATMENT,,
"Part 2 Cycle 8 Day 1",27,ON_TREATMENT,CYCLE_8,0
"Follow Up Virological Breakthrough / Relapse",27,FOLLOW_UP,,
"Part 2 Cycle 5 Day 1",27,ON_TREATMENT,CYCLE_5,0
"WEEK 63",27,ON_TREATMENT,BASELINE,38102400
"BX BLOOD COLL",27,,,
"CGENO",27,,,
"V01.21",27,ON_TREATMENT,,
"Run In Day 5-7",27,BASELINE,BASELINE,0
"Cycle 0 Day 3 (Arm DE)",27,ON_TREATMENT,CYCLE_0,172800
"Implant Month 30",27,PROCEDURE,,
"ARM B/F/G C9D1",27,ON_TREATMENT,CYCLE_9,0
"SFUBCELL24WKS",27,,,
"UDNAC8",27,,,
"C1D24TC2D1",27,ON_TREATMENT,CYCLE_1,1987200
"SAD Day 1 2h",27,,,
"Part II C2: Day 2: 2",27,,,
"Week 2/Day 2 A",27,ON_TREATMENT,BASELINE,1209600
"Week 2/Day 1 B",27,ON_TREATMENT,BASELINE,1209600
"Implant Post Refill Month 5 Day 1",27,PROCEDURE,,
"Week 7 Day 44",27,ON_TREATMENT,BASELINE,4233600
"Cycle 2 Days 29-56",27,,,
"On Treatment Day 65",27,ON_TREATMENT,,
"WEEK37",27,ON_TREATMENT,BASELINE,22377600
"Visit 2 221_D1_12 hour post dose",27,ON_TREATMENT,,
"DAY14 2HR-POST 2",27,ON_TREATMENT,BASELINE,1209600
"UNSCH2",27,UNSCHEDULED,,
"V02.10",27,ON_TREATMENT,,
"Cycle 1 Day 15 (Study Day 15)",27,ON_TREATMENT,CYCLE_1,1209600
"Part 2 Day 15 AMD3",27,,,
"V03.22",27,ON_TREATMENT,,
"Unscheduled PK",27,UNSCHEDULED,,
"Follow-Up Visit 2 Month 6",27,FOLLOW_UP,END_OF_TREATMENT,15552000
"Visit  248_D4_72 hour post dose",27,ON_TREATMENT,,
"OL Day 1 RT7D1",27,,,
"Retreat FU wk  72",27,ON_TREATMENT,BASELINE,43545600
"Prior to Start of Dopaminergic Week 1",27,ON_TREATMENT,BASELINE,604800
"WEEK52_ET",27,ON_TREATMENT,BASELINE,31449600
"UDNAC9",27,,,
"C1D9D",27,ON_TREATMENT,CYCLE_1,691200
"WK104 D728 PRE P2",27,ON_TREATMENT,BASELINE,62899200
"VISIT 6",27,ON_TREATMENT,,
"V03.21",27,ON_TREATMENT,,
"DAY14 1.5HR-POST 2",27,ON_TREATMENT,BASELINE,1209600
"URINE DISCOLORATION",27,,,
"Option_1",27,,,
"FU 84 WEEKS",27,FOLLOW_UP,,
"C1D2 P1/P2 TRIPLE",27,ON_TREATMENT,CYCLE_1,86400
"On study",27,,,
"199",27,,,
"WEEK_216_ON-TX",27,ON_TREATMENT,BASELINE,130636800
"D14 MAD",27,ON_TREATMENT,BASELINE,1209600
"Supplemental Week 20",27,ON_TREATMENT,BASELINE,12096000
"W196",27,ON_TREATMENT,BASELINE,118540800
"P2A Day -1",27,,,
"607",27,,,
"P2A Discontinuation",27,END_OF_TREATMENT,,
"Visit 3 231_D1_6 hour post dose",27,ON_TREATMENT,,
"Visit 3 233_D1_12 hour post dose",27,ON_TREATMENT,,
"Unscheduled WB",27,UNSCHEDULED,,
"C6 D1 Pre-dose",27,ON_TREATMENT,CYCLE_6,0
"Screening SM3/ Plasma PD",27,SCREENING,SCREENING,0
"Day 2 Part 1",26,ON_TREATMENT,BASELINE,172800
"C17 D1 Pre-dose",26,ON_TREATMENT,CYCLE_17,0
"C6D28",26,ON_TREATMENT,CYCLE_6,2332800
"Study Completion / Early Discontinuation",26,END_OF_TREATMENT,,
"Cycle 35 Day 29",26,ON_TREATMENT,CYCLE_35,2419200
"Radiographical Disease progression",26,DISEASE_PROGRESSION,,
"FUYEAR1BSR1",26,ON_TREATMENT,BASELINE,31536000
"RCC D15-18",26,,,
"Part II C1: Day 8: 1",26,,,
"21  RT  4 DAY 1",26,,,
"WEEK90",26,ON_TREATMENT,BASELINE,54432000
"W24 FINAL AQ HUMOR P2",26,ON_TREATMENT,BASELINE,14515200
"Week 2/Day 1 A W/O D",26,ON_TREATMENT,BASELINE,1209600
"Visit 2 220_D1_8 hour post dose",26,ON_TREATMENT,,
"RESCEU_Vex1_induced",26,,,
"OLE Week 148 Year 3",26,ON_TREATMENT,BASELINE,89510400
"Visit 3 230_D1_4 hour post dose",26,ON_TREATMENT,,
"DAY14 3HR-POST 2",26,ON_TREATMENT,BASELINE,1209600
"Week 7/Day 2 A",26,ON_TREATMENT,BASELINE,4233600
"Visit 13 Week 64",26,ON_TREATMENT,BASELINE,38707200
"Day 1 24 HR PRE BACK UP",26,ON_TREATMENT,BASELINE,86400
"Period 2 Day 43",26,ON_TREATMENT,,
"Cycle 1 Day 18 (or 19)",26,ON_TREATMENT,CYCLE_1,1468800
"End of C3",26,,,
"TAD7",26,,,
"C1D15TO17",26,ON_TREATMENT,CYCLE_1,1209600
"Post-treatment",26,FOLLOW_UP,,
"C3D28",26,ON_TREATMENT,CYCLE_3,2332800
"DAY1 2HR-POST 1",26,ON_TREATMENT,BASELINE,86400
"PD3 DAY 4",26,,,
"Induction Cycle 1 Day 5",26,ON_TREATMENT,CYCLE_1,345600
"FU 72 WEEKS",26,FOLLOW_UP,,
"Month 7 and 8",26,ON_TREATMENT,BASELINE,18144000
"Screen BM Asp/Biopsy",26,SCREENING,SCREENING,0
"C18 D1 Pre-dose",26,ON_TREATMENT,CYCLE_18,0
"W16SUPP",26,ON_TREATMENT,BASELINE,9676800
"UNSCH / RETEST VISIT",26,UNSCHEDULED,,
"Part II C1: Day 15:",26,,,
"Week 252 on treatment",26,ON_TREATMENT,BASELINE,152409600
"WK 52B*",26,ON_TREATMENT,BASELINE,31449600
"Safety FU Week 15",26,FOLLOW_UP,,
"C2D21",26,ON_TREATMENT,CYCLE_2,1728000
"Encounter 2",26,,,
"CYCLE19_DAY8",26,ON_TREATMENT,CYCLE_19,604800
"WEEK80",26,ON_TREATMENT,BASELINE,48384000
"Implant Post Refill Month 4 Day 7",26,PROCEDURE,,
"240 AND 242",26,,,
"72 WEEKS (CYCLE 37)",26,,,
"Tumor Assessment Week 96",26,ON_TREATMENT,BASELINE,58060800
"Part II C1: Day 2: 2",26,,,
"Visit 15 Week 80",26,ON_TREATMENT,BASELINE,48384000
"Premature Discontinuation",26,END_OF_TREATMENT,,
"ARM A/C/D/E C9D1",26,ON_TREATMENT,CYCLE_9,0
"Unscheduled Wks 24 to 52",26,UNSCHEDULED,,
"Day 4 PREDOSE",26,ON_TREATMENT,BASELINE,345600
"Cycle 1 Day 8 (Study Day 8)",26,ON_TREATMENT,CYCLE_1,604800
"DAY1 1.5HR-POST 1",26,ON_TREATMENT,BASELINE,86400
"SCR ARCH/FRESH TUMOR ARMS CD&E",26,SCREENING,SCREENING,0
"SAD Day 1 6h",26,,,
"D60 POST TREAT DISC/",26,ON_TREATMENT,BASELINE,5184000
"C5D1B",26,ON_TREATMENT,CYCLE_5,0
"Long Term Follow Up Month 12",26,FOLLOW_UP,END_OF_TREATMENT,31104000
"DP RNA",26,,,
"Cycle 2 Days 43-56",26,,,
"Screening IMG",26,SCREENING,SCREENING,0
"Day 63 Safety Follow Up",25,FOLLOW_UP,,
"Cycle 3 Day 1 (Crossover)",25,ON_TREATMENT,CYCLE_3,0
"Day 164",25,ON_TREATMENT,BASELINE,14169600
"Retreat FU wk 120",25,ON_TREATMENT,BASELINE,72576000
"Part 1 Cycle 5 Day 1",25,ON_TREATMENT,CYCLE_5,0
"Cycle 9",25,ON_TREATMENT,CYCLE_9,0
"Part II C2: Day 15:",25,,,
"SWITCHVISIT",25,,,
"WK 5 DAY 34(+/-1) - PRIOR TO DCE-MRI",25,ON_TREATMENT,BASELINE,3024000
"V04.22",25,ON_TREATMENT,,
"Consolidation Cycle 1 Day 28",25,ON_TREATMENT,CYCLE_1,2332800
"At Time of Biopsy",25,PROCEDURE,,
"48 WEEKS (CYCLE 25)",25,,,
"DAY85 SIG",25,ON_TREATMENT,BASELINE,7344000
"DAY 60",25,ON_TREATMENT,BASELINE,5184000
"Cycle 17 Day 5",25,ON_TREATMENT,CYCLE_17,345600
"Day78",25,ON_TREATMENT,BASELINE,6739200
"OLE Week 100 Year 2",25,ON_TREATMENT,BASELINE,60480000
"OLE Week 132 Year 3",25,ON_TREATMENT,BASELINE,79833600
"Tissue Screening",25,SCREENING,SCREENING,0
"C1D8F",25,ON_TREATMENT,CYCLE_1,604800
"Follow Up Visit 2 Month 39",25,FOLLOW_UP,END_OF_TREATMENT,101088000
"Cycle 16 Day 1 Retest",25,ON_TREATMENT,CYCLE_16,0
"DLBCL & FL -Regimen",25,,,
"Archival PD2",25,ARCHIVAL,,
"C3 D28",25,ON_TREATMENT,CYCLE_3,2332800
"On Treatment Day 21",25,ON_TREATMENT,,
"D3 SAD",25,ON_TREATMENT,BASELINE,259200
"Part II C5 Day 1",25,ON_TREATMENT,CYCLE_5,0
"21  RT  4 DAY 15",25,,,
"WK 24 RE-TRT 8",25,ON_TREATMENT,BASELINE,14515200
"Week 56 Follow Up",25,FOLLOW_UP,END_OF_TREATMENT,33868800
"Additional Open Label Cycle 5 Week 12 Post Day 1 Infusion",25,ON_TREATMENT,BASELINE,7257600
"Week 1 Day 3 (Stage II)",25,ON_TREATMENT,BASELINE,604800
"WK 4 DAY 22",25,ON_TREATMENT,BASELINE,2419200
"C2RD22",25,,,
"W5SRI",25,ON_TREATMENT,BASELINE,3024000
"C6D1A",25,ON_TREATMENT,CYCLE_6,0
"BD4PB",25,,,
"C86D1",25,ON_TREATMENT,CYCLE_86,0
"C7D2",25,ON_TREATMENT,CYCLE_7,86400
"C23 D1 Pre-dose",25,ON_TREATMENT,CYCLE_23,0
"Maintenance Post-Consolidation Cycle 6 Day 1",25,ON_TREATMENT,CYCLE_6,0
"Visit  240_D1_2 hour post dose",25,ON_TREATMENT,,
"Day 4 Part 1",25,ON_TREATMENT,BASELINE,345600
"Day 3 Part 1",25,ON_TREATMENT,BASELINE,259200
"Tumor Assessment Week 3",25,ON_TREATMENT,BASELINE,1814400
"DNA Collection",25,,,
"Implant Month 28",25,PROCEDURE,,
"Cycle 84 Day 1",25,ON_TREATMENT,CYCLE_84,0
"C3 D1 Pre-dose",25,ON_TREATMENT,CYCLE_3,0
"Aspirate clot section",25,,,
"UNSCH / RETEST VISIT 51",25,UNSCHEDULED,,
"FL Regimen A C1D1",25,ON_TREATMENT,CYCLE_1,0
"V02.3",25,ON_TREATMENT,,
"Cycle 01 Day 01 Control",25,ON_TREATMENT,CYCLE_1,0
"Part 1 MAD Day 2",25,,,
"Follow Up 2 Year",24,FOLLOW_UP,,
"UDNAC12",24,,,
"Biopsy Post Screen Unscheduled",24,UNSCHEDULED,,
"C1D5 72HR P2",24,ON_TREATMENT,CYCLE_1,604800
"V02.32",24,ON_TREATMENT,,
"FUP1",24,,,
"Week 7/Day 2 B",24,ON_TREATMENT,BASELINE,4233600
"OPTSUPP",24,,,
"FDPD1",24,,,
"C94D1",24,ON_TREATMENT,CYCLE_94,0
"6 Months Follow Up",24,FOLLOW_UP,,
"Part II Screening",24,SCREENING,SCREENING,0
"Prior to Start of Dopaminergic Week 100",24,ON_TREATMENT,BASELINE,60480000
"Discharge Day 29",24,,,
"Week 112SUPP",24,ON_TREATMENT,BASELINE,67737600
"WEEK 90",24,ON_TREATMENT,BASELINE,54432000
"SCRNB",24,,,
"B-LOAD C1D1",24,ON_TREATMENT,CYCLE_1,0
"RT5",24,,,
"PART I: C4 D1 -0.17H",24,ON_TREATMENT,CYCLE_4,61200
"Cycle 82 Day 1",24,ON_TREATMENT,CYCLE_82,0
"Tumor Assessment Week 60",24,ON_TREATMENT,BASELINE,36288000
"WEEK_104",24,ON_TREATMENT,BASELINE,62899200
"Follow Up Week 99",24,FOLLOW_UP,END_OF_TREATMENT,59875200
"Cycle 24 Day 5",24,ON_TREATMENT,CYCLE_24,345600
"Early Termination Unscheduled",24,UNSCHEDULED,,
"SAD Day 1 .5h",24,,,
"Day 84 Safety Follow Up",24,FOLLOW_UP,,
"Period 1 Day 20",24,ON_TREATMENT,,
"Period 1 Day 11",24,ON_TREATMENT,,
"CYCLE12_DAY15",24,ON_TREATMENT,CYCLE_12,1209600
"C1D15-D22",24,ON_TREATMENT,CYCLE_1,1209600
"PK Week 48",24,ON_TREATMENT,BASELINE,29030400
"Period 1 Day 30",24,ON_TREATMENT,,
"Follow Up Week 90",24,FOLLOW_UP,END_OF_TREATMENT,54432000
"Month 11",24,ON_TREATMENT,BASELINE,28512000
"Month 10",24,ON_TREATMENT,BASELINE,25920000
"4LTXC1",24,,,
"C3 D1",24,ON_TREATMENT,CYCLE_3,0
"WEEK108",24,ON_TREATMENT,BASELINE,65318400
"Unplanned 9001",24,,,
"WK 48 RE-TRT 6",24,ON_TREATMENT,BASELINE,29030400
"C2D1 PRE P2",24,ON_TREATMENT,CYCLE_2,0
"Part 2 Cycle 6 Day 1",24,ON_TREATMENT,CYCLE_6,0
"Follow Up 2 Months Post End of Treatment",24,END_OF_TREATMENT,,
"C7D15",24,ON_TREATMENT,CYCLE_7,1209600
"CAPCTDNAW96",24,ON_TREATMENT,BASELINE,58060800
"TCZ Treatment",24,ON_TREATMENT,,
"C1D9C",24,ON_TREATMENT,CYCLE_1,691200
"Visit 17 Week 96",24,ON_TREATMENT,BASELINE,58060800
"Retreatment Week 72",24,ON_TREATMENT,BASELINE,43545600
"Cycle 9 Day 20",24,ON_TREATMENT,CYCLE_9,1641600
"Period 1 Day 24",24,ON_TREATMENT,,
"DAY -1",24,ON_TREATMENT,BASELINE,86400
"Arm 1 Tx Discon",24,,,
"Part 2 Cycle 7 Day 1",24,ON_TREATMENT,CYCLE_7,0
"BDAY1",24,,,
"Cycle 65 Day 1",24,ON_TREATMENT,CYCLE_65,0
"DAY14 30MIN-POST 2",24,ON_TREATMENT,BASELINE,1209600
"Day 29 Skin Biopsy",24,PROCEDURE,,
"DAY14 2.5HR-POST 2",24,ON_TREATMENT,BASELINE,1209600
"Visit 9 Week 72 Retest",24,ON_TREATMENT,BASELINE,43545600
"Visit 3 236_D4_72 hour post dose",24,ON_TREATMENT,,
"Week 9 Day 58",24,ON_TREATMENT,BASELINE,5443200
"Week 552",24,ON_TREATMENT,BASELINE,333849600
"Tumor Assessment Week 132",24,ON_TREATMENT,BASELINE,79833600
"Period 2 Day 57",24,ON_TREATMENT,,
"Cycle 73 Day 1",24,ON_TREATMENT,CYCLE_73,0
"Screening Tissue TL1A",24,SCREENING,SCREENING,0
"CYCLE 84 DAY 1",24,ON_TREATMENT,CYCLE_84,0
"Part 1 Cycle 9 Day 1",24,ON_TREATMENT,CYCLE_9,0
"End of C5",24,,,
"Visit 1 212_D4_72 hour post dose",24,ON_TREATMENT,,
"Visit 1 205_D1_3 hour post dose",24,ON_TREATMENT,,
"FU wk 108",24,FOLLOW_UP,,
"Discharge",24,,,
"BD6PB",24,,,
"C1 D1 PRE",24,ON_TREATMENT,CYCLE_1,0
"Month 32",23,ON_TREATMENT,BASELINE,82944000
"Obinutuzumab Pre-Treatment Day -12",23,ON_TREATMENT,,
"SFUW84",23,ON_TREATMENT,BASELINE,50803200
"Week 5/Day 1 A W/O D",23,ON_TREATMENT,BASELINE,3024000
"Visit 1B 109B_D1_12 hour post dose",23,ON_TREATMENT,,
"STUDY COMP/EW P2",23,,,
"Post TCZ treatment",23,ON_TREATMENT,,
"Cycle 2 Day 1 Sch I",23,ON_TREATMENT,CYCLE_2,0
"Maintenance Post-Consolidation Cycle 8 Day 1",23,ON_TREATMENT,CYCLE_8,0
"C2D1OLEVF",23,ON_TREATMENT,CYCLE_2,0
"FOLLOW-UP MONTH 7",23,FOLLOW_UP,END_OF_TREATMENT,18144000
"Day 72",23,ON_TREATMENT,BASELINE,6220800
"Week 5/Day 2 A",23,ON_TREATMENT,BASELINE,3024000
"Cycle 18 Day 43",23,ON_TREATMENT,CYCLE_18,3628800
"Day 5 Part 2",23,ON_TREATMENT,BASELINE,432000
"21  RT  1 DAY 15",23,,,
"21 RT 3 DAY 1",23,,,
"Retreat 4 wk 4",23,ON_TREATMENT,BASELINE,2419200
"RSR",23,,,
"C1D4Post",23,ON_TREATMENT,CYCLE_1,259200
"WEEK88",23,ON_TREATMENT,BASELINE,53222400
"CR/PR",23,,,
"Implant Post Refill Month 15 Day 7",23,PROCEDURE,,
"Alt Schedule C2D15",23,ON_TREATMENT,CYCLE_2,1209600
"CTCAPUNS",23,,,
"D17",23,ON_TREATMENT,BASELINE,1468800
"ALIQUOT",23,,,
"C2D4D5",23,ON_TREATMENT,CYCLE_2,259200
"Mid Treatment Response Assessment Cycle 3 Day 12",23,ON_TREATMENT,CYCLE_3,950400
"Visit  246_D2_24 hour post dose",23,ON_TREATMENT,,
"Visit 11 Week 168",23,ON_TREATMENT,BASELINE,101606400
"WK 6 DAY 36",23,ON_TREATMENT,BASELINE,3628800
"OPTW36",23,ON_TREATMENT,BASELINE,21772800
"Visit 1B 103B_D1_1 hour post dose",23,ON_TREATMENT,,
"MAD Day 7 15m",23,,,
"End of Cycle 17",23,,,
"On Treatment Day 90",23,ON_TREATMENT,,
"BD14PB",23,,,
"12WK FOLLOW UP #2",23,FOLLOW_UP,,
"Retest Cycle 5 Day 1",23,UNSCHEDULED,,
"CYCLE14_DAY8",23,ON_TREATMENT,CYCLE_14,604800
"W61SRI",23,ON_TREATMENT,BASELINE,36892800
"SM12: C1D15-D21",23,ON_TREATMENT,CYCLE_1,1209600
"Tumor Assessment Week 39",23,ON_TREATMENT,BASELINE,23587200
"WEEK5",23,ON_TREATMENT,BASELINE,3024000
"Visit  239_D1_1 hour post dose",23,ON_TREATMENT,,
"On-Study Biopsy",23,PROCEDURE,,
"Day 165",23,ON_TREATMENT,BASELINE,14256000
"DAY14 6HR-POST 2",23,ON_TREATMENT,BASELINE,1209600
"DAY141MD",23,ON_TREATMENT,BASELINE,12182400
"Relapse/PD/Suspected PD",23,,,
"Visit 2 Retest",23,ON_TREATMENT,,
"Visit  237_D1_predose",23,ON_TREATMENT,,
"Consolidation Cycle 3 Day 1",23,ON_TREATMENT,CYCLE_3,0
"Arm C Screening",23,SCREENING,SCREENING,0
"Cycle 18 Day 15",23,ON_TREATMENT,CYCLE_18,1209600
"Unscheduled Visit1",23,UNSCHEDULED,,
"B: Progression of Di",23,DISEASE_PROGRESSION,,
"PK Week 12 P",23,ON_TREATMENT,BASELINE,7257600
"C0_DAY1",23,ON_TREATMENT,CYCLE_0,0
"P2 Day -1",23,,,
"Post treatment visit 7",23,FOLLOW_UP,,
"W37SRI",23,ON_TREATMENT,BASELINE,22377600
"WEEK 66",23,ON_TREATMENT,BASELINE,39916800
"OCT Tissue",23,,,
"Follow-up Day 100 Post Last Dose",23,FOLLOW_UP,,
"Home Nursing Visit",23,,,
"Week 3/Day 1 A W/O D",23,ON_TREATMENT,BASELINE,1814400
"Week 5/Day 2 B",23,ON_TREATMENT,BASELINE,3024000
"Day 3 Part 2",23,ON_TREATMENT,BASELINE,259200
"PD3 DAY 2",23,,,
"1LTXMEV911",23,,,
"C90D1",23,ON_TREATMENT,CYCLE_90,0
"Cycle 21 Day 5",22,ON_TREATMENT,CYCLE_21,345600
"Week 344",22,ON_TREATMENT,BASELINE,208051200
"C24D1 PREDOSE",22,ON_TREATMENT,CYCLE_24,0
"Implant Post Refill Month 7 Day 7",22,PROCEDURE,,
"Week 24 Follow Up",22,FOLLOW_UP,END_OF_TREATMENT,14515200
"PRE OBINUTUZUMAB",22,,,
"CYCLE13_DAY15",22,ON_TREATMENT,CYCLE_13,1209600
"FUM15",22,,,
"On Treatment Day 20",22,ON_TREATMENT,,
"Safety FU Week 12",22,FOLLOW_UP,,
"Week 1 Retest",22,ON_TREATMENT,BASELINE,604800
"C25 D1 Pre-dose",22,ON_TREATMENT,CYCLE_25,0
"Negative Extraction Control",22,,,
"W20SUPP",22,ON_TREATMENT,BASELINE,12096000
"On Treatment Day 64",22,ON_TREATMENT,,
"BD14IB",22,,,
"Week 14 Follow Up",22,FOLLOW_UP,END_OF_TREATMENT,8467200
"CYCLE2_DAY3",22,ON_TREATMENT,CYCLE_2,172800
"Implant Post Refill Month 11 Day 7",22,PROCEDURE,,
"Retreatment 1 Day 1",22,ON_TREATMENT,,
"DAY8 168HR-POST 2",22,ON_TREATMENT,BASELINE,691200
"Cyce 1 Day 16",22,,,
"Day 1 .25h",22,ON_TREATMENT,BASELINE,86400
"WK 72 RE-TRT 4",22,ON_TREATMENT,BASELINE,43545600
"12 Week Treatment FU",22,ON_TREATMENT,,
"Tumor Assessment Week 13",22,ON_TREATMENT,BASELINE,7862400
"Between Cycle 6 Day 21 and Cycle 7 Day 1",22,ON_TREATMENT,CYCLE_6,1728000
"V03.2",22,ON_TREATMENT,,
"Week 24 Day 169 Unscheduled",22,UNSCHEDULED,,
"P1 D1",22,,,
"OLE Week 68 Year 1",22,ON_TREATMENT,BASELINE,41126400
"Safety Follow Up 60",22,FOLLOW_UP,,
"Visit 2B 115B_D1_1 hour post dose",22,ON_TREATMENT,,
"Part II C2: Day 8: 1",22,,,
"OLE Week 149 Year 3",22,ON_TREATMENT,BASELINE,90115200
"C2D15-28",22,ON_TREATMENT,CYCLE_2,1209600
"OLE Early Termination",22,END_OF_TREATMENT,,
"Maintenance Post-Consolidation Cycle 5 Day 1",22,ON_TREATMENT,CYCLE_5,0
"Part 1B Day 1",22,,,
"CYCLE31_DAY1",22,ON_TREATMENT,CYCLE_31,0
"Tocilizumab Day 2",22,,,
"SCREEN BM DNA/RNA P1/P2",22,SCREENING,SCREENING,0
"Cycle 3 Day 7",22,ON_TREATMENT,CYCLE_3,518400
"OLE Week 164 Year 3",22,ON_TREATMENT,BASELINE,99187200
"DISCTX",22,,,
"SAD Day 1",22,,,
"Month 13",22,ON_TREATMENT,BASELINE,33696000
"C2D8to14",22,ON_TREATMENT,CYCLE_2,604800
"DAY72COL",22,ON_TREATMENT,BASELINE,6220800
"Part 1 MAD Day 14",22,,,
"Follow-Up Week 2",22,FOLLOW_UP,END_OF_TREATMENT,1209600
"Follow Up Month 21",22,FOLLOW_UP,END_OF_TREATMENT,54432000
"A/B-12WK FOLLOW UP #14",22,FOLLOW_UP,,
"Week 184SUPP",22,ON_TREATMENT,BASELINE,111283200
"Safety C6D1",22,ON_TREATMENT,CYCLE_6,0
"Arm B Screening",22,SCREENING,SCREENING,0
"A-C4D1",22,ON_TREATMENT,CYCLE_4,0
"WEEK 104 / WD",22,ON_TREATMENT,BASELINE,62899200
"C2D3",22,ON_TREATMENT,CYCLE_2,172800
"Follow Up Week 144",22,FOLLOW_UP,END_OF_TREATMENT,87091200
"C14 D1 Pre-dose",22,ON_TREATMENT,CYCLE_14,0
"Week 28 Follow Up",22,FOLLOW_UP,END_OF_TREATMENT,16934400
"Visit  243_D1_6 hour post dose",22,ON_TREATMENT,,
"Week 30 Follow Up",22,FOLLOW_UP,END_OF_TREATMENT,18144000
"WK 8 RE-TRT 7",22,ON_TREATMENT,BASELINE,4838400
"C3D4D5",22,ON_TREATMENT,CYCLE_3,259200
"WK16 D112 PT 2&3B",22,ON_TREATMENT,BASELINE,9676800
"Cycle 16 Day 5",22,ON_TREATMENT,CYCLE_16,345600
"Day4 Day8 Arm A",22,ON_TREATMENT,BASELINE,345600
"Week 4 Day 29 Unscheduled",22,UNSCHEDULED,,
"ARM A/C/D/E C7D1",22,ON_TREATMENT,CYCLE_7,0
"P2QW Scr/BL",22,,,
"C1 Bone Marrow Aspirate/ Biopsy",22,PROCEDURE,,
"WK 3 DAY 15 - PREDOSE",22,ON_TREATMENT,BASELINE,1814400
"SCREENSD",22,,,
"Week 200SUPP",22,ON_TREATMENT,BASELINE,120960000
"Normal",22,,,
"Follow-up 1 WK208",22,FOLLOW_UP,END_OF_TREATMENT,125798400
"Cycle 0 Day 0",21,ON_TREATMENT,CYCLE_0,-86400
"MAD Day 15",21,,,
"SAD Day 1 15m",21,,,
"Day 7 - 144hr Post-Dose",21,ON_TREATMENT,BASELINE,604800
"CYCLE39_DAY1",21,ON_TREATMENT,CYCLE_39,0
"T2_DAY168",21,,,
"Day 163",21,ON_TREATMENT,BASELINE,14083200
"Fresh pre-dose",21,ON_TREATMENT,,
"Week 12/Day 1 A W/O",21,ON_TREATMENT,BASELINE,7257600
"Safety Follow Up Week 20",21,FOLLOW_UP,END_OF_TREATMENT,12096000
"FU 132 WEEKS",21,FOLLOW_UP,,
"P2A Day 50 Follow Up",21,FOLLOW_UP,,
"UNSCH3",21,UNSCHEDULED,,
"Safety Follow-Up Visit 6",21,FOLLOW_UP,,
"TDD714",21,,,
"Day 1 24 HR POST BACK UP",21,ON_TREATMENT,BASELINE,86400
"SM04 Scrn Fresh Tumor FFPE Blk",21,,,
"FOLLOW-UP MONTH 8",21,FOLLOW_UP,END_OF_TREATMENT,20736000
"End of C6",21,,,
"Cycle 2 Day 14",21,ON_TREATMENT,CYCLE_2,1123200
"End of Treatment or Early Termination",21,END_OF_TREATMENT,,
"Screening SM7/ Serum PD Pre FROZEN ALQ1",21,SCREENING,SCREENING,0
"Visit 23 Week 144",21,ON_TREATMENT,BASELINE,87091200
"Follow Up Day 183",21,FOLLOW_UP,,
"STUDY TERMINATION",21,,,
"Complete Response +6 months",21,,,
"Gestational Week 35 Maternal",21,ON_TREATMENT,BASELINE,21168000
"CYCLE10_DAY8",21,ON_TREATMENT,CYCLE_10,604800
"TXC1",21,,,
"Week 23",21,ON_TREATMENT,BASELINE,13910400
"Post-Tx Follow-Up Period (Q1M1)",21,FOLLOW_UP,,
"Week 5 Day 30",21,ON_TREATMENT,BASELINE,3024000
"Part II C1: Day 5: 9",21,,,
"Prior to Start of Dopaminergic Week 68",21,ON_TREATMENT,BASELINE,41126400
"Part 1 Cycle 7 Day 1",21,ON_TREATMENT,CYCLE_7,0
"VISIT11",21,ON_TREATMENT,,
"Optional RCR Blood",21,,,
"Cycle 24 Day 22 to 28",21,ON_TREATMENT,CYCLE_24,1814400
"Fresh Post D98",21,,,
"Tumor Assessment Week 5",21,ON_TREATMENT,BASELINE,3024000
"CYCLE28_DAY1",21,ON_TREATMENT,CYCLE_28,0
"On-study",21,,,
"C1D29A",21,ON_TREATMENT,CYCLE_1,2419200
"Week 7 Retest",21,ON_TREATMENT,BASELINE,4233600
"Month 69 Follow Up",21,FOLLOW_UP,END_OF_TREATMENT,178848000
"CYCLE23_DAY8",21,ON_TREATMENT,CYCLE_23,604800
"Day 1 0.5H",21,ON_TREATMENT,BASELINE,86400
"Post-Surgical Progression",21,DISEASE_PROGRESSION,,
"Part II C2: Day 1: P",21,,,
"Implant Post Refill Month 12 Day 1",21,PROCEDURE,,
"2WFU",21,,,
"WK 26*",21,ON_TREATMENT,BASELINE,15724800
"Cycle 4 Day 1 Unscheduled",21,UNSCHEDULED,,
"W52SUPP",21,ON_TREATMENT,BASELINE,31449600
"Implant Post Refill Month 11 Day 1",21,PROCEDURE,,
"Week 332",21,ON_TREATMENT,BASELINE,200793600
"D -28 TO -1",21,,,
"V24",21,ON_TREATMENT,,
"Day 56 / Week 8",21,ON_TREATMENT,BASELINE,4838400
"DAY85 REC",21,ON_TREATMENT,BASELINE,7344000
"C69D1",21,ON_TREATMENT,CYCLE_69,0
"Final Vist - Withdrawal from treatment",21,END_OF_TREATMENT,,
"CYCLE12_DAY8",21,ON_TREATMENT,CYCLE_12,604800
"VISITZ",21,,,
"VISYSUPP",20,,,
"+Abema+Atezo C1D1",20,ON_TREATMENT,CYCLE_1,0
"TCABC",20,,,
"Post Bypassing Treatment",20,ON_TREATMENT,,
"Post-chemotherapy",20,,,
"Food E Day 4 72h",20,,,
"WK 8 RE-TRT 9",20,ON_TREATMENT,BASELINE,4838400
"WEEK_243_ON-TX",20,ON_TREATMENT,BASELINE,146966400
"Month 14",20,ON_TREATMENT,BASELINE,36288000
"RETEST 1",20,UNSCHEDULED,,
"Day - 1 Check in",20,ON_TREATMENT,BASELINE,86400
"Tumor Assessment Week 180",20,ON_TREATMENT,BASELINE,108864000
"Tocilizumab Day 8",20,,,
"D1H3",20,ON_TREATMENT,BASELINE,86400
"OL Day 15 RT5D15",20,,,
"ARM B/F/G C15D1",20,ON_TREATMENT,CYCLE_15,0
"OLE Week 116 Year 2",20,ON_TREATMENT,BASELINE,70156800
"C6D5",20,ON_TREATMENT,CYCLE_6,345600
"Cycle10 Day1 Arm A",20,ON_TREATMENT,CYCLE_10,0
"Week 24 Retest",20,ON_TREATMENT,BASELINE,14515200
"Implant Post Refill Month 9 Day 7",20,PROCEDURE,,
"Mobile Nursing Delivery Visit Maternal",20,,,
"MIBC Cycle 6 Day 1",20,ON_TREATMENT,CYCLE_6,0
"B-cell Monitoring Visit 1",20,,,
"1LTXMEV93",20,,,
"Day -2 to -1",20,ON_TREATMENT,BASELINE,172800
"Week 10 Follow Up",20,FOLLOW_UP,END_OF_TREATMENT,6048000
"Day 4 342h",20,ON_TREATMENT,BASELINE,345600
"Food E Day 1 6h",20,,,
"Week 9 Retest",20,ON_TREATMENT,BASELINE,5443200
"D30 POST TREAT DISC/",20,ON_TREATMENT,BASELINE,2592000
"Day 6 (D)",20,ON_TREATMENT,BASELINE,518400
"V02.20",20,ON_TREATMENT,,
"Food E Day 1 .5h",20,,,
"Consolidation Month 3 Day 1",20,ON_TREATMENT,BASELINE,7776000
"Last Visit",20,,,
"Weeks 8-12",20,,,
"Part 2 Early Termination AMD3",20,END_OF_TREATMENT,,
"Cycle 20 Day 5",20,ON_TREATMENT,CYCLE_20,345600
"Cycle 1 Day 15 Retreatment",20,ON_TREATMENT,CYCLE_1,1209600
"TDD30",20,,,
"Tumor Assessment Week 6",20,ON_TREATMENT,BASELINE,3628800
"Cycle 17 Day 2",20,ON_TREATMENT,CYCLE_17,86400
"WK 8 RE-TRT 8",20,ON_TREATMENT,BASELINE,4838400
"D204",20,ON_TREATMENT,BASELINE,17625600
"FU wk 120",20,FOLLOW_UP,,
"60 WEEKS (CYCLE 21)",20,,,
"P2B Day 29 Follow Up",20,FOLLOW_UP,,
"Cycle 8 Day 2",20,ON_TREATMENT,CYCLE_8,86400
"12WK FOLLOW UP # 4",20,FOLLOW_UP,,
"Retreat 3 wk 36",20,ON_TREATMENT,BASELINE,21772800
"W2SRI",20,ON_TREATMENT,BASELINE,1209600
"Week 48 Safety Follow Up",20,FOLLOW_UP,END_OF_TREATMENT,29030400
"Follow Up Week 156",20,FOLLOW_UP,END_OF_TREATMENT,94348800
"CYCLE21_DAY8",20,ON_TREATMENT,CYCLE_21,604800
"Day8",20,ON_TREATMENT,BASELINE,691200
"Alt Schedule Cycle 1",20,,,
"Retreat FU wk 108",20,ON_TREATMENT,BASELINE,65318400
"Safety Follow Up Visit 4",20,FOLLOW_UP,,
"C77D1",20,ON_TREATMENT,CYCLE_77,0
"C8D1 30 MIN POSTDOSE",20,ON_TREATMENT,CYCLE_8,0
"Month 17",20,ON_TREATMENT,BASELINE,44064000
"Period 4.",20,ON_TREATMENT,,
"OLE Week 84 Year 2",20,ON_TREATMENT,BASELINE,50803200
"MIBC Cycle 1 Day 15",20,ON_TREATMENT,CYCLE_1,1209600
"On Treatment Day 274",20,ON_TREATMENT,,
"DAY 29 SKIN BIOPSY",20,PROCEDURE,,
"B-cell Monitoring",20,,,
"Safety FU Week 16",20,FOLLOW_UP,,
"Study Extension",20,,,
"FU wk 144",20,FOLLOW_UP,,
"BD17PB",20,,,
"C1D9A",20,ON_TREATMENT,CYCLE_1,691200
"C6A",20,,,
"Early Termination Week 80",20,END_OF_TREATMENT,,
"WK 8 RE-TRT",20,ON_TREATMENT,BASELINE,4838400
"Period 2 Day 71",20,ON_TREATMENT,,
"1LTXMEV912",20,,,
"Visit 19 Week 112",20,ON_TREATMENT,BASELINE,67737600
"SAFETY_FU2",20,FOLLOW_UP,,
"Visit 2 Baseline",20,BASELINE,BASELINE,0
"BRDAY1",20,,,
"C1D15 P1/P2 TRIPLE",20,ON_TREATMENT,CYCLE_1,1209600
"UNSCH SCREENING",19,SCREENING,SCREENING,0
"Visit 5 Day 30",19,ON_TREATMENT,,
"CYCLE20_DAY15",19,ON_TREATMENT,CYCLE_20,1209600
"ARM B/F/G C12D1",19,ON_TREATMENT,CYCLE_12,0
"C1D1S1NBX",19,ON_TREATMENT,CYCLE_1,0
"End of Cycle 14",19,,,
"Day 8 24 HR POST BACK UP",19,ON_TREATMENT,BASELINE,691200
"Food E Day 1 12h",19,,,
"Day 1 1.5H",19,ON_TREATMENT,BASELINE,86400
"RT 5 DAY 15",19,ON_TREATMENT,CYCLE_5,1209600
"Day 157",19,ON_TREATMENT,BASELINE,13564800
"Day 1 - 2hr Post-Dose",19,ON_TREATMENT,BASELINE,86400
"UNSCH C4D1",19,UNSCHEDULED,,
"Day 1 .5h",19,ON_TREATMENT,BASELINE,86400
"Intra-patient Dose Escalation",19,ON_TREATMENT,,
"C1D15AC",19,ON_TREATMENT,CYCLE_1,1209600
"Week 109 - Mobile Nursing",19,ON_TREATMENT,BASELINE,65923200
"Ipatasertib Run In",19,,,
"C2D29",19,ON_TREATMENT,CYCLE_2,2419200
"T2_WEEK1",19,ON_TREATMENT,BASELINE,604800
"DAY 1 RE-TRT 11",19,ON_TREATMENT,BASELINE,86400
"Cycle 02 Day 01 Baseline",19,BASELINE,BASELINE,0
"UDNAC10",19,,,
"CYCLE8_DAY15",19,ON_TREATMENT,CYCLE_8,1209600
"UNSCHCOL",19,UNSCHEDULED,,
"TAD0",19,,,
"C5 D28",19,ON_TREATMENT,CYCLE_5,2332800
"Tumor Assessment Week 138",19,ON_TREATMENT,BASELINE,83462400
"C8D1OLEVF",19,ON_TREATMENT,CYCLE_8,0
"MONTH18IGE",19,ON_TREATMENT,BASELINE,46656000
"W32SUPP",19,ON_TREATMENT,BASELINE,19353600
"Implant Post Refill Month 13 Day 7",19,PROCEDURE,,
"C1D15 P1B SC PVER6",19,ON_TREATMENT,CYCLE_1,1209600
"Month 6 Day 1",19,ON_TREATMENT,BASELINE,15552000
"Every 12 Weeks W156",19,ON_TREATMENT,BASELINE,94348800
"Optional Tissue",19,,,
"Unscheduled 10",19,UNSCHEDULED,,
"Follow-up Day 29 Post Last Dose",19,FOLLOW_UP,,
"Cycle 94 Day 1",19,ON_TREATMENT,CYCLE_94,0
"Cycle 18 Day 22 to 28",19,ON_TREATMENT,CYCLE_18,1814400
"C29 D1 Pre-dose",19,ON_TREATMENT,CYCLE_29,0
"ENDC12",19,,,
"WEEK_225_ON-TX",19,ON_TREATMENT,BASELINE,136080000
"D2 FESFAST",19,ON_TREATMENT,BASELINE,172800
"Visit 2B 113B_D1_predose",19,ON_TREATMENT,,
"Part 1 Day 2",19,,,
"C5D1 30 MIN POSTDOSE",19,ON_TREATMENT,CYCLE_5,0
"Screening SM7/ Serum PD Pre FROZEN ALQ2",19,SCREENING,SCREENING,0
"BD10PB",19,,,
"Fresh (Progression D238)",19,DISEASE_PROGRESSION,,
"Week 261 on treatment",19,ON_TREATMENT,BASELINE,157852800
"TAD14",19,,,
"Implant Post Refill Month 13 Day 1",19,PROCEDURE,,
"Part II C3: Day 1: P",19,,,
"D176",19,ON_TREATMENT,BASELINE,15206400
"CYCLE35_DAY1",19,ON_TREATMENT,CYCLE_35,0
"C3D5",19,ON_TREATMENT,CYCLE_3,345600
"C1 D21",19,ON_TREATMENT,CYCLE_1,1728000
"D31",19,ON_TREATMENT,BASELINE,2678400
"Visit 2B 122B_D2_24 hour post dose",19,ON_TREATMENT,,
"Safety Follow Up Week 18",19,FOLLOW_UP,END_OF_TREATMENT,10886400
"V21",19,ON_TREATMENT,,
"COVID-19 vaccine RUO COVB2",19,,,
"Visit 7 Week 48 Retest",19,ON_TREATMENT,BASELINE,29030400
"V04.21",19,ON_TREATMENT,,
"Day 2 - 24hr Post-Dose",19,ON_TREATMENT,BASELINE,172800
"S2ABC",19,,,
"C27 D1 Pre-dose",19,ON_TREATMENT,CYCLE_27,0
"Visit 1B 106B_D1_4 hour post dose",19,ON_TREATMENT,,
"72 WEEKS (CYCLE 25)",19,,,
"Day 84 / Week 12",19,ON_TREATMENT,BASELINE,7257600
"Cycle 1 Day 2 to 3",19,ON_TREATMENT,CYCLE_1,86400
"Safety Follow-Up SFUW84",19,FOLLOW_UP,END_OF_TREATMENT,50803200
"FU 120 WEEKS",19,FOLLOW_UP,,
"Screening Baseline Biopsy",19,SCREENING,SCREENING,0
"WK 3 DAY 20(+/-1) - PRIOR TO DCE-MRI",19,ON_TREATMENT,BASELINE,1814400
"CYCLE30_DAY1",19,ON_TREATMENT,CYCLE_30,0
"UNSCHSIG",18,UNSCHEDULED,,
"DAY 16",18,ON_TREATMENT,BASELINE,1382400
"RT4",18,,,
"Post-Tx Follow-Up Period (Q1M5)",18,FOLLOW_UP,,
"WEEK_252_ON-TX",18,ON_TREATMENT,BASELINE,152409600
"Cycle 22 Day 22 to 28",18,ON_TREATMENT,CYCLE_22,1814400
"On Treatment Day 172",18,ON_TREATMENT,,
"Week 5 Retest",18,ON_TREATMENT,BASELINE,3024000
"CYCLE22_DAY8",18,ON_TREATMENT,CYCLE_22,604800
"Day50",18,ON_TREATMENT,BASELINE,4320000
"CYCLE9_DAY15",18,ON_TREATMENT,CYCLE_9,1209600
"OLE Week 36 Year 1",18,ON_TREATMENT,BASELINE,21772800
"Day 1 - 1.5hr Post-Dose",18,ON_TREATMENT,BASELINE,86400
"C1D9S1",18,ON_TREATMENT,CYCLE_1,691200
"Cycle 3 Day 8 (Arm AB)",18,ON_TREATMENT,CYCLE_3,604800
"Day 1 - 1 hr Post-Dose",18,ON_TREATMENT,BASELINE,86400
"Cycle 14 22 30 Day 1",18,,,
"Day2",18,ON_TREATMENT,BASELINE,172800
"Cycle 17 Day 1 Retest",18,ON_TREATMENT,CYCLE_17,0
"PK FU Week 2",18,ON_TREATMENT,BASELINE,1209600
"21 RT 3 DAY 15",18,,,
"Period 3.",18,ON_TREATMENT,,
"Cycle 23 Day 5",18,ON_TREATMENT,CYCLE_23,345600
"M5/ V8",18,,,
"Retest Cycle 9 Week 12",18,UNSCHEDULED,,
"Part 3 Week 58 Follow-up",18,FOLLOW_UP,END_OF_TREATMENT,35078400
"RETEST - C1D1",18,UNSCHEDULED,,
"OLE Follow Up 2",18,FOLLOW_UP,,
"D1D28",18,ON_TREATMENT,BASELINE,86400
"Screening Biopsy Mono Archival",18,SCREENING,SCREENING,0
"C1D12",18,ON_TREATMENT,CYCLE_1,950400
"12 WK FOLLOW UP #9",18,FOLLOW_UP,,
"Single Step Cycle 1 Day 15",18,ON_TREATMENT,CYCLE_1,1209600
"Visit 1B 105B_D1_3 hour post dose",18,ON_TREATMENT,,
"Day -1 Predose",18,ON_TREATMENT,BASELINE,86400
"+ATEZO C1D1",18,ON_TREATMENT,CYCLE_1,0
"Week 13 Retest",18,ON_TREATMENT,BASELINE,7862400
"Follow-up Month 24",18,FOLLOW_UP,END_OF_TREATMENT,62208000
"C8D25",18,ON_TREATMENT,CYCLE_8,2073600
"MAD Day 7 .5h",18,,,
"Cycle 18 Day 5",18,ON_TREATMENT,CYCLE_18,345600
"Part 2 Cycle 14 Day 1",18,ON_TREATMENT,CYCLE_14,0
"WK34V12",18,ON_TREATMENT,BASELINE,20563200
"Radiological Progression",18,DISEASE_PROGRESSION,,
"V01.2",18,ON_TREATMENT,,
"D1ADDTC07",18,ON_TREATMENT,BASELINE,86400
"Post Treatment Day 1",18,FOLLOW_UP,,
"Cohort E-H Archival, Fresh/SM10",18,ARCHIVAL,,
"Implant Post Refill Month 10 Day 1",18,PROCEDURE,,
"Cycle 11 Day 2",18,ON_TREATMENT,CYCLE_11,86400
"WK 2 DAY 8",18,ON_TREATMENT,BASELINE,1209600
"OLE Unscheduled 2",18,UNSCHEDULED,,
"Archival, Screening",18,SCREENING,SCREENING,0
"SCR ARCH/FRESH TUMOR ARMS CDE",18,SCREENING,SCREENING,0
"FUPD1",18,,,
"Follow-Up Week 24",18,FOLLOW_UP,END_OF_TREATMENT,14515200
"Month 72 Follow Up",18,FOLLOW_UP,END_OF_TREATMENT,186624000
"C6 D1 PRE P1B SC",18,ON_TREATMENT,CYCLE_6,0
"Week 32SUPP",18,ON_TREATMENT,BASELINE,19353600
"QW C1 D1",18,ON_TREATMENT,CYCLE_1,0
"ctDNA Chemo Day 1",18,,,
"DAY58",18,ON_TREATMENT,BASELINE,5011200
"Day 35 Safety Follow Up",18,FOLLOW_UP,,
"C1D8AC",18,ON_TREATMENT,CYCLE_1,604800
"Day 4 - 72hr Post-Dose",18,ON_TREATMENT,BASELINE,345600
"At Progression",18,DISEASE_PROGRESSION,,
"On Treatment Day 25",18,ON_TREATMENT,,
"EXTENDED_FU4",18,,,
"Week 89",18,ON_TREATMENT,BASELINE,53827200
"Week 136",18,ON_TREATMENT,BASELINE,82252800
"CYCLE10_DAY15",18,ON_TREATMENT,CYCLE_10,1209600
"EXTENDED_FU5",18,,,
"Retest Cycle 8 Day 1",18,UNSCHEDULED,,
"C1D-3",18,,,
"V1a",18,ON_TREATMENT,,
"12 Week Follow Up Week 96",18,FOLLOW_UP,END_OF_TREATMENT,58060800
"Monotherapy Phase End of Cycle16",18,,,
"WK1 D1 PRE P2",18,ON_TREATMENT,BASELINE,604800
"COVID-19 vaccine COV0",18,,,
"C8D1DE",18,ON_TREATMENT,CYCLE_8,0
"MAD Day 2",18,,,
"Need to investigate",18,,,
"PD3 DAY 3",18,,,
"BEC1D2",18,ON_TREATMENT,CYCLE_1,86400
"C1D-4",18,,,
"FINAL VISIT",18,,,
"C1D15B EOI",18,ON_TREATMENT,CYCLE_1,1209600
"Treatment Period Cycle 3 Week 1",18,ON_TREATMENT,BASELINE,604800
"CYCLE1DAY5",18,ON_TREATMENT,CYCLE_1,345600
"Visit 2B 124B_D4_72 hour post dose",17,ON_TREATMENT,,
"Cycle 02 Day 01 Control",17,ON_TREATMENT,CYCLE_2,0
"Consolidation within 1 week prior to Month 5",17,ON_TREATMENT,BASELINE,12960000
"C1D8Post",17,ON_TREATMENT,CYCLE_1,604800
"On Treatment Day 22",17,ON_TREATMENT,,
"D232",17,ON_TREATMENT,BASELINE,20044800
"Screening Day 1",17,SCREENING,SCREENING,0
"Cycles 2-6 Day",17,,,
"End of C1",17,,,
"Follow Up Month 15",17,FOLLOW_UP,END_OF_TREATMENT,38880000
"Cycle 6 Day 15",17,ON_TREATMENT,CYCLE_6,1209600
"Unspecified",17,,,
"PART I C1D22",17,ON_TREATMENT,CYCLE_1,1814400
"PreScreening",17,SCREENING,SCREENING,0
"Following Treated Bleed 1",17,,,
"Food E Day 1 15m",17,,,
"DAY1 30MIN-POST 1",17,ON_TREATMENT,BASELINE,86400
"Day 1 - 12hr Post-Dose",17,ON_TREATMENT,BASELINE,86400
"SAFETY_FU1",17,FOLLOW_UP,,
"Visit 1B 104B_D1_2 hour post dose",17,ON_TREATMENT,,
"Visit 2B 119B_D1_6 hour post dose",17,ON_TREATMENT,,
"Pretreatment Day 2",17,ON_TREATMENT,,
"Day 2 24h",17,ON_TREATMENT,BASELINE,172800
"SCREENING TISSUE",17,SCREENING,SCREENING,0
"Follow Up Visit 9 Year 4",17,FOLLOW_UP,END_OF_TREATMENT,126144000
"Day 5 360h",17,ON_TREATMENT,BASELINE,432000
"C56AD1",17,,,
"OL Day 1 RT8D1",17,,,
"CYCLE24_DAY15",17,ON_TREATMENT,CYCLE_24,1209600
"Day 1 Additional Open Label Treatment Cycle 4",17,ON_TREATMENT,BASELINE,86400
"CYCLE18_DAY15",17,ON_TREATMENT,CYCLE_18,1209600
"Cycle 20 Day 2",17,ON_TREATMENT,CYCLE_20,86400
"+Atezo C2D1",17,ON_TREATMENT,CYCLE_2,0
"END OF COMBO",17,,,
"Follow-Up Visit 2 Month 12",17,FOLLOW_UP,END_OF_TREATMENT,31104000
"ITV Early Termination",17,END_OF_TREATMENT,,
"C26D28",17,ON_TREATMENT,CYCLE_26,2332800
"PGX Day 1",17,,,
"Cycle 13 Day 85",17,ON_TREATMENT,CYCLE_13,7257600
"48 Month",17,ON_TREATMENT,BASELINE,124416000
"12WK FOLLOW UP #1",17,FOLLOW_UP,,
"Prior to Debulking Surgery/Tumor Biopsy",17,PROCEDURE,,
"Cycle 6 Day 6",17,ON_TREATMENT,CYCLE_6,432000
"Period 1 Day 57",17,ON_TREATMENT,,
"SDDVA",17,,,
"FUM12",17,,,
"SAFETY_FU3",17,FOLLOW_UP,,
"C1D8B EOI",17,ON_TREATMENT,CYCLE_1,604800
"Cycle 04 Day 01 Baseline",17,BASELINE,BASELINE,0
"C1D1/C1D15",17,ON_TREATMENT,CYCLE_1,0
"C6D3",17,ON_TREATMENT,CYCLE_6,172800
"C1D-5",17,,,
"Birth Visit Infant",17,,,
"DAY 1*",17,ON_TREATMENT,BASELINE,86400
"Surveillance Follow Up",17,FOLLOW_UP,,
"CYCLE19_DAY15",17,ON_TREATMENT,CYCLE_19,1209600
"Day 1 Cohort SC SM2 PK 1 hr post EOI",17,ON_TREATMENT,BASELINE,86400
"C2D1Post",17,ON_TREATMENT,CYCLE_2,0
"Visit 4 Week 12 Retest",17,ON_TREATMENT,BASELINE,7257600
"Retest Cycle 4 Day 1",17,UNSCHEDULED,,
"UNSCHED. LABS 2",17,UNSCHEDULED,,
"Retreat 4 wk 12",17,ON_TREATMENT,BASELINE,7257600
"DAY3_STAGE2",17,ON_TREATMENT,BASELINE,259200
"Termination visit",17,,,
"Period 2 Day 29",17,ON_TREATMENT,,
"BWEEK4",17,ON_TREATMENT,BASELINE,2419200
"+Abema+Atezo C2D1",17,ON_TREATMENT,CYCLE_2,0
"Week 6 Day 1 Prior to dose",17,ON_TREATMENT,BASELINE,3628800
"Follow Up 4 Year",17,FOLLOW_UP,,
"Part 1 MAD Day -1",17,,,
"Part 1 Cycle 12 Day 1",17,ON_TREATMENT,CYCLE_12,0
"Cycle 19 Day 5",17,ON_TREATMENT,CYCLE_19,345600
"Cycle 12 Week 12",17,ON_TREATMENT,BASELINE,7257600
"Retest SCR",17,UNSCHEDULED,,
"C17D1 PREDOSE",17,ON_TREATMENT,CYCLE_17,0
"Part 1 MAD Day 6",17,,,
"C1D8 P1/P2 TRIPLE",17,ON_TREATMENT,CYCLE_1,604800
"Cyce 1 Day 9",17,,,
"Cycle 1 Day 15 Dose Escalation",17,ON_TREATMENT,CYCLE_1,1209600
"Cycle3_Day2",17,ON_TREATMENT,CYCLE_3,86400
"UNSCHEDULED D316",17,UNSCHEDULED,,
"V04.2",17,ON_TREATMENT,,
"Cycle 16 Day 2",17,ON_TREATMENT,CYCLE_16,86400
"V03.20",17,ON_TREATMENT,,
"Optional Tumor Biopsy FFPE",17,PROCEDURE,,
"Day 1 - 16hr Post-Dose",17,ON_TREATMENT,BASELINE,86400
"C2D21TC3D1",17,ON_TREATMENT,CYCLE_2,1728000
"Day 3 - 48hr Post-Dose",17,ON_TREATMENT,BASELINE,259200
"Double Blind Week 24",17,ON_TREATMENT,BASELINE,14515200
"Week 37 Day 257",17,ON_TREATMENT,BASELINE,22377600
"WK 1 DAY 6(+/-1)",17,ON_TREATMENT,BASELINE,604800
"NOS",17,,,
"BRWEEK8",17,ON_TREATMENT,BASELINE,4838400
"Retest Week 36",17,UNSCHEDULED,,
"TXCW1",17,ON_TREATMENT,BASELINE,604800
"Implant Post Refill Month 9 Day 1",17,PROCEDURE,,
"Cycle 27 Day 5",17,ON_TREATMENT,CYCLE_27,345600
"Follow Up Week 120",17,FOLLOW_UP,END_OF_TREATMENT,72576000
"Cytokine Release Syndrome",17,,,
"Additional Open Label Cycle 4 Week 12 Post Day 1 Infusion",17,ON_TREATMENT,BASELINE,7257600
"FU wk 156",17,FOLLOW_UP,,
"VISIT12",17,ON_TREATMENT,,
"C4 DAY 8 168",17,ON_TREATMENT,CYCLE_4,604800
"Retest Week 24",17,UNSCHEDULED,,
"Dosing or Early Termination",17,END_OF_TREATMENT,,
"Follow-Up Week 72",17,FOLLOW_UP,END_OF_TREATMENT,43545600
"Visit 1B 107B_D1_6 hour post dose",17,ON_TREATMENT,,
"MONOTHERAPY7",17,,,
"Intensive Sampling",17,,,
"RETREATMENT_CYCLE1",17,ON_TREATMENT,,
"Follow Up Week 132",17,FOLLOW_UP,END_OF_TREATMENT,79833600
"Tumor Assessment Week 147",17,ON_TREATMENT,BASELINE,88905600
"Baseline Visit 2 Retest",17,BASELINE,BASELINE,0
"Period 1 Day 29",16,ON_TREATMENT,,
"Cycle 1 Day -13",16,ON_TREATMENT,CYCLE_1,1036800
"Week 12 Day 78 UR PK",16,ON_TREATMENT,BASELINE,7257600
"Neojuvant Completion",16,,,
"VISIT1/M26",16,ON_TREATMENT,,
"Week 133 - Mobile Nursing",16,ON_TREATMENT,BASELINE,80438400
"D29 Pre-dose",16,ON_TREATMENT,BASELINE,2505600
"WK1 D5 PT 4C&D",16,ON_TREATMENT,BASELINE,604800
"C4D15 -0.17H",16,ON_TREATMENT,CYCLE_4,1270800
"OLD1",16,,,
"Cycle 1 Day 8 Arm B",16,ON_TREATMENT,CYCLE_1,604800
"Day 8 24 HR PRE BACK UP",16,ON_TREATMENT,BASELINE,691200
"WEEK12BSR1",16,ON_TREATMENT,BASELINE,7257600
"CYCLE8 DAY1",16,ON_TREATMENT,CYCLE_8,0
"Visit 1B 102B_D1_30 minute post dose",16,ON_TREATMENT,,
"Day 12 528h",16,ON_TREATMENT,BASELINE,1036800
"D120 POST TREAT DISC",16,ON_TREATMENT,BASELINE,10368000
"Safety Follow-Up SFUW96",16,FOLLOW_UP,END_OF_TREATMENT,58060800
"Implant Post Refill Month 10 Day 7",16,PROCEDURE,,
"Day 14 4H",16,ON_TREATMENT,BASELINE,1209600
"Visit 1B 111B_D3_48 hour post dose",16,ON_TREATMENT,,
"DAY1 15MIN-POST 1",16,ON_TREATMENT,BASELINE,86400
"Implant Post Refill Month 8 Day 1",16,PROCEDURE,,
"10h",16,,,
"ARM A/C/D/E C11D1",16,ON_TREATMENT,CYCLE_11,0
"Day 245",16,ON_TREATMENT,BASELINE,21168000
"Follow-Up Week 48",16,FOLLOW_UP,END_OF_TREATMENT,29030400
"Day 1 Additional Treatment Cycle 6",16,ON_TREATMENT,BASELINE,86400
"3-month Safety Follow Up",16,FOLLOW_UP,,
"ARM B/D/E C1D1",16,ON_TREATMENT,CYCLE_1,0
"Archival. C1D10-14.",16,ARCHIVAL,,
"4-6POST",16,,,
"Day 11 1h  B-Mid",16,ON_TREATMENT,BASELINE,950400
"Maintenance Post-Consolidation Cycle 7 Day 1",16,ON_TREATMENT,CYCLE_7,0
"C1D1ABACK",16,ON_TREATMENT,CYCLE_1,0
"W124",16,ON_TREATMENT,BASELINE,74995200
"V04.20",16,ON_TREATMENT,,
"Implant Post Refill Month 12 Day 7",16,PROCEDURE,,
"EXPLANT",16,,,
"Day 11 0h  B-Mid",16,ON_TREATMENT,BASELINE,950400
"Day 4 338h",16,ON_TREATMENT,BASELINE,345600
"Post Study Visit",16,FOLLOW_UP,,
"Follow-up Visit 12 weeks after Cycle 8 Day 15",16,FOLLOW_UP,,
"FU wk 132",16,FOLLOW_UP,,
"C1D29-42",16,ON_TREATMENT,CYCLE_1,2419200
"Day 11 6h  B-Mid",16,ON_TREATMENT,BASELINE,950400
"Post-Tx Follow-Up Period (Q1M4)",16,FOLLOW_UP,,
"SAFETY_FU_6",16,FOLLOW_UP,,
"Day 4 72h",16,ON_TREATMENT,BASELINE,345600
"Visit 25 Week 160",16,ON_TREATMENT,BASELINE,96768000
"Cycle 4 Day 9",16,ON_TREATMENT,CYCLE_4,691200
"Additional Open Label Cycle 7 Week 12 Post Day 1 Infusion",16,ON_TREATMENT,BASELINE,7257600
"ARM B/F/G C24D1",16,ON_TREATMENT,CYCLE_24,0
"Week 16 Part 3",16,ON_TREATMENT,BASELINE,9676800
"WEEK_234_ON-TX",16,ON_TREATMENT,BASELINE,141523200
"Post-Tx Follow-Up Period (Q1M3)",16,FOLLOW_UP,,
"Cycle 12 Day 85",16,ON_TREATMENT,CYCLE_12,7257600
"WEEK48BSR1",16,ON_TREATMENT,BASELINE,29030400
"Follow Up Week 108",16,FOLLOW_UP,END_OF_TREATMENT,65318400
"C6D21",16,ON_TREATMENT,CYCLE_6,1728000
"Food E Day 1 2h",16,,,
"End of Maintenance",16,,,
"On-Study Biopsy Biomarker",16,PROCEDURE,,
"Visit 8 Week 60 Retest",16,ON_TREATMENT,BASELINE,36288000
"WEEK 168",16,ON_TREATMENT,BASELINE,101606400
"OLE Week 156 FUDO",16,ON_TREATMENT,BASELINE,94348800
"C3D21",16,ON_TREATMENT,CYCLE_3,1728000
"Cycle 42 Day 22 to 28",16,ON_TREATMENT,CYCLE_42,1814400
"P2B D50 F/U",16,,,
"DAY30 REC",16,ON_TREATMENT,BASELINE,2592000
"Fresh Biopsy Prior to cycle 4",16,PROCEDURE,,
"Implant Post Refill Month 14 Day 7",16,PROCEDURE,,
"Retest SCRN",16,UNSCHEDULED,,
"C31 D1 Pre-dose",16,ON_TREATMENT,CYCLE_31,0
"C2 2nd Dosing Day",16,,,
"CYCLE27_DAY15",16,ON_TREATMENT,CYCLE_27,1209600
"Week 38",16,ON_TREATMENT,BASELINE,22982400
"Cycle 7 Day 3",16,ON_TREATMENT,CYCLE_7,172800
"On Treatment Day 27",16,ON_TREATMENT,,
"Cycle 2 Day 8 Arm B",16,ON_TREATMENT,CYCLE_2,604800
"Visit 2B 118B_D1_4 hour post dose",16,ON_TREATMENT,,
"12h",16,,,
"Visit 1B 101B_D1_predose",16,ON_TREATMENT,,
"Implant Post Refill Month 16 Day 7",16,PROCEDURE,,
"Cycle 31 Day 5",16,ON_TREATMENT,CYCLE_31,345600
"WEEK64",16,ON_TREATMENT,BASELINE,38707200
"Tumor Assessment Week 111",16,ON_TREATMENT,BASELINE,67132800
"Implant Post Refill Month 5 Day 7",16,PROCEDURE,,
"Radiographic Progression",16,DISEASE_PROGRESSION,,
"REC5D1",16,ON_TREATMENT,CYCLE_5,0
"Follow Up 3 Year",16,FOLLOW_UP,,
"Period 1 Day 32",16,ON_TREATMENT,,
"C2 D1",16,ON_TREATMENT,CYCLE_2,0
"WK 1 DAY 1 - PREDOSE",16,ON_TREATMENT,BASELINE,604800
"ET/EDFUW12",16,ON_TREATMENT,BASELINE,7257600
"C8D1D",16,ON_TREATMENT,CYCLE_8,0
"PART 4 EARLY TERM",16,,,
"Implant Month 32",16,PROCEDURE,,
"Day 4 340h",16,ON_TREATMENT,BASELINE,345600
"DAY31_STAGE2",16,ON_TREATMENT,BASELINE,2678400
"Week 26 Day 1",16,ON_TREATMENT,BASELINE,15724800
"WEEK_306_ON_TX",16,ON_TREATMENT,BASELINE,185068800
"C1D1D2B",16,ON_TREATMENT,CYCLE_1,0
"Retest Week 96",16,UNSCHEDULED,,
"SECONDLINE3",16,,,
"P2B D106 F/U",15,,,
"Part II POD",15,,,
"VISIT 43 UNSCH / RETEST",15,ON_TREATMENT,,
"On-study Pretreatment",15,ON_TREATMENT,,
"DAY 15 RE-TRT 10",15,ON_TREATMENT,BASELINE,1296000
"Fw-up/Year 9",15,ON_TREATMENT,BASELINE,283824000
"Cycle 7 Day 4",15,ON_TREATMENT,CYCLE_7,259200
"C1_DAY8",15,ON_TREATMENT,CYCLE_1,604800
"Week 52 Visit 28 Discontinuation Unscheduled or Retest",15,UNSCHEDULED,,
"COMPWK24",15,ON_TREATMENT,BASELINE,14515200
"Tumor Assess W84",15,ON_TREATMENT,BASELINE,50803200
"WEEK 48 BLOOD BM",15,ON_TREATMENT,BASELINE,29030400
"Cycle 87 Day 1",15,ON_TREATMENT,CYCLE_87,0
"C1D1Post",15,ON_TREATMENT,CYCLE_1,0
"Implant Post Refill Month 17 Day 7",15,PROCEDURE,,
"Optional Sample",15,,,
"OPTION_1",15,,,
"Day 7 Part 1",15,ON_TREATMENT,BASELINE,604800
"Screening BIOPSY Mono",15,SCREENING,SCREENING,0
"C25D28",15,ON_TREATMENT,CYCLE_25,2332800
"BEC1D3",15,ON_TREATMENT,CYCLE_1,172800
"112",15,,,
"S1C1D12",15,ON_TREATMENT,CYCLE_1,950400
"FOLLOW-UP MONTH 12",15,FOLLOW_UP,END_OF_TREATMENT,31104000
"Tocilizumab Day 3",15,,,
"Day 1 - 3hr Post-Dose",15,ON_TREATMENT,BASELINE,86400
"RECURRENCE",15,DISEASE_PROGRESSION,,
"Fresh Tissue Biopsy",15,PROCEDURE,,
"OLE Week 84",15,ON_TREATMENT,BASELINE,50803200
"Group 1 Day 5",15,,,
"W36SUPP",15,ON_TREATMENT,BASELINE,21772800
"S2BCC1D15",15,ON_TREATMENT,CYCLE_1,1209600
"Cycle 1, Day 8",15,ON_TREATMENT,CYCLE_1,604800
"Additional Open Label Cycle 6 Week 12 Post Day 1 Infusion",15,ON_TREATMENT,BASELINE,7257600
"Unscheduled Opt Tumor",15,UNSCHEDULED,,
"Q3W C1 D1",15,ON_TREATMENT,CYCLE_1,0
"Pre-Tx",15,,,
"Cycle1_Day2",15,ON_TREATMENT,CYCLE_1,86400
"12 Week Follow Up Week 88",15,FOLLOW_UP,END_OF_TREATMENT,53222400
"U04 / Day 5 12h",15,,,
"Cycle 16 Day 17",15,ON_TREATMENT,CYCLE_16,1382400
"Visit 31 Week 208",15,ON_TREATMENT,BASELINE,125798400
"C5D1D",15,ON_TREATMENT,CYCLE_5,0
"C14D1A",15,ON_TREATMENT,CYCLE_14,0
"W48SUPP",15,ON_TREATMENT,BASELINE,29030400
"Follow-up Day 546",15,FOLLOW_UP,,
"Day 4 348h",15,ON_TREATMENT,BASELINE,345600
"Treatment Completion or Early Termination",15,END_OF_TREATMENT,,
"B cell monitoring visit 4",15,,,
"UBET",15,,,
"RETEST - C4D1",15,UNSCHEDULED,,
"Bronchoscopy Histology Day 22",15,PROCEDURE,,
"Day 11 4h  B-Mid",15,ON_TREATMENT,BASELINE,950400
"Part 2 Day 35",15,,,
"Day 2 0h  C-Mid",15,ON_TREATMENT,BASELINE,172800
"SRL BX PRE TX BX BLOOD",15,,,
"CTCCAPW48",15,ON_TREATMENT,BASELINE,29030400
"Day 1 1H",15,ON_TREATMENT,BASELINE,86400
"D15 2Hr Postdose",15,ON_TREATMENT,BASELINE,1296000
"Cycle 32 Day 22 to 28",15,ON_TREATMENT,CYCLE_32,1814400
"Day 4 344h",15,ON_TREATMENT,BASELINE,345600
"Week 138",15,ON_TREATMENT,BASELINE,83462400
"D29 8Hr Postdose",15,ON_TREATMENT,BASELINE,2505600
"UNSCHEDULED/RETEST",15,UNSCHEDULED,,
"8h",15,,,
"6MCRBX",15,,,
"Re-Treatment Discontinuation",15,END_OF_TREATMENT,,
"C10 D1 PRE P1B SC",15,ON_TREATMENT,CYCLE_10,0
"DAY 23",15,ON_TREATMENT,BASELINE,1987200
"Visit 2B 123B_D3_48 hour post dose",15,ON_TREATMENT,,
"Cycle 12 Day 169",15,ON_TREATMENT,CYCLE_12,14515200
"CYCLE17_DAY15",15,ON_TREATMENT,CYCLE_17,1209600
"Week 3 Day 16",15,ON_TREATMENT,BASELINE,1814400
"Tocilizumab Day 1",15,,,
"Implant Post Refill Month 15 Day 1",15,PROCEDURE,,
"On Treatment Day 42",15,ON_TREATMENT,,
"Safety Follow Up Visit 3",15,FOLLOW_UP,,
"Dosing Term",15,,,
"Visit 5a or 6/Maternal",15,ON_TREATMENT,,
"B-BG LOAD C1D1",15,ON_TREATMENT,CYCLE_1,0
"PDSWK8",15,ON_TREATMENT,BASELINE,4838400
"DAY 15 RE-TRT 8",15,ON_TREATMENT,BASELINE,1296000
"Screening Biopsy MONO",15,SCREENING,SCREENING,0
"C8A",15,,,
"Fresh Pre",15,,,
"WK10 D70 PT 1&3A",15,ON_TREATMENT,BASELINE,6048000
"Bronchoscopy Histology Day -3",15,PROCEDURE,,
"Cycle 1 Day 16 Retreatment",15,ON_TREATMENT,CYCLE_1,1296000
"Visit 1B 112B_D4_72 hour post dose",15,ON_TREATMENT,,
"WEEK 47",15,ON_TREATMENT,BASELINE,28425600
"C92D1",15,ON_TREATMENT,CYCLE_92,0
"W184",15,ON_TREATMENT,BASELINE,111283200
"Cycle1_Day3",15,ON_TREATMENT,CYCLE_1,172800
"D1D3",15,ON_TREATMENT,BASELINE,86400
"C1D11M",15,ON_TREATMENT,CYCLE_1,864000
"Cycle 22 Day 2",15,ON_TREATMENT,CYCLE_22,86400
"Week 56SUPP",15,ON_TREATMENT,BASELINE,33868800
"Day 4 336h",15,ON_TREATMENT,BASELINE,345600
"FUT2",15,,,
"DAY 24",15,ON_TREATMENT,BASELINE,2073600
"C3D71",15,ON_TREATMENT,CYCLE_3,6048000
"DAY 140",15,ON_TREATMENT,BASELINE,12096000
"Visit 2B 116B_D1_2 hour post dose",15,ON_TREATMENT,,
"Pre-dose",15,ON_TREATMENT,,
"Implant Post Refill Month 7 Day 1",15,PROCEDURE,,
"C8D1F",15,ON_TREATMENT,CYCLE_8,0
"Part 3 Week 68 Follow-up",15,FOLLOW_UP,END_OF_TREATMENT,41126400
"C1D8M",15,ON_TREATMENT,CYCLE_1,604800
"Day 1 - 0.5hr Post-Dose",15,ON_TREATMENT,BASELINE,86400
"Day 9 72h",15,ON_TREATMENT,BASELINE,777600
"Day 5 0h  B-Mid",15,ON_TREATMENT,BASELINE,432000
"END OF CYCLE 8 32 WKS",15,,,
"UDNAC13",15,,,
"WEEK24BSR1",15,ON_TREATMENT,BASELINE,14515200
"Day 1 - Pre-Dose",15,ON_TREATMENT,BASELINE,86400
"Cycle 25 Day 2",15,ON_TREATMENT,CYCLE_25,86400
"Cycle 12 Day 2",15,ON_TREATMENT,CYCLE_12,86400
"Visit 21 Week 128",15,ON_TREATMENT,BASELINE,77414400
"Visit 2B 117B_D1_3 hour post dose",15,ON_TREATMENT,,
"Follow-Up Visit 1 Week 0",15,FOLLOW_UP,END_OF_TREATMENT,0
"CYCLE37_DAY1",15,ON_TREATMENT,CYCLE_37,0
"MONOTHERAPY6",14,,,
"Fw-up/Year 10",14,ON_TREATMENT,BASELINE,315360000
"W37",14,ON_TREATMENT,BASELINE,22377600
"DLBCL & FL - Regimen",14,,,
"Week 121 - Mobile Nursing",14,ON_TREATMENT,BASELINE,73180800
"C1D-6",14,,,
"Day 7 144h",14,ON_TREATMENT,BASELINE,604800
"U02 / Day 5 4h",14,,,
"Retest Cycle 16 Day 1",14,UNSCHEDULED,,
"A/B FFPE Tumor Bx",14,,,
"36 Month Post Treatment",14,FOLLOW_UP,,
"Cycle 11 Day 6",14,ON_TREATMENT,CYCLE_11,432000
"Day 6 384h",14,ON_TREATMENT,BASELINE,518400
"Archival Predose",14,ARCHIVAL,,
"Day 9 Part 2",14,ON_TREATMENT,BASELINE,777600
"COVID-19 vaccine RUO COV3",14,,,
"C2D15-C3D1",14,ON_TREATMENT,CYCLE_2,1209600
"Follow-up Month 21",14,FOLLOW_UP,END_OF_TREATMENT,54432000
"Day 1 - 7hr Post-Dose",14,ON_TREATMENT,BASELINE,86400
"Week 16 Day 112 End of Study",14,END_OF_TREATMENT,,
"203",14,,,
"Day 2 0h  D-Mid",14,ON_TREATMENT,BASELINE,172800
"CYCLE 87 DAY 1",14,ON_TREATMENT,CYCLE_87,0
"BLANK",14,,,
"UNSCH C8D1",14,UNSCHEDULED,,
"FINAL PT2 WK24",14,ON_TREATMENT,BASELINE,14515200
"Day 91",14,ON_TREATMENT,BASELINE,7862400
"WK 104 RE-TRT 5 (or WD)",14,ON_TREATMENT,BASELINE,62899200
"Period 3 Strg",14,ON_TREATMENT,,
"PART I: C4D9",14,ON_TREATMENT,CYCLE_4,691200
"D1D1",14,ON_TREATMENT,BASELINE,86400
"SCR ARCH_FRESH TMR INTERFERON AL",14,SCREENING,SCREENING,0
"Day 7 4h  D-Mid",14,ON_TREATMENT,BASELINE,604800
"C2D8Post",14,ON_TREATMENT,CYCLE_2,604800
"OLE Week 101 Year 2",14,ON_TREATMENT,BASELINE,61084800
"Follow up Completion of Combination Therapy 6 Month",14,FOLLOW_UP,,
"REINDUCPH",14,,,
"SCC Cycle 21 Day 4",14,ON_TREATMENT,CYCLE_21,259200
"Week 7 Follow Up",14,FOLLOW_UP,END_OF_TREATMENT,4233600
"C2D16",14,ON_TREATMENT,CYCLE_2,1296000
"Implant Post Refill Month 14 Day 1",14,PROCEDURE,,
"C5D28",14,ON_TREATMENT,CYCLE_5,2332800
"Cycle 2 Day 1 Arm C",14,ON_TREATMENT,CYCLE_2,0
"Unscheduled Visit/Retest RETESTV2",14,UNSCHEDULED,,
"Safety Follow-Up Week 72",14,FOLLOW_UP,END_OF_TREATMENT,43545600
"WEEK0-OL",14,ON_TREATMENT,BASELINE,0
"SM03 Archival Tumor Slides. Screening Biopsy Mono.",14,SCREENING,SCREENING,0
"Visit 33 Week 224",14,ON_TREATMENT,BASELINE,135475200
"IMAGING_SESSION_1_PET+FMRI",14,,,
"Cycle 6 day 1",14,ON_TREATMENT,CYCLE_6,0
"On Treatment Day 37",14,ON_TREATMENT,,
"DAY 26",14,ON_TREATMENT,BASELINE,2246400
"Scrn Tumer Bx ESR1",14,SCREENING,SCREENING,0
"Day 1 - 8hr Post-Dose",14,ON_TREATMENT,BASELINE,86400
"Day 9 192h",14,ON_TREATMENT,BASELINE,777600
"CYCLE24_DAY8",14,ON_TREATMENT,CYCLE_24,604800
"Day 11 2h  B-Mid",14,ON_TREATMENT,BASELINE,950400
"C1D4M",14,ON_TREATMENT,CYCLE_1,259200
"Open Label Treatment 16",14,ON_TREATMENT,,
"12WK FOLLOW UP #3",14,FOLLOW_UP,,
"Part 2 Day 28",14,,,
"Visit 1B 108B_D1_8 hour post dose",14,ON_TREATMENT,,
"C12D1A",14,ON_TREATMENT,CYCLE_12,0
"Screening Visit 1 Retest",14,SCREENING,SCREENING,0
"Cytokine Release Syndrome Day 1",14,,,
"Implant Post Refill Month 17 Day 1",14,PROCEDURE,,
"ENDOFTRIAL",14,,,
"W56SUPP",14,ON_TREATMENT,BASELINE,33868800
"C1D0",14,ON_TREATMENT,CYCLE_1,-86400
"FUM9",14,,,
"C1D1S1NONBIOP",14,ON_TREATMENT,CYCLE_1,0
"WK2",14,ON_TREATMENT,BASELINE,1209600
"Tissue Kit",14,,,
"VIST5",14,,,
"OLE Week 133 Year 3",14,ON_TREATMENT,BASELINE,80438400
"Part 3 Day 17",14,,,
"12WOLEC03",14,,,
"WK 24 RE-TRT 9",14,ON_TREATMENT,BASELINE,14515200
"Maintenance Dose-Escalation Cycle 4 Day 1",14,ON_TREATMENT,CYCLE_4,0
"WK104 D728 4H P1",14,ON_TREATMENT,BASELINE,62899200
"Week 75 Day 519",14,ON_TREATMENT,BASELINE,45360000
"ETILM",14,,,
"WK87 D609 PRE P2",14,ON_TREATMENT,BASELINE,52617600
"C81D1",14,ON_TREATMENT,CYCLE_81,0
"FINAL Visit",14,,,
"CYCLE16_DAY15",14,ON_TREATMENT,CYCLE_16,1209600
"MONTH02_21DAY",14,ON_TREATMENT,BASELINE,5184000
"FDD30",14,,,
"Mid Treatment Response Assessment Cycle 3 Day 25",14,ON_TREATMENT,CYCLE_3,2073600
"W28SUPP",14,ON_TREATMENT,BASELINE,16934400
"Part 2 Follow Up",14,FOLLOW_UP,,
"C12D2",14,ON_TREATMENT,CYCLE_12,86400
"Implant Post Refill Month 3 Day 7",14,PROCEDURE,,
"CYCLE 90 DAY 1",14,ON_TREATMENT,CYCLE_90,0
"113",14,,,
"Week 42",14,ON_TREATMENT,BASELINE,25401600
"FUT8",14,,,
"SINGLE",14,,,
"Retest Week 48",14,UNSCHEDULED,,
"FOLLOW-UP MONTH 9",14,FOLLOW_UP,END_OF_TREATMENT,23328000
"Cycle 92 Day 1",14,ON_TREATMENT,CYCLE_92,0
"FL Regimen B C1D1",14,ON_TREATMENT,CYCLE_1,0
"Radiographical Tumor Regression",14,,,
"Part 1 End of Treatm",14,,,
"MAD Day 1 .5h",14,,,
"Post Treatment Follow Up 13 Week 1-20",14,FOLLOW_UP,END_OF_TREATMENT,604800
"Visit 6 Week 36 Retest",14,ON_TREATMENT,BASELINE,21772800
"C3D2 PRE P2",14,ON_TREATMENT,CYCLE_3,86400
"Cytokine Release Syndrome Day 3",14,,,
"Re-Screening",14,SCREENING,SCREENING,0
"Cycle 21 Day 2",14,ON_TREATMENT,CYCLE_21,86400
"Visit 1B 110B_D2_24 hour post dose",14,ON_TREATMENT,,
"Day 10 480h",14,ON_TREATMENT,BASELINE,864000
"WEEK0IGEC",14,ON_TREATMENT,BASELINE,0
"C24 D1 Pre-dose",14,ON_TREATMENT,CYCLE_24,0
"Retreat Uns Visit 1",14,,,
"30 mins Postdose",14,ON_TREATMENT,,
"Visit 2B 114B_D1_30 minute post dose",14,ON_TREATMENT,,
"ET/EDFUW8",14,ON_TREATMENT,BASELINE,4838400
"W9IV",14,ON_TREATMENT,BASELINE,5443200
"Visit 27 Week 176",14,ON_TREATMENT,BASELINE,106444800
"C5 D1 PRE P1B SC",14,ON_TREATMENT,CYCLE_5,0
"CYCLE21_DAY15",14,ON_TREATMENT,CYCLE_21,1209600
"W8SUPP",14,ON_TREATMENT,BASELINE,4838400
"CYCLE23_DAY15",14,ON_TREATMENT,CYCLE_23,1209600
"Week 224",14,ON_TREATMENT,BASELINE,135475200
"C22D28",13,ON_TREATMENT,CYCLE_22,2332800
"V01.31",13,ON_TREATMENT,,
"Cycle 5 Day 1 Unscheduled/ Retest",13,UNSCHEDULED,,
"Day23",13,ON_TREATMENT,BASELINE,1987200
"SAFEFUD28",13,,,
"Safety Visit",13,,,
">90 Days After Last Dose of Study Drug",13,ON_TREATMENT,,
"Part 1 Cycle 14 Day 1",13,ON_TREATMENT,CYCLE_14,0
"THIRDLINE2",13,,,
"DDI Day 10 12h",13,,,
"C41E",13,,,
"Cycle 30 Day 5",13,ON_TREATMENT,CYCLE_30,345600
"D120 POST STDY CMPLT/DIS",13,ON_TREATMENT,BASELINE,10368000
"Yearly FU",13,,,
"FDD14",13,,,
"CYCLE32_DAY15",13,ON_TREATMENT,CYCLE_32,1209600
"C2D17",13,ON_TREATMENT,CYCLE_2,1382400
"V2/V3",13,ON_TREATMENT,,
"Implant Post Refill Month 16 Day 1",13,PROCEDURE,,
"W7D43",13,ON_TREATMENT,BASELINE,4233600
"Week 5 Cohort SC SM2 PK 1 hr post EOI",13,ON_TREATMENT,BASELINE,3024000
"C2D8Pre",13,ON_TREATMENT,CYCLE_2,604800
"ST",13,,,
"Cycle 2 Day 2 (Phase 1a)",13,ON_TREATMENT,CYCLE_2,86400
"C1_D1 12-24 HOURS POST INFUSION",13,ON_TREATMENT,CYCLE_1,86400
"UDNAC14",13,,,
"Day 3 48h",13,ON_TREATMENT,BASELINE,259200
"Cycle 23 Day 2",13,ON_TREATMENT,CYCLE_23,86400
"End of Cycle 2",13,,,
"Day -21",13,ON_TREATMENT,BASELINE,1814400
"Week 20 Follow Up",13,FOLLOW_UP,END_OF_TREATMENT,12096000
"Unscheduled 5",13,UNSCHEDULED,,
"WEEK114",13,ON_TREATMENT,BASELINE,68947200
"Day 1 8h  D-Mid",13,ON_TREATMENT,BASELINE,86400
"2h",13,,,
"W44SUPP",13,ON_TREATMENT,BASELINE,26611200
"Day 14 2H",13,ON_TREATMENT,BASELINE,1209600
"Day 1 8h  A-Mid",13,ON_TREATMENT,BASELINE,86400
"CYCLE22_DAY15",13,ON_TREATMENT,CYCLE_22,1209600
"UNSCHED VISIT 3",13,UNSCHEDULED,,
"COVID-19 vaccine RUO COV0",13,,,
"WK 104 RE-TRT 5 (or WITHDRAWAL)",13,END_OF_TREATMENT,,
"Cycle 6 Day 1 Retest",13,ON_TREATMENT,CYCLE_6,0
"Visit 41 Week 288",13,ON_TREATMENT,BASELINE,174182400
"Cycle 1 Day 10 to 14",13,ON_TREATMENT,CYCLE_1,777600
"Day 7 6h  C-Mid",13,ON_TREATMENT,BASELINE,604800
"Cycle 1 Day 13",13,ON_TREATMENT,CYCLE_1,1036800
"602",13,,,
"On Treatment Day 105",13,ON_TREATMENT,,
"Day 1 1h  A-Mid",13,ON_TREATMENT,BASELINE,86400
"Tumor Assessment Week 129",13,ON_TREATMENT,BASELINE,78019200
"A RAMP DAY 1",13,,,
"FUP13Y6",13,,,
"UNSCHEDULED2",13,UNSCHEDULED,,
"C8D8DE",13,ON_TREATMENT,CYCLE_8,604800
"Tumor Assessment Week 204",13,ON_TREATMENT,BASELINE,123379200
"OLE Week 37 Year 1",13,ON_TREATMENT,BASELINE,22377600
"OLE Week 53 Year 1",13,ON_TREATMENT,BASELINE,32054400
"WK52 D364 4H P1",13,ON_TREATMENT,BASELINE,31449600
"Post Progression Disease",13,DISEASE_PROGRESSION,,
"RE-START TREAT",13,,,
"Day 5 12h  B-Mid",13,ON_TREATMENT,BASELINE,432000
"UNSCHREC",13,UNSCHEDULED,,
"DAY 15 RE-TRT 9",13,ON_TREATMENT,BASELINE,1296000
"T1_WEEK4",13,ON_TREATMENT,BASELINE,2419200
"COMPWK12",13,ON_TREATMENT,BASELINE,7257600
"M54",13,,,
"Cycle 30 Day 22 to 28",13,ON_TREATMENT,CYCLE_30,1814400
"Unscheduled Week 36",13,UNSCHEDULED,,
"Cycle 36 Day 22 to 28",13,ON_TREATMENT,CYCLE_36,1814400
"DAY60_FOLLOWUP",13,FOLLOW_UP,,
"Pre-screening",13,SCREENING,SCREENING,0
"SFU WEEK 84",13,ON_TREATMENT,BASELINE,50803200
"Tumor Assessment Week 51",13,ON_TREATMENT,BASELINE,30844800
"Day 11 8h  B-Mid",13,ON_TREATMENT,BASELINE,950400
"Week 208SUPP",13,ON_TREATMENT,BASELINE,125798400
"Day 7 408h",13,ON_TREATMENT,BASELINE,604800
"Day 7 .5h  C-Mid",13,ON_TREATMENT,BASELINE,604800
"Day 14 576h",13,ON_TREATMENT,BASELINE,1209600
"Retest Day 1",13,UNSCHEDULED,,
"UDNAC17",13,,,
"DAY 1 RE-TRT 12",13,ON_TREATMENT,BASELINE,86400
"Induction Cycle 1 Day 3",13,ON_TREATMENT,CYCLE_1,172800
"LTE Capillary",13,,,
"C6D25",13,ON_TREATMENT,CYCLE_6,2073600
"P2B D78 F/U",13,,,
"On Treatment Day 32",13,ON_TREATMENT,,
"Optional Archival Tissue",13,ARCHIVAL,,
"Visit 10 Week 84 Retest",13,ON_TREATMENT,BASELINE,50803200
"C20D28",13,ON_TREATMENT,CYCLE_20,2332800
"DDI Day 7",13,,,
"MAD SFU Visit 13 Day 113/ET",13,,,
"On Treatment Day 152",13,ON_TREATMENT,,
"Period 5 Day 2",13,ON_TREATMENT,,
"Part 2 Cycle 16 Day 1",13,ON_TREATMENT,CYCLE_16,0
"Implant Post Refill Month 19 Day 7",13,PROCEDURE,,
"Part 2 Cycle 11 Day 1",13,ON_TREATMENT,CYCLE_11,0
"Tumor Assessment Week 192",13,ON_TREATMENT,BASELINE,116121600
"Tumor Assessment Week 72",13,ON_TREATMENT,BASELINE,43545600
"SAD Day 1 24h",13,,,
"Cycle 28 Day 5",13,ON_TREATMENT,CYCLE_28,345600
"DAY 58",13,ON_TREATMENT,BASELINE,5011200
"Day 7 Post Explantation",13,ON_TREATMENT,BASELINE,604800
"DAY67",13,ON_TREATMENT,BASELINE,5788800
"Cycle 61 Day 2",13,ON_TREATMENT,CYCLE_61,86400
"Part 1 MAD Day 4",13,,,
"D 1 8Hr Postdose",13,ON_TREATMENT,,
"DAY 253",13,ON_TREATMENT,BASELINE,21859200
"VISIT2/M36",13,ON_TREATMENT,,
"EDC",13,,,
"OLE Week 69 Year 1",13,ON_TREATMENT,BASELINE,41731200
"Day 1 1h  C-Mid",13,ON_TREATMENT,BASELINE,86400
"WK35 D245 4H P1",13,ON_TREATMENT,BASELINE,21168000
"WK87 D609 4H P1",13,ON_TREATMENT,BASELINE,52617600
"Day 9 Part 1",13,ON_TREATMENT,BASELINE,777600
"DP Bone Marrow Aspirate/ Biopsy",13,PROCEDURE,,
"OLE Week 85 Year 2",13,ON_TREATMENT,BASELINE,51408000
"MAD Day 7 2h",13,,,
"UNSCHILM",13,UNSCHEDULED,,
"ETPROX",13,,,
"Group 1 Day 4",13,,,
"Cycle 1 Day 7 to 9",13,ON_TREATMENT,CYCLE_1,518400
"WEEK 24 SAFETY",13,ON_TREATMENT,BASELINE,14515200
"BEC3D1",13,ON_TREATMENT,CYCLE_3,0
"Day 8 - Predose",13,ON_TREATMENT,BASELINE,691200
"0.5h",13,,,
"Post Treatment Follow Up Month 6",13,FOLLOW_UP,END_OF_TREATMENT,15552000
"Visit 3 Week 2 Retest",13,ON_TREATMENT,BASELINE,1209600
"Study Drug Termination",13,,,
"Cycle 14 Day 15",13,ON_TREATMENT,CYCLE_14,1209600
"Part 3 Day 19",13,,,
"Post-Tx Follow-Up Period (Q1M2)",13,FOLLOW_UP,,
"Week 46",12,ON_TREATMENT,BASELINE,27820800
"Early DC",12,,,
"DISC C9D1",12,ON_TREATMENT,CYCLE_9,0
"Treatment Completion/Early Termination",12,END_OF_TREATMENT,,
"Fresh Tumor, Screening",12,SCREENING,SCREENING,0
"WK228",12,ON_TREATMENT,BASELINE,137894400
"RE-TRT IN",12,ON_TREATMENT,,
"Cycle 34 Day 5",12,ON_TREATMENT,CYCLE_34,345600
"C3D1 PRE P2",12,ON_TREATMENT,CYCLE_3,0
"COVID-19 vaccine RUO COV2",12,,,
"WK1 D1 PRE P1",12,ON_TREATMENT,BASELINE,604800
"P2B D29 F/U",12,,,
"Unscheduled Assessme",12,UNSCHEDULED,,
"A-C1D1",12,ON_TREATMENT,CYCLE_1,0
"BASELINEBSR1",12,BASELINE,BASELINE,0
"Retreat FU wk 144",12,ON_TREATMENT,BASELINE,87091200
"Day 14 0.25H",12,ON_TREATMENT,BASELINE,1209600
"C30 D1 Pre-dose",12,ON_TREATMENT,CYCLE_30,0
"Post-Neoaduvant therapy",12,,,
"C33D28",12,ON_TREATMENT,CYCLE_33,2332800
"D 1 4Hr Postdose",12,ON_TREATMENT,,
"Cycle 102 Day 1",12,ON_TREATMENT,CYCLE_102,0
"Cycle 1 Day 16 Tx Biopsy Blood",12,PROCEDURE,,
"T1_WEEK12",12,ON_TREATMENT,BASELINE,7257600
"Day 1 - 4hr Post-Dose (Post-Dialyzer/Venous)",12,ON_TREATMENT,BASELINE,86400
"12WK FOLLOW UP #10",12,FOLLOW_UP,,
"Baseline - Day 1 Follow up >4 Weeks",12,BASELINE,BASELINE,0
"Day 2 0h  D-High",12,ON_TREATMENT,BASELINE,172800
"V02.41",12,ON_TREATMENT,,
"Cycle 28 Day 22 to 28",12,ON_TREATMENT,CYCLE_28,1814400
"W68",12,ON_TREATMENT,BASELINE,41126400
"V05.20",12,ON_TREATMENT,,
"Mobile Nursing Birth Visit Infant",12,,,
"Opt Tumor DX C3 BLOOD",12,,,
"Day 1 6h  D-Mid",12,ON_TREATMENT,BASELINE,86400
"Cycle 16A Day 1",12,,,
"Unscheduled Week 104",12,UNSCHEDULED,,
"W1D3",12,ON_TREATMENT,BASELINE,604800
"Encounter 3",12,,,
"Day 1 4h  D-Mid",12,ON_TREATMENT,BASELINE,86400
"Unscheduled/Retest Kit",12,UNSCHEDULED,,
"C4D22",12,ON_TREATMENT,CYCLE_4,1814400
"Day 1 - 3hr Post-Dose (Post-Dialyzer/Venous)",12,ON_TREATMENT,BASELINE,86400
"MONOTHERAPY8",12,,,
"CAPCTDNAW06",12,ON_TREATMENT,BASELINE,3628800
"Day 5 0h  A-Mid",12,ON_TREATMENT,BASELINE,432000
"Follow-Up Week 96",12,FOLLOW_UP,END_OF_TREATMENT,58060800
"C4D4D5",12,ON_TREATMENT,CYCLE_4,259200
"Cycle 26 Day 22 to 28",12,ON_TREATMENT,CYCLE_26,1814400
"Day 11 24h  B-Mid",12,ON_TREATMENT,BASELINE,950400
"Cycle 32 Day 5",12,ON_TREATMENT,CYCLE_32,345600
"V22",12,ON_TREATMENT,,
"Cycle3_Day3",12,ON_TREATMENT,CYCLE_3,172800
"12 Week Follow Up Week 92",12,FOLLOW_UP,END_OF_TREATMENT,55641600
"Day 11 12h  B-Mid",12,ON_TREATMENT,BASELINE,950400
"Day 7 8h  A-Mid",12,ON_TREATMENT,BASELINE,604800
"Day 7 8h  D-Mid",12,ON_TREATMENT,BASELINE,604800
"UNSCHD",12,UNSCHEDULED,,
"TUMOR BIOPSY",12,PROCEDURE,,
"Cycle 12 Day 8",12,ON_TREATMENT,CYCLE_12,604800
"DDI Day 11 24h",12,,,
"C8D1E",12,ON_TREATMENT,CYCLE_8,0
"W148SUPP",12,ON_TREATMENT,BASELINE,89510400
"Post Treatment Day 2",12,FOLLOW_UP,,
"Week 12 Day 3",12,ON_TREATMENT,BASELINE,7257600
"Day 1 12h  D-Mid",12,ON_TREATMENT,BASELINE,86400
"Part 3 Day 2",12,,,
"Positive Extraction Control",12,,,
"Post Treatment Follow Up Month 12",12,FOLLOW_UP,END_OF_TREATMENT,31104000
"D63",12,ON_TREATMENT,BASELINE,5443200
"84 WEEKS (CYCLE 43)",12,,,
"Part 1 Cycle 11 Day 1",12,ON_TREATMENT,CYCLE_11,0
"Delivery Visit Maternal",12,,,
"Day 14 1H",12,ON_TREATMENT,BASELINE,1209600
"Cycle 11 Day 3",12,ON_TREATMENT,CYCLE_11,172800
"FUM18",12,,,
"C2 1st Dosing Day +1",12,,,
"Part 2 Cycle 13 Day 1",12,ON_TREATMENT,CYCLE_13,0
"Day 6 0h  D-Mid",12,ON_TREATMENT,BASELINE,518400
"24 / Day 6 12h",12,,,
"Retreatment 3 Day 1",12,ON_TREATMENT,,
"TREATMENTCOMPLETION/EARLYTERMINATION",12,ON_TREATMENT,,
"Week 77 Day 553",12,ON_TREATMENT,BASELINE,46569600
"Day 1 4h  A-Mid",12,ON_TREATMENT,BASELINE,86400
"Week 270 on treatment",12,ON_TREATMENT,BASELINE,163296000
"202",12,,,
"Month 19",12,ON_TREATMENT,BASELINE,49248000
"C1 Day 22",12,ON_TREATMENT,CYCLE_1,1814400
"AH Week 16: Pre",12,ON_TREATMENT,BASELINE,9676800
"Day 0 (pre-CAR T)",12,ON_TREATMENT,BASELINE,0
"Week 36 Day 253 Unscheduled",12,UNSCHEDULED,,
"Tumor Assessment Week 27",12,ON_TREATMENT,BASELINE,16329600
"W12SUPP",12,ON_TREATMENT,BASELINE,7257600
"Cycle 9 Day 3",12,ON_TREATMENT,CYCLE_9,172800
"Retreat FU wk 132",12,ON_TREATMENT,BASELINE,79833600
"C3D8 P2",12,ON_TREATMENT,CYCLE_3,604800
"C8D1C",12,ON_TREATMENT,CYCLE_8,0
"1 Hr Postdose",12,ON_TREATMENT,,
"C6D7",12,ON_TREATMENT,CYCLE_6,518400
"Induction Cycle 2 Day 1",12,ON_TREATMENT,CYCLE_2,0
"On Treatment Day 93",12,ON_TREATMENT,,
"C1D6-7",12,ON_TREATMENT,CYCLE_1,432000
"Retest Cycle 8 Week 12",12,UNSCHEDULED,,
"Day 5 0h  C-Mid",12,ON_TREATMENT,BASELINE,432000
"VISIT1/M25",12,ON_TREATMENT,,
"Part 3 Early Termination",12,END_OF_TREATMENT,,
"Treatment Period 1 Cycle 6",12,ON_TREATMENT,,
"0.25h",12,,,
"Cycle 22 Day 5",12,ON_TREATMENT,CYCLE_22,345600
"Day 1 - 2.5hr Post-Dose",12,ON_TREATMENT,BASELINE,86400
"Archival. Screening",12,SCREENING,SCREENING,0
"Q16W Week 41",12,ON_TREATMENT,BASELINE,24796800
"25 / Day 5 8h",12,,,
"Day 5 6h  B-Mid",12,ON_TREATMENT,BASELINE,432000
"Cycle 90 Day 1",12,ON_TREATMENT,CYCLE_90,0
"Day 8 - 7hr Post-Dose",12,ON_TREATMENT,BASELINE,691200
"Week 66 Retest",12,ON_TREATMENT,BASELINE,39916800
"C2D28",12,ON_TREATMENT,CYCLE_2,2332800
"Refill Exchange",12,,,
"Week 7Day 43",12,ON_TREATMENT,BASELINE,4233600
"Tumor Assess W112",12,ON_TREATMENT,BASELINE,67737600
"Early Termination Safety Visit",12,END_OF_TREATMENT,,
"Part II Day 44 Follo",12,,,
"60 WEEKS (CYCLE 31)",12,,,
"W220",12,ON_TREATMENT,BASELINE,133056000
"Run In Pre TX",12,BASELINE,BASELINE,0
"Implant Post Refill Month 8 Day 7",12,PROCEDURE,,
"Week 65 Day 456",12,ON_TREATMENT,BASELINE,39312000
"D 1 2Hr Postdose",12,ON_TREATMENT,,
"Part 1 Cycle 13 Day 1",12,ON_TREATMENT,CYCLE_13,0
"Tumor Assessment Week 75",12,ON_TREATMENT,BASELINE,45360000
"Week 34",12,ON_TREATMENT,BASELINE,20563200
"WK 7 DAY 43 - PREDOSE",12,ON_TREATMENT,BASELINE,4233600
"Cycle 4 Day 8 (Arm AB)",12,ON_TREATMENT,CYCLE_4,604800
"Unsch/ Retest",12,UNSCHEDULED,,
"C3D9",12,ON_TREATMENT,CYCLE_3,691200
"Retreatment 2 Day 1",12,ON_TREATMENT,,
"C6D14",12,ON_TREATMENT,CYCLE_6,1123200
"Week 52 Retest",11,ON_TREATMENT,BASELINE,31449600
"Predose, Day107",11,ON_TREATMENT,,
"Day 7 2h  D-Mid",11,ON_TREATMENT,BASELINE,604800
"Cycle 3 Day 1 Unscheduled",11,UNSCHEDULED,,
"SM Withdrawal",11,END_OF_TREATMENT,,
"Day 7 Part 2",11,ON_TREATMENT,BASELINE,604800
"Group 3 Day 15",11,,,
"FUT1",11,,,
"Week 17 - Mobile Nursing",11,ON_TREATMENT,BASELINE,10281600
"Implant Post Refill Month 2 Day 7",11,PROCEDURE,,
"Infusion-related reaction",11,ON_TREATMENT,,
"Cycle 02 Day 01 and Cycle 04 Day 01 Baseline",11,BASELINE,BASELINE,0
"Post Treatment Follow Up Month 9",11,FOLLOW_UP,END_OF_TREATMENT,23328000
"U03 / Day 5 8h",11,,,
"C3D78",11,ON_TREATMENT,CYCLE_3,6652800
"Post treatment visit 12",11,FOLLOW_UP,,
"Final visit/Withdrawal",11,END_OF_TREATMENT,,
"Week 17 RO",11,ON_TREATMENT,BASELINE,10281600
"Cycle 2: Day 8: 168h",11,,,
"Day 5 2h  B-Mid",11,ON_TREATMENT,BASELINE,432000
"Day 3 0h  D-Mid",11,ON_TREATMENT,BASELINE,259200
"Part II C6 Day 1",11,ON_TREATMENT,CYCLE_6,0
"V05.2",11,ON_TREATMENT,,
"Day 7 0h  B-Mid",11,ON_TREATMENT,BASELINE,604800
"42-MONTH",11,ON_TREATMENT,BASELINE,108864000
"Tumor Assessment Week 57",11,ON_TREATMENT,BASELINE,34473600
"Implant Month 35",11,PROCEDURE,,
"M5",11,,,
"Group 1 Day 3",11,,,
"C15D28",11,ON_TREATMENT,CYCLE_15,2332800
"UNSCH 1",11,UNSCHEDULED,,
"SRL BX WK4 (D22-28) BLD",11,ON_TREATMENT,BASELINE,2419200
"UNSCH/RETEST C16D1",11,UNSCHEDULED,,
"Day 11 2h  B-High",11,ON_TREATMENT,BASELINE,950400
"Cycle 1 Day -1",11,ON_TREATMENT,CYCLE_1,0
"Optional Collection",11,,,
"D1 1 Hr Postdose",11,ON_TREATMENT,BASELINE,86400
"Unscheduled or Retest Week 128",11,UNSCHEDULED,,
"DDI Day 10 20h",11,,,
"MAD Day 1 15m",11,,,
"Cycle 2 Day 20",11,ON_TREATMENT,CYCLE_2,1641600
"D 1 Pre Dose",11,ON_TREATMENT,,
"Retest M3",11,UNSCHEDULED,,
"TAD1",11,,,
"BWEEK8",11,ON_TREATMENT,BASELINE,4838400
"C2D4Post",11,ON_TREATMENT,CYCLE_2,259200
"Day 8 - 0.5hr Post-Dose",11,ON_TREATMENT,BASELINE,691200
"Day 7 12h  D-Mid",11,ON_TREATMENT,BASELINE,604800
"On Treatment 2",11,ON_TREATMENT,,
"3h",11,,,
"SADP Day 1 2h",11,,,
"Day 8 - 3hr Post-Dose",11,ON_TREATMENT,BASELINE,691200
"FFPE",11,,,
"Day 7 4h  C-Mid",11,ON_TREATMENT,BASELINE,604800
"Visit 37 Week 256",11,ON_TREATMENT,BASELINE,154828800
"US",11,,,
"WK 48 RE-TRT",11,ON_TREATMENT,BASELINE,29030400
"Q3W C1 D15",11,ON_TREATMENT,CYCLE_1,1209600
"WK6 P1&3A DLYED >=7D",11,ON_TREATMENT,BASELINE,3628800
"Cycle 1 Confirmation of Response",11,,,
"End of Cycle 11",11,,,
"Day 5 0h  B-High",11,ON_TREATMENT,BASELINE,432000
"Cycle 26 Day 5",11,ON_TREATMENT,CYCLE_26,345600
"Q12M12 Tissue TL1A",11,,,
"C2D8E",11,ON_TREATMENT,CYCLE_2,604800
"Month 90 Follow Up",11,FOLLOW_UP,END_OF_TREATMENT,233280000
"3LTXC1",11,,,
"Day 6 0h  B-Mid",11,ON_TREATMENT,BASELINE,518400
"RESCEU_Vex5",11,,,
"C87D1",11,ON_TREATMENT,CYCLE_87,0
"12 Week Follow Up",11,FOLLOW_UP,,
"Post treatment visit 11",11,FOLLOW_UP,,
"Part 3 Day 5",11,,,
"WK 24 RE-TRT",11,ON_TREATMENT,BASELINE,14515200
"C1_D1 PREDOSE",11,ON_TREATMENT,CYCLE_1,0
"Cycle 33 Day 5",11,ON_TREATMENT,CYCLE_33,345600
"Day 1 - 5hr Post-Dose (Pre-Dialyzer/Arterial)",11,ON_TREATMENT,BASELINE,86400
"1.5h",11,,,
"U01 / Day 1 0h",11,,,
"MAD Day 1 2h",11,,,
"RESCEU_Vex6",11,,,
"Day29",11,ON_TREATMENT,BASELINE,2505600
"Day 7 0h  A-High",11,ON_TREATMENT,BASELINE,604800
"C1D4Pre",11,ON_TREATMENT,CYCLE_1,259200
"Cycle 9 day 1",11,ON_TREATMENT,CYCLE_9,0
"22 / Day 5 3h",11,,,
"PROGRESSIVE DISEASE",11,,,
"Implant Post Refill Month 2 Day 1",11,PROCEDURE,,
"Day 7 24h  D-Mid",11,ON_TREATMENT,BASELINE,604800
"Day 77",11,ON_TREATMENT,BASELINE,6652800
"OLE Unscheduled 3",11,UNSCHEDULED,,
"C8 D1 PRE P1B SC",11,ON_TREATMENT,CYCLE_8,0
"Scrn Tumor BX PD1 PD2",11,SCREENING,SCREENING,0
"CYCLE 7",11,ON_TREATMENT,CYCLE_7,0
"Post treatment visit 8",11,FOLLOW_UP,,
"Post treatment visit 9",11,FOLLOW_UP,,
"RUN IN D1 PRE G2",11,BASELINE,BASELINE,0
"D30 POST STDY CMPLT/DISC",11,ON_TREATMENT,BASELINE,2592000
"Consolidation Cycle 3 Day 28",11,ON_TREATMENT,CYCLE_3,2332800
"Day 5 8h  B-Mid",11,ON_TREATMENT,BASELINE,432000
"C4D28",11,ON_TREATMENT,CYCLE_4,2332800
"AH Week 20: Pre",11,ON_TREATMENT,BASELINE,12096000
"Week 8 Visit 6",11,ON_TREATMENT,BASELINE,4838400
"PD_DAY4",11,,,
"DMINUS1",11,,,
"Prior to Herceptin",11,,,
"C1D14-21",11,ON_TREATMENT,CYCLE_1,1123200
"Part 1 Cycle 16 Day 1",11,ON_TREATMENT,CYCLE_16,0
"MONTH42IGEC",11,ON_TREATMENT,BASELINE,108864000
"Day 7 6h  D-Mid",11,ON_TREATMENT,BASELINE,604800
"12 Week Restaging",11,,,
"C3D1 RO7247669+Bev",11,ON_TREATMENT,CYCLE_3,0
"W72SUPP",11,ON_TREATMENT,BASELINE,43545600
"Day 4 336.5h",11,ON_TREATMENT,BASELINE,345600
"Implant Post Refill Month 23 Day 1",11,PROCEDURE,,
"Week 72 Unscheduled",11,UNSCHEDULED,,
"Fresh Optional Fresh Biopsy",11,PROCEDURE,,
"MAD Day 4",11,,,
"120",11,,,
"Cycle 1 Day 1 - Atezo+Tira",11,ON_TREATMENT,CYCLE_1,0
"Day 7 RO",11,ON_TREATMENT,BASELINE,604800
"C2D15 -0.17H",11,ON_TREATMENT,CYCLE_2,1270800
"Week 64 Follow Up Unscheduled or Retest",11,UNSCHEDULED,,
"Cycle 1: Day 8: 168h",11,,,
"C1_D1 0-12 HOURS POST INFUSION",11,ON_TREATMENT,CYCLE_1,43200
"Part 1 MAD Day 8",11,,,
"Day 7 8h  C-Mid",11,ON_TREATMENT,BASELINE,604800
"Day 1 6h  C-High",11,ON_TREATMENT,BASELINE,86400
"C8XD1",11,,,
"Visit 29 Week 192",11,ON_TREATMENT,BASELINE,116121600
"C6D8DE",11,ON_TREATMENT,CYCLE_6,604800
"Cycle 4 Day 25",11,ON_TREATMENT,CYCLE_4,2073600
"Week 35 RO",11,ON_TREATMENT,BASELINE,21168000
"Retest of Early Termination",11,UNSCHEDULED,,
"Day 5 1h  B-Mid",11,ON_TREATMENT,BASELINE,432000
"C2D19",11,ON_TREATMENT,CYCLE_2,1555200
"Day 8 0h  B-Mid",11,ON_TREATMENT,BASELINE,691200
"Week 192 Double Blind Period",11,ON_TREATMENT,BASELINE,116121600
"Period 3 Day 38",11,ON_TREATMENT,,
"Day 2 - 36hr Post-Dose",11,ON_TREATMENT,BASELINE,172800
"BASED0",11,,,
"DDI Day 10 15m",11,,,
"Retreat 3 wk 48",11,ON_TREATMENT,BASELINE,29030400
"Maintenance Post-Consolidation Cycle 9 Day 1",11,ON_TREATMENT,CYCLE_9,0
"Week 3 (D)",11,ON_TREATMENT,BASELINE,1814400
"Day 78 Follow Up",11,FOLLOW_UP,,
"Triple Step Up Dose 1",11,ON_TREATMENT,,
"Visit 49 Week 430 Retest",11,ON_TREATMENT,BASELINE,260064000
"1LTXMEV91",11,,,
"Day 5 4h  B-Mid",11,ON_TREATMENT,BASELINE,432000
"CYCLE26_DAY15",11,ON_TREATMENT,CYCLE_26,1209600
"Implant Post Refill Month 3 Day 1",11,PROCEDURE,,
"FUM6",11,,,
"T2_WEEK4",11,ON_TREATMENT,BASELINE,2419200
"On Treatment Day 18",11,ON_TREATMENT,,
"Q3W C4 D1",10,ON_TREATMENT,CYCLE_4,0
"DPIW8",10,ON_TREATMENT,BASELINE,4838400
"Day 1 0h  D-Low",10,ON_TREATMENT,BASELINE,86400
"Fresh Post D83",10,,,
"Retreat 3 wk 2",10,ON_TREATMENT,BASELINE,1209600
"CYCLE6_DAY2",10,ON_TREATMENT,CYCLE_6,86400
"C12D1F",10,ON_TREATMENT,CYCLE_12,0
"VISIT 41 UNSCH / RETEST",10,ON_TREATMENT,,
"V01.10",10,ON_TREATMENT,,
"CYCLE20_DAY8",10,ON_TREATMENT,CYCLE_20,604800
"Day 1 1h  D-Low",10,ON_TREATMENT,BASELINE,86400
"DDI Day 10",10,,,
"Mid-Treatment Response Assessment Cycle 4 Day 22",10,ON_TREATMENT,CYCLE_4,1814400
"STUDY TX DC/SM26",10,,,
"TREATMENT VISIT (DAY 1)",10,ON_TREATMENT,,
"CYCLE8_DAY2",10,ON_TREATMENT,CYCLE_8,86400
"Following Treated Bleed 2",10,,,
"Week 124",10,ON_TREATMENT,BASELINE,74995200
"A/B-12WK FOLLOW UP #15",10,FOLLOW_UP,,
"DDI Day 8",10,,,
"Week 14 - Week 16",10,ON_TREATMENT,BASELINE,8467200
"B-cell Monitoring Visit 5",10,,,
"RETEST Visit 2",10,UNSCHEDULED,,
"Day 8 - 1.5hr Post-Dose",10,ON_TREATMENT,BASELINE,691200
"C1D15E",10,ON_TREATMENT,CYCLE_1,1209600
"Day 7 8h  C-High",10,ON_TREATMENT,BASELINE,604800
"SECONDLINE4",10,,,
"End 4th Infusion",10,ON_TREATMENT,,
"Cycle 1: Day 2: 24hr",10,,,
"C28D28",10,ON_TREATMENT,CYCLE_28,2332800
"TUMOR BIOPSY/SM24",10,PROCEDURE,,
"SADP Day 1 0h",10,,,
"Week 40 Day 281 Unscheduled",10,UNSCHEDULED,,
"V05.21",10,ON_TREATMENT,,
"Screning / Day -2",10,,,
"Implant Post Refill Month 22 Day 7",10,PROCEDURE,,
"Unscheduled/ Retest",10,UNSCHEDULED,,
"WK12 D84 PT 2&3B",10,ON_TREATMENT,BASELINE,7257600
"CYCLE15_DAY15",10,ON_TREATMENT,CYCLE_15,1209600
"Day 4 337h",10,ON_TREATMENT,BASELINE,345600
"C1D4 48HR P1B SC",10,ON_TREATMENT,CYCLE_1,432000
"FU WEEK 96",10,FOLLOW_UP,,
"M7",10,,,
"Day 1 - 6hr Post-Dose",10,ON_TREATMENT,BASELINE,86400
"Day 10 - 48hr Post-Dose",10,ON_TREATMENT,BASELINE,864000
"Visit 35 Week 240",10,ON_TREATMENT,BASELINE,145152000
"Day 11 .5h  B-Mid",10,ON_TREATMENT,BASELINE,950400
"Complete Response +3 months",10,,,
"WEEK 27",10,ON_TREATMENT,BASELINE,16329600
"Extra Visit at Relapsing 2 Double Blind Period",10,,,
"Maintenance Dose-Escalation Month 3 Day 28",10,ON_TREATMENT,BASELINE,7776000
"CYCLE1DAY6",10,ON_TREATMENT,CYCLE_1,432000
"Unscheduled Week 52",10,UNSCHEDULED,,
"Day 10 0h  B-High",10,ON_TREATMENT,BASELINE,864000
"STUDYDISC",10,,,
"Part 1 Cycle 15 Day 1",10,ON_TREATMENT,CYCLE_15,0
"RT_PD",10,,,
"Day 1 - 4hr Post-Dose (Pre-Dialyzer/Arterial)",10,ON_TREATMENT,BASELINE,86400
"Day 1 - 3hr Post-Dose (Pre-Dialyzer/Arterial)",10,ON_TREATMENT,BASELINE,86400
"Visit 12 Day 84",10,ON_TREATMENT,,
"C5D1S1",10,ON_TREATMENT,CYCLE_5,0
"MIBC Cystectomy Tissue",10,,,
"Week 104 or DO 1",10,ON_TREATMENT,BASELINE,62899200
"Cycle 5 Day 8 (Arm AB)",10,ON_TREATMENT,CYCLE_5,604800
"C1D19",10,ON_TREATMENT,CYCLE_1,1555200
"Tumor Assessment Week 45",10,ON_TREATMENT,BASELINE,27216000
"Day 1 0h  C-Mid",10,ON_TREATMENT,BASELINE,86400
"Day 14 8H",10,ON_TREATMENT,BASELINE,1209600
"Day 15 PREDOSE",10,ON_TREATMENT,BASELINE,1296000
"OLE Week 117 Year 2",10,ON_TREATMENT,BASELINE,70761600
"Part 2 Cycle 17 Day 1",10,ON_TREATMENT,CYCLE_17,0
"SADP Day 2 24h",10,,,
"On Treatment Day 183",10,ON_TREATMENT,,
"Visit 53 Unscheduled or Retest",10,UNSCHEDULED,,
"Day 4 0h  A-Mid",10,ON_TREATMENT,BASELINE,345600
"D29 4Hr Postdose",10,ON_TREATMENT,BASELINE,2505600
"Day 1 0h  D-Mid",10,ON_TREATMENT,BASELINE,86400
"OPTW136",10,ON_TREATMENT,BASELINE,82252800
"Month 23",10,ON_TREATMENT,BASELINE,59616000
"C32 D1 Pre-dose",10,ON_TREATMENT,CYCLE_32,0
"CYC1_D8",10,ON_TREATMENT,CYCLE_1,604800
"RESOLUTION",10,,,
"18 / Day 5 0h",10,,,
"Double Blinded Safety Follow Up",10,FOLLOW_UP,,
"RESCEU_Vex2_induced",10,,,
"Uns Visit 1",10,,,
"C3D1 PRE",10,ON_TREATMENT,CYCLE_3,0
"W3IV",10,ON_TREATMENT,BASELINE,1814400
"C28 D1 Pre-dose",10,ON_TREATMENT,CYCLE_28,0
"FOLLOWUPPD3",10,FOLLOW_UP,,
"90 Days",10,,,
"Unscheduled 4",10,UNSCHEDULED,,
"ARM B/F/G C21D1",10,ON_TREATMENT,CYCLE_21,0
"SOURCE",10,,,
"Day 5 .5h  B-Mid",10,ON_TREATMENT,BASELINE,432000
"Tumor Assessment Week 105",10,ON_TREATMENT,BASELINE,63504000
"Day 3 0h  C-Mid",10,ON_TREATMENT,BASELINE,259200
"Cytokine Release Syndrome Day 8",10,,,
"Implant Post Refill Month 19 Day 1",10,PROCEDURE,,
"12 Month After 1st confirmed CR/sCR",10,ON_TREATMENT,BASELINE,31104000
"Treatment Discontinuation Control",10,END_OF_TREATMENT,,
"C10D1A",10,ON_TREATMENT,CYCLE_10,0
"Cycle 2: Day 2: 24hr",10,,,
"Implant Month 33",10,PROCEDURE,,
"Delayed Dosing Visit",10,,,
"FUT5",10,,,
"Cycle 2 Day 53 to 56",10,ON_TREATMENT,CYCLE_2,4492800
"WEEK_261_ON-TX",10,ON_TREATMENT,BASELINE,157852800
"Implant Post Refill Month 18 Day 7",10,PROCEDURE,,
"Infusionreaction",10,ON_TREATMENT,,
"STUDY COMP/EW P1",10,,,
"Month 47 Follow Up",10,FOLLOW_UP,END_OF_TREATMENT,121824000
"DAY30 PROX",10,ON_TREATMENT,BASELINE,2592000
"Visit 67",10,ON_TREATMENT,,
"FU 144 WEEKS",10,FOLLOW_UP,,
"Day 11 12h  B-High",10,ON_TREATMENT,BASELINE,950400
"Maintenance Dose-Escalation Month 9 Day 28",10,ON_TREATMENT,BASELINE,23328000
"Cycle 10 Day 2",10,ON_TREATMENT,CYCLE_10,86400
"On Treatment Day 235",10,ON_TREATMENT,,
"Visit 2B 121B_D1_12 hour post dose",10,ON_TREATMENT,,
"Day 1 8h  C-Mid",10,ON_TREATMENT,BASELINE,86400
"RT3",10,,,
"Unscheduled [1]",10,UNSCHEDULED,,
"C23D28",10,ON_TREATMENT,CYCLE_23,2332800
"Cycle 9 Day 6",10,ON_TREATMENT,CYCLE_9,432000
"Day 7 12h  A-Mid",10,ON_TREATMENT,BASELINE,604800
"Fresh Tumor Pre-dose",10,ON_TREATMENT,,
"B-C5D1",10,ON_TREATMENT,CYCLE_5,0
"96 WEEKS (CYCLE 49)",10,,,
"WEEK_297_ON-TX",10,ON_TREATMENT,BASELINE,179625600
"Retest Week 84",10,UNSCHEDULED,,
"Day 1 10H",10,ON_TREATMENT,BASELINE,86400
"CYCLE26_DAY8",10,ON_TREATMENT,CYCLE_26,604800
"Period 1 Day 78",10,ON_TREATMENT,,
"C26D1 PREDOSE",10,ON_TREATMENT,CYCLE_26,0
"VISIT 39 UNSCH / RETEST",10,ON_TREATMENT,,
"CYCLE25_DAY8",10,ON_TREATMENT,CYCLE_25,604800
"D1D7",10,ON_TREATMENT,BASELINE,86400
"Day 1 12h  C-Mid",10,ON_TREATMENT,BASELINE,86400
"Day 7 2h  A-Mid",10,ON_TREATMENT,BASELINE,604800
"Unscheduled1",10,UNSCHEDULED,,
"Part 3 Day 18",10,,,
"SADP Day 1 12h",10,,,
"CYCLE 96 DAY 1",10,ON_TREATMENT,CYCLE_96,0
"4WK FOLLOW UP #6",10,FOLLOW_UP,,
"20 / Day 5 1h",10,,,
"Day 9 0h  B-Mid",10,ON_TREATMENT,BASELINE,777600
"Day 7 0h  C-Mid",10,ON_TREATMENT,BASELINE,604800
"Monotherapy Phase End of Cycle 18",10,,,
"DE SA/EX C1D8 COH A",10,ON_TREATMENT,CYCLE_1,604800
"Tumor Assessment Week 99",10,ON_TREATMENT,BASELINE,59875200
"Day 1 - 4hr Post-Dose",10,ON_TREATMENT,BASELINE,86400
"Day 7 24h  A-Mid",10,ON_TREATMENT,BASELINE,604800
"Cycle 21 Day 6",10,ON_TREATMENT,CYCLE_21,432000
"VISITY",10,,,
"Visit 2B 120B_D1_8 hour post dose",10,ON_TREATMENT,,
"Q3W C2 D1",10,ON_TREATMENT,CYCLE_2,0
"Post treatment visit 13",10,FOLLOW_UP,,
"MAD Day 17",10,,,
"Period 1 Day 25",10,ON_TREATMENT,,
"Week 36 Follow Up",10,FOLLOW_UP,END_OF_TREATMENT,21772800
"Day 11 0h  B-High",9,ON_TREATMENT,BASELINE,950400
"Day 6 0h  A-Mid",9,ON_TREATMENT,BASELINE,518400
"Pre-LD",9,,,
"Day 22 Pre-dose",9,ON_TREATMENT,BASELINE,1900800
"Day 57 Pre-dose",9,ON_TREATMENT,BASELINE,4924800
"Week 25 Follow Up",9,FOLLOW_UP,END_OF_TREATMENT,15120000
"Day 7 0h  A-Mid",9,ON_TREATMENT,BASELINE,604800
"Day 5 6h  B-High",9,ON_TREATMENT,BASELINE,432000
"Group 3 Day 4",9,,,
"P2B Discontinuation",9,END_OF_TREATMENT,,
"Day 7 24h  C-Low",9,ON_TREATMENT,BASELINE,604800
"MAD Day 1 6h",9,,,
"Cycle 2 Day 1 Unscheduled",9,UNSCHEDULED,,
"Retreatment 5 Day 1",9,ON_TREATMENT,,
"Day 9 - 24hr Post-Dose",9,ON_TREATMENT,BASELINE,777600
"Day 7 6h  D-High",9,ON_TREATMENT,BASELINE,604800
"Cycle 15 Day 6",9,ON_TREATMENT,CYCLE_15,432000
"Follow Up Visit 11 Year 5",9,FOLLOW_UP,END_OF_TREATMENT,157680000
"DISC2IB",9,END_OF_TREATMENT,,
"C1D15Post",9,ON_TREATMENT,CYCLE_1,1209600
"Main. Month 12, 18, 24 FL",9,ON_TREATMENT,BASELINE,31104000
"Archival, Day 1610",9,ARCHIVAL,,
"ARM A/C/D/E C15D1",9,ON_TREATMENT,CYCLE_15,0
"C2D8 192HR P1A",9,ON_TREATMENT,CYCLE_2,1296000
"Safety Follow-Up Week 48",9,FOLLOW_UP,END_OF_TREATMENT,29030400
"TCAB",9,,,
"Day 7 .5h  D-High",9,ON_TREATMENT,BASELINE,604800
"Cycle 2 Day 29",9,ON_TREATMENT,CYCLE_2,2419200
"WK 48 RE-TRT 7",9,ON_TREATMENT,BASELINE,29030400
"C0_DAY1-DAY2",9,ON_TREATMENT,CYCLE_0,0
"Supplemental Week 32A",9,ON_TREATMENT,BASELINE,19353600
"Day 1 6h  A-Mid",9,ON_TREATMENT,BASELINE,86400
"Day 50 Follow Up",9,FOLLOW_UP,,
"End of Treatment Dose Escalation",9,END_OF_TREATMENT,,
"C3D2F IRIN 24HR POST",9,ON_TREATMENT,CYCLE_3,172800
"Cycle 0 Day 4 (Arm AB)",9,ON_TREATMENT,CYCLE_0,259200
"C16A",9,,,
"Day 1 12h  D-Low",9,ON_TREATMENT,BASELINE,86400
"Optl Lumbar Puncture & Blood Collection",9,PROCEDURE,,
"12 Week Follow Up Week 80",9,FOLLOW_UP,END_OF_TREATMENT,48384000
"Archival Slides",9,ARCHIVAL,,
"SAD OR MAD SC/ET",9,,,
"Day 1 2h  C-High",9,ON_TREATMENT,BASELINE,86400
"Week 60SUPP",9,ON_TREATMENT,BASELINE,36288000
"Day 1 .5h  D-High",9,ON_TREATMENT,BASELINE,86400
"END OF CYCLE 11",9,,,
"Prior to Start of Dopaminergic Week 4",9,ON_TREATMENT,BASELINE,2419200
"Day 7 1h  C-Mid",9,ON_TREATMENT,BASELINE,604800
"C2D11Post",9,ON_TREATMENT,CYCLE_2,864000
"Period 1 Day 64",9,ON_TREATMENT,,
"C7 D1 PRE P1B SC",9,ON_TREATMENT,CYCLE_7,0
"D1 6H",9,ON_TREATMENT,BASELINE,86400
"Day 4 0h  C-High",9,ON_TREATMENT,BASELINE,345600
"SM11/OCT Biopsy Tumor",9,PROCEDURE,,
"Unscheduled Week 12",9,UNSCHEDULED,,
"Follow Up Visit 5 Year 3",9,FOLLOW_UP,END_OF_TREATMENT,94608000
"Visit 53 Week 478",9,ON_TREATMENT,BASELINE,289094400
"60 Day Follow Up",9,FOLLOW_UP,,
"Group 4 Day 7",9,,,
"Week 252",9,ON_TREATMENT,BASELINE,152409600
"12WK FOLLOW UP #7",9,FOLLOW_UP,,
"Day -28",9,ON_TREATMENT,BASELINE,2419200
"Supplemental Week 16",9,ON_TREATMENT,BASELINE,9676800
"Day 5 0h  C-High",9,ON_TREATMENT,BASELINE,432000
"C9D1OLEVF",9,ON_TREATMENT,CYCLE_9,0
"2MPT",9,,,
"CAPCTDNAW102",9,ON_TREATMENT,BASELINE,61689600
"V02.4",9,ON_TREATMENT,,
"30 Day Follow Up",9,FOLLOW_UP,,
"C17D1D",9,ON_TREATMENT,CYCLE_17,0
"Day 2 0h  C-High",9,ON_TREATMENT,BASELINE,172800
"Optional Tissue Biop",9,,,
"MAD Day 28",9,,,
"Day 5 0h  D-Mid",9,ON_TREATMENT,BASELINE,432000
"FU 168 WEEKS",9,FOLLOW_UP,,
"Day 4 0h  C-Mid",9,ON_TREATMENT,BASELINE,345600
"SAFETY FOLLOW UP/ET",9,FOLLOW_UP,,
"Part 2 Early Termination",9,END_OF_TREATMENT,,
"FUT3",9,,,
"Part 2 Cycle 18 Day 1",9,ON_TREATMENT,CYCLE_18,0
"Cycle 48 Day 22 to 28",9,ON_TREATMENT,CYCLE_48,1814400
"Day169",9,ON_TREATMENT,BASELINE,14601600
"Week 73 Day 505",9,ON_TREATMENT,BASELINE,44150400
"D1BSL",9,ON_TREATMENT,BASELINE,86400
"Day 1 4h  C-Mid",9,ON_TREATMENT,BASELINE,86400
"On-Study Tissue Biopsy",9,PROCEDURE,,
"Week 7 D43",9,ON_TREATMENT,BASELINE,4233600
"V05.22",9,ON_TREATMENT,,
"Cycle 25 Day 5",9,ON_TREATMENT,CYCLE_25,345600
"Day 1 Post Explantation",9,ON_TREATMENT,BASELINE,86400
"SCHEDULED. COHORT G SCREENING",9,SCREENING,SCREENING,0
"MAD Day 7 6h",9,,,
"Tumor Assess W68",9,ON_TREATMENT,BASELINE,41126400
"Day 8 - 12hr Post-Dose",9,ON_TREATMENT,BASELINE,691200
"Month 75 Follow Up",9,FOLLOW_UP,END_OF_TREATMENT,194400000
"Cycle 4 Day 18",9,ON_TREATMENT,CYCLE_4,1468800
"CYC3_D15",9,ON_TREATMENT,CYCLE_3,1209600
"Day 14/56",9,ON_TREATMENT,BASELINE,1209600
"Optional Infusion Visit",9,ON_TREATMENT,,
"2 MONTHS",9,ON_TREATMENT,BASELINE,5184000
"Week 12 Retest",9,ON_TREATMENT,BASELINE,7257600
"C4D2 3HR",9,ON_TREATMENT,CYCLE_4,97200
"C29D28",9,ON_TREATMENT,CYCLE_29,2332800
"7h",9,,,
"Baseline/V2/Maternal",9,BASELINE,BASELINE,0
"Day 8 0h  B-Low",9,ON_TREATMENT,BASELINE,691200
"Visit 12 Day 85",9,ON_TREATMENT,,
"Maintenance Month 12",9,ON_TREATMENT,BASELINE,31104000
"C16D1D",9,ON_TREATMENT,CYCLE_16,0
"C4D1 PRE P2",9,ON_TREATMENT,CYCLE_4,0
"12WK FOLLOW UP #5",9,FOLLOW_UP,,
"Day 11 - 72hr Post-Dose",9,ON_TREATMENT,BASELINE,950400
"Day 1 8h  A-High",9,ON_TREATMENT,BASELINE,86400
"OTHER",9,NOT_SPECIFIED,,
"Day 1 0.25H",9,ON_TREATMENT,BASELINE,86400
"Cohort E-H Archival Fresh Tumor",9,ARCHIVAL,,
"Early Termination Week 56",9,END_OF_TREATMENT,,
"Day 10 0h  B-Mid",9,ON_TREATMENT,BASELINE,864000
"Response or Disease Progression",9,DISEASE_PROGRESSION,,
"Day 1 - 7hr Post-Dose (Pre-Dialyzer/Arterial)",9,ON_TREATMENT,BASELINE,86400
"SMART_Vex2",9,,,
"Follow-Up Week 120",9,FOLLOW_UP,END_OF_TREATMENT,72576000
"Retreat 4 wk 24",9,ON_TREATMENT,BASELINE,14515200
"Consolidation Cycle 1 Day 29 to Day 42",9,ON_TREATMENT,CYCLE_1,2419200
"Cycle 99 Day 1",9,ON_TREATMENT,CYCLE_99,0
"C1D18/D19",9,ON_TREATMENT,CYCLE_1,1468800
"FU 156 WEEKS",9,FOLLOW_UP,,
"B-cell Monitoring Visit 4",9,,,
"Retest Cycle 10 Week 12",9,UNSCHEDULED,,
"Day 1 2h  C-Mid",9,ON_TREATMENT,BASELINE,86400
"UDNAC16",9,,,
"C30D1 PREDOSE",9,ON_TREATMENT,CYCLE_30,0
"Day 11 .5h  B-High",9,ON_TREATMENT,BASELINE,950400
"RD1",9,,,
"Retest C1D15",9,UNSCHEDULED,,
"Monotherapy Phase End of Cycle 14",9,,,
"Part 2 Cycle 15 Day 1",9,ON_TREATMENT,CYCLE_15,0
"ARM B/F/G C6D15",9,ON_TREATMENT,CYCLE_6,1209600
"Day 11 6h  B-High",9,ON_TREATMENT,BASELINE,950400
"SM03 Archival",9,ARCHIVAL,,
"Cycle 7 Day 8 (Arm AB)",9,ON_TREATMENT,CYCLE_7,604800
"Visit 6 Day 60",9,ON_TREATMENT,,
"Week 4 Retest",9,ON_TREATMENT,BASELINE,2419200
"Group 1 Day 7",9,,,
"C1D11DE",9,ON_TREATMENT,CYCLE_1,864000
"Month 26",9,ON_TREATMENT,BASELINE,67392000
"Day 7 0h  D-Mid",9,ON_TREATMENT,BASELINE,604800
"Cycle 3 Day 26",9,ON_TREATMENT,CYCLE_3,2160000
"Retest Week 40",9,UNSCHEDULED,,
"Group 1 Day 10",9,,,
"Q16W Week 25",9,ON_TREATMENT,BASELINE,15120000
"48 Month Post Treatment",9,FOLLOW_UP,,
"Post-Tx Follow-Up Period (Q1M6)",9,FOLLOW_UP,,
"Cycle 2 Day 16",9,ON_TREATMENT,CYCLE_2,1296000
"DISEASE_PROGRESSION",9,DISEASE_PROGRESSION,,
"Part 3 Day 9",9,,,
"Week 41 Day 281 - Mobile Nursing",9,ON_TREATMENT,BASELINE,24796800
"Visit 4 Day 7",9,ON_TREATMENT,,
"FU.YEAR2",9,ON_TREATMENT,BASELINE,63072000
"V05.31",9,ON_TREATMENT,,
"Implant Month 34",9,PROCEDURE,,
"UNSCH C10D1",9,UNSCHEDULED,,
"Mid-Treatment Response Assessment Cycle 4 Day 23",9,ON_TREATMENT,CYCLE_4,1900800
"V04.31",9,ON_TREATMENT,,
"Day 1 2h  D-Mid",9,ON_TREATMENT,BASELINE,86400
"FUT7",9,,,
"Week 1 Day 1 Prior to dose",9,ON_TREATMENT,BASELINE,604800
"TMA core control",9,,,
"C3D1AB",9,ON_TREATMENT,CYCLE_3,0
"Cycle 1 Day 16 Expansion",9,ON_TREATMENT,CYCLE_1,1296000
"2 WEEKS",9,,,
"4 Hrs Postdose",9,ON_TREATMENT,,
"Day113",9,ON_TREATMENT,BASELINE,9763200
"FU wk 180",9,FOLLOW_UP,,
"Postop D1",9,,,
"12 Week Follow Up Week 1",9,FOLLOW_UP,END_OF_TREATMENT,604800
"Retest M6",9,UNSCHEDULED,,
"Bx 4-6 weeks",9,,,
"Day 2 0h  A-Mid",9,ON_TREATMENT,BASELINE,172800
"19 / Day 5 0.5h",9,,,
"Cycle 29 Day 5",9,ON_TREATMENT,CYCLE_29,345600
"W4SUPP",9,ON_TREATMENT,BASELINE,2419200
"Part 2 Unscheduled",9,UNSCHEDULED,,
"C4D1S1",9,ON_TREATMENT,CYCLE_4,0
"Day 7 4h  A-Mid",9,ON_TREATMENT,BASELINE,604800
"Follow Up Visit 3 Year 2",9,FOLLOW_UP,END_OF_TREATMENT,63072000
"Period 1 Day 26",9,ON_TREATMENT,,
"Cycle 17 Day 6",9,ON_TREATMENT,CYCLE_17,432000
"CYCLE5_DAY2",9,ON_TREATMENT,CYCLE_5,86400
"MAD Day 16",9,,,
"MONTH1",9,ON_TREATMENT,BASELINE,2592000
"Retest Week 108",9,UNSCHEDULED,,
"C19D28",9,ON_TREATMENT,CYCLE_19,2332800
"Cycle 8 Day 1 Predose",9,ON_TREATMENT,CYCLE_8,0
"S2ABC Screening",9,SCREENING,SCREENING,0
"Day 999",9,ON_TREATMENT,BASELINE,86313600
"Part 1 Cycle 22 Day 1",9,ON_TREATMENT,CYCLE_22,0
"Part 2 Cycle 9 Day 1",9,ON_TREATMENT,CYCLE_9,0
"CYC1_D15",9,ON_TREATMENT,CYCLE_1,1209600
"Day 1 3H",9,ON_TREATMENT,BASELINE,86400
"On TX BM Asp/Biopsy",9,PROCEDURE,,
"Cycle 2 Day 15 - Cycle 3 Day 1",9,ON_TREATMENT,CYCLE_2,1209600
"Mobile Nursing Gestational Week 35 Maternal",9,ON_TREATMENT,BASELINE,21168000
"Cycle 24A Day 1",9,,,
"C1D15S2",9,ON_TREATMENT,CYCLE_1,1209600
"Day 7 .5h  A-Mid",9,ON_TREATMENT,BASELINE,604800
"UDNAC2X",9,,,
"Day 1 - 7hr Post-Dose (Post-Dialyzer/Venous)",9,ON_TREATMENT,BASELINE,86400
"Cycle 1 Day 10 Retreatment",9,ON_TREATMENT,CYCLE_1,777600
"Implant Post Refill Month 23 Day 7",9,PROCEDURE,,
"Retest Cycle 7 Week 12",9,UNSCHEDULED,,
"C3D2D",9,ON_TREATMENT,CYCLE_3,86400
"Archival, Day -2123",9,ARCHIVAL,,
"23 / Day 5 4h",9,,,
"WK 104 RE-TRT 6 (or WITHDRAWAL)",9,END_OF_TREATMENT,,
"Safety Follow Up Visit 5",9,FOLLOW_UP,,
"TUMOR BIOPSY SM24",9,PROCEDURE,,
"Group 1 Day 15",9,,,
"C3 1st Dosing Day",9,,,
"C4D2 PRE",9,ON_TREATMENT,CYCLE_4,86400
"QW C2 D1",9,ON_TREATMENT,CYCLE_2,0
"VISIT3/M36",9,ON_TREATMENT,,
"Day 7 1h  A-Mid",9,ON_TREATMENT,BASELINE,604800
"Q3W C3 D1",9,ON_TREATMENT,CYCLE_3,0
"Group 2 Day 10",9,,,
"C1D8 192HR P1A PVER6",9,ON_TREATMENT,CYCLE_1,1296000
"84 WEEKS (CYCLE 29)",9,,,
"Tumor Assessment Week 63",9,ON_TREATMENT,BASELINE,38102400
"End of Treatment Safety Visit",9,END_OF_TREATMENT,,
"Timepoint 2",9,,,
"DBT Premature Discontinuation",9,END_OF_TREATMENT,,
"Cycles 3-6 Day 1",9,,,
"C12A",9,,,
"Week 28 Part 4",9,ON_TREATMENT,BASELINE,16934400
"D3 FESFAST",8,ON_TREATMENT,BASELINE,259200
"ARM A/C/D/E C13D1",8,ON_TREATMENT,CYCLE_13,0
"UNSCH/RETEST C3D1",8,UNSCHEDULED,,
"Week 91 Day 637",8,ON_TREATMENT,BASELINE,55036800
"Week 22 Follow Up",8,FOLLOW_UP,END_OF_TREATMENT,13305600
"12-24 hour",8,,,
"PROGRESSION",8,DISEASE_PROGRESSION,,
"Checkup",8,,,
"Mid-Treatment Response Assessment Cycle 4 Day 21",8,ON_TREATMENT,CYCLE_4,1728000
"5DP-C4D1",8,ON_TREATMENT,CYCLE_4,0
"Week 39 Day 273",8,ON_TREATMENT,BASELINE,23587200
"Day 4 0h  D-Low",8,ON_TREATMENT,BASELINE,345600
"Day 5 2h  B-High",8,ON_TREATMENT,BASELINE,432000
"PD_DAY1",8,,,
"3M",8,,,
"Visit 3 Week 12",8,ON_TREATMENT,BASELINE,7257600
"Cycle 23 Day 6",8,ON_TREATMENT,CYCLE_23,432000
"C6D1S1",8,ON_TREATMENT,CYCLE_6,0
"Day 1 - 6hr Post-Dose (Post-Dialyzer/Venous)",8,ON_TREATMENT,BASELINE,86400
"OL Week 3",8,ON_TREATMENT,BASELINE,1814400
"UDNAC19",8,,,
"Month 81 Follow Up",8,FOLLOW_UP,END_OF_TREATMENT,209952000
"W136",8,ON_TREATMENT,BASELINE,82252800
"MADP Day 1 6h",8,,,
"RETEST - C8D1",8,UNSCHEDULED,,
"Day 28-29",8,ON_TREATMENT,BASELINE,2419200
"FU_WEEK78",8,FOLLOW_UP,,
"Food EP Day 1 0h",8,,,
"Day 7 12h  C-High",8,ON_TREATMENT,BASELINE,604800
"D1D18TOD19",8,ON_TREATMENT,BASELINE,86400
"Day 1 Post-TCZ Treatment",8,ON_TREATMENT,BASELINE,86400
"12 Week Follow Up Week 56",8,FOLLOW_UP,END_OF_TREATMENT,33868800
"Food EP Day 1 .5h",8,,,
"V01.20",8,ON_TREATMENT,,
"Implant Post Refill Month 24 Day 7",8,PROCEDURE,,
"Day 5 2h  B-Low",8,ON_TREATMENT,BASELINE,432000
"Cycle 1 Day 15 Retest",8,ON_TREATMENT,CYCLE_1,1209600
"UNSCH/RETEST C5D1 PR",8,UNSCHEDULED,,
"EOT-B",8,,,
"Day 7 1h  D-High",8,ON_TREATMENT,BASELINE,604800
"Day 14 0.5H",8,ON_TREATMENT,BASELINE,1209600
"Fresh Bx Blood Collection",8,,,
"Week 12 Day 84 Unscheduled or Retest",8,UNSCHEDULED,,
"Up Titration 1 Week 1",8,ON_TREATMENT,BASELINE,604800
"Group 4 Day 25",8,,,
"Unscheduled Week 2",8,UNSCHEDULED,,
"Week 279 on treatment",8,ON_TREATMENT,BASELINE,168739200
"D1ADDOC01",8,ON_TREATMENT,BASELINE,86400
"Day 1 0h  A-High",8,ON_TREATMENT,BASELINE,86400
"C3D3F 0.5 HOURS POST 5-FU",8,ON_TREATMENT,CYCLE_3,190800
"Day 6 0h  D-Low",8,ON_TREATMENT,BASELINE,518400
"Cycle 28A Day 1",8,,,
"Day 7 12h  D-Low",8,ON_TREATMENT,BASELINE,604800
"Week 244",8,ON_TREATMENT,BASELINE,147571200
"UNSCH/RETEST C44D1",8,UNSCHEDULED,,
"RUN-IN D21 PRE G2",8,BASELINE,BASELINE,0
"D3 FESHIGH",8,ON_TREATMENT,BASELINE,259200
"Day 2 0h  C-Low",8,ON_TREATMENT,BASELINE,172800
"Run-In Day 22",8,BASELINE,BASELINE,0
"DISC5R",8,END_OF_TREATMENT,,
"PDSWK76",8,ON_TREATMENT,BASELINE,45964800
"C1D1Pre",8,ON_TREATMENT,CYCLE_1,0
"Group 1 Day 25",8,,,
"Study Tx",8,,,
"UNSCH4",8,UNSCHEDULED,,
"Cycle 24 Day 2",8,ON_TREATMENT,CYCLE_24,86400
"Day 3 0h  A-Mid",8,ON_TREATMENT,BASELINE,259200
"Unscheduled 9",8,UNSCHEDULED,,
"D49",8,ON_TREATMENT,BASELINE,4233600
"Safety Follow Up Visit 6",8,FOLLOW_UP,,
"negative control",8,,,
"Part 1 Follow Up",8,FOLLOW_UP,,
"EOM FL",8,,,
"Cycle 34 Day 22 to 28",8,ON_TREATMENT,CYCLE_34,1814400
"EW",8,,,
"Day 7 2h  C-Mid",8,ON_TREATMENT,BASELINE,604800
"Week 300",8,ON_TREATMENT,BASELINE,181440000
"Safety Follow-Up SFUW108",8,FOLLOW_UP,END_OF_TREATMENT,65318400
"Visit 43 Week 304",8,ON_TREATMENT,BASELINE,183859200
"CAPCTDNAW8",8,ON_TREATMENT,BASELINE,4838400
"Day 1 8h  D-High",8,ON_TREATMENT,BASELINE,86400
"Day 4 0h  D-Mid",8,ON_TREATMENT,BASELINE,345600
"C72AD1",8,,,
"Part II C1D1 PRE BEV",8,ON_TREATMENT,CYCLE_1,0
"Day 8 - 2.5hr Post-Dose",8,ON_TREATMENT,BASELINE,691200
"Day 1 -  5hr Post-Dose",8,ON_TREATMENT,BASELINE,86400
"Follow Up Week 24",8,FOLLOW_UP,END_OF_TREATMENT,14515200
"CYCLE27_DAY8",8,ON_TREATMENT,CYCLE_27,604800
"Day 20 Pre-dose",8,ON_TREATMENT,BASELINE,1728000
"24 / Day 5 6h",8,,,
"Period 1 Day 40",8,ON_TREATMENT,,
"Group 1 Day 20",8,,,
"Day 7 24h  D-High",8,ON_TREATMENT,BASELINE,604800
"Mandatory Fresh Biopsy Prior to Cycle 4",8,PROCEDURE,,
"Survival Follow-Up Week 24",8,FOLLOW_UP,END_OF_TREATMENT,14515200
"Early Termination Week 92",8,END_OF_TREATMENT,,
"Implant Post Refill Month 25 Day 7",8,PROCEDURE,,
"D211",8,ON_TREATMENT,BASELINE,18230400
"Cycle 8 Day 7",8,ON_TREATMENT,CYCLE_8,518400
"VISXSUPP",8,,,
"DAY6 120HR-POST 1",8,ON_TREATMENT,BASELINE,518400
"Unscheduled Week 80",8,UNSCHEDULED,,
"Unscheduled or Retest Week 36",8,UNSCHEDULED,,
"S2AC2-3D15",8,,,
"Group 1 Day 12",8,,,
"Follow Up Visit 2 Month 45",8,FOLLOW_UP,END_OF_TREATMENT,116640000
"V04.32",8,ON_TREATMENT,,
"DDI Day 10 6h",8,,,
"VEGF",8,,,
"EarlyTermination",8,,,
"Day 6 0h  C-Mid",8,ON_TREATMENT,BASELINE,518400
"RUVST",8,,,
"Optional Tissue Kit FL/DLBCL",8,,,
"RT6",8,,,
"Day 1 6h  C-Mid",8,ON_TREATMENT,BASELINE,86400
"C1D18DE",8,ON_TREATMENT,CYCLE_1,1468800
"Tumor Assessment Week 8",8,ON_TREATMENT,BASELINE,4838400
"Week 4 RO",8,ON_TREATMENT,BASELINE,2419200
"DDI Day 10 30m",8,,,
"Retest Week 72",8,UNSCHEDULED,,
"DDI Day 9",8,,,
"Follow Up Year 2",8,FOLLOW_UP,END_OF_TREATMENT,63072000
"RESCEU_Vex_induced",8,,,
"C35D1A",8,ON_TREATMENT,CYCLE_35,0
"FU1",8,FOLLOW_UP,,
"UNSCH/RETEST C11D1",8,UNSCHEDULED,,
"Induction Cycle 1 Day 29 to Day 42",8,ON_TREATMENT,CYCLE_1,2419200
"Following Treated Bleed 4 - Mobile Nursing",8,,,
"AC1D1",8,ON_TREATMENT,CYCLE_1,0
"Day 1 2h  D-High",8,ON_TREATMENT,BASELINE,86400
"Follow Up Week 180",8,FOLLOW_UP,END_OF_TREATMENT,108864000
"V05.3",8,ON_TREATMENT,,
"Consolidation Cycle 11",8,,,
"Cycle 4 Day 1 Arm C",8,ON_TREATMENT,CYCLE_4,0
"Week 12 Day 5",8,ON_TREATMENT,BASELINE,7257600
"Cycle 7 Day 6",8,ON_TREATMENT,CYCLE_7,432000
"Mock Community Positive Control",8,,,
"Implant Early Termination",8,END_OF_TREATMENT,,
"Week 21 Follow Up",8,FOLLOW_UP,END_OF_TREATMENT,12700800
"SRL BX WK6 (C2D15-21)",8,ON_TREATMENT,CYCLE_2,1209600
"Day 7 4h  A-Low",8,ON_TREATMENT,BASELINE,604800
"WK22V9",8,ON_TREATMENT,BASELINE,13305600
"12WK FOLLOW UP #8",8,FOLLOW_UP,,
"Week 0 Day 1 Unscheduled",8,UNSCHEDULED,,
"Day 1 12h  C-High",8,ON_TREATMENT,BASELINE,86400
"Week 28 Day 197 Unscheduled",8,UNSCHEDULED,,
"Week 38 Follow Up",8,FOLLOW_UP,END_OF_TREATMENT,22982400
"Day 1 12h  A-High",8,ON_TREATMENT,BASELINE,86400
"Cycle 32A Day 1",8,,,
"Part 1 Day 3",8,,,
"Group 4 Day 4",8,,,
"Safety Event",8,,,
"Week 48 Retest",8,ON_TREATMENT,BASELINE,29030400
"Cycle 15 Day 2",8,ON_TREATMENT,CYCLE_15,86400
"C1D9B",8,ON_TREATMENT,CYCLE_1,691200
"D1 8Hr Post dose",8,ON_TREATMENT,BASELINE,86400
"Day 9 - 36hr Post-Dose",8,ON_TREATMENT,BASELINE,777600
"Week 172SUPP",8,ON_TREATMENT,BASELINE,104025600
"C3 Tumor Bx",8,,,
"Day 7 4h  A-High",8,ON_TREATMENT,BASELINE,604800
"Month 41 Follow Up",8,FOLLOW_UP,END_OF_TREATMENT,106272000
"MONOTHERAPY10",8,,,
"Cycle 91 Day 1",8,ON_TREATMENT,CYCLE_91,0
"Unscheduled UNSCH3",8,UNSCHEDULED,,
"M22",8,,,
"C4D1 30MIN",8,ON_TREATMENT,CYCLE_4,0
"DDI Day 10 4h",8,,,
"FUP11Y5",8,,,
"SM Screen",8,,,
"Post Treatment Day 3",8,FOLLOW_UP,,
"C19D1D",8,ON_TREATMENT,CYCLE_19,0
"C24D1A",8,ON_TREATMENT,CYCLE_24,0
"Implant Month 31",8,PROCEDURE,,
"Day 1 12h  A-Mid",8,ON_TREATMENT,BASELINE,86400
"Cycle 13 Day 6",8,ON_TREATMENT,CYCLE_13,432000
"C5/D1 30 MIN",8,ON_TREATMENT,CYCLE_5,0
"M8",8,,,
"Day 7 24h  C-Mid",8,ON_TREATMENT,BASELINE,604800
"Group 1 Day 2",8,,,
"FU wk 168",8,FOLLOW_UP,,
"Cycle 1: Day 4: 72hr",8,,,
"Day 6 0h  A-High",8,ON_TREATMENT,BASELINE,518400
"MTD_DAY2",8,,,
"Post Treatment Day 28",8,FOLLOW_UP,,
"Tumor Assessment Week 102",8,ON_TREATMENT,BASELINE,61689600
"Cytokine Release Syndrome Day 2",8,,,
"Cycle 2: Day 15: 336",8,,,
"P2A Early Terminatio",8,,,
"D15  Hr Postdose",8,ON_TREATMENT,BASELINE,1296000
"VISIT 49 UNSCH / RETEST",8,ON_TREATMENT,,
"Part A Week 5 Day 1",8,ON_TREATMENT,BASELINE,3024000
"Visit 4/Infant",8,ON_TREATMENT,,
"Week 208 or DO 1",8,ON_TREATMENT,BASELINE,125798400
"Day 7 6h  A-Mid",8,ON_TREATMENT,BASELINE,604800
"192-216 hour",8,,,
"MAD Day 8",8,,,
"On-TX",8,,,
"pre (0 hr)",8,,,
"ATEZO PK/BIOM DAY 1 CYCLES 2+",8,,,
"post (0 hr)",8,,,
"WK20 D140 PT2",8,ON_TREATMENT,BASELINE,12096000
"Day 5 0h  D-High",8,ON_TREATMENT,BASELINE,432000
"C5D1 -0.17H",8,ON_TREATMENT,CYCLE_5,61200
"Day 8 0h  B-High",8,ON_TREATMENT,BASELINE,691200
"Tumor Assessment Week 123",8,ON_TREATMENT,BASELINE,74390400
"SADP Day 1 4h",8,,,
"Day 1 .5h  C-High",8,ON_TREATMENT,BASELINE,86400
"Post Treatment Day 8",8,FOLLOW_UP,,
"WEEK120",8,ON_TREATMENT,BASELINE,72576000
"D260",8,ON_TREATMENT,BASELINE,22464000
"Day 105",8,ON_TREATMENT,BASELINE,9072000
"Week 6 Day 1 6 hrs post dose",8,ON_TREATMENT,BASELINE,3628800
"PDSWK28",8,ON_TREATMENT,BASELINE,16934400
"CYCLE 93 DAY 1",8,ON_TREATMENT,CYCLE_93,0
"UDNAC1X",8,,,
"C16D1F",8,ON_TREATMENT,CYCLE_16,0
"Day 1 0h  A-Mid",8,ON_TREATMENT,BASELINE,86400
"Week 72 Follow Up Unscheduled or Retest",8,UNSCHEDULED,,
"Q3W C1 D2",8,ON_TREATMENT,CYCLE_1,86400
"C40D1A",8,ON_TREATMENT,CYCLE_40,0
"UNSCH C7D1",8,UNSCHEDULED,,
"B: C1D1: 8hr",8,ON_TREATMENT,CYCLE_1,28800
"RT 8 DAY 1",7,ON_TREATMENT,CYCLE_8,0
"V03.41",7,ON_TREATMENT,,
"Day 14 3H",7,ON_TREATMENT,BASELINE,1209600
"Group 3 Day 7",7,,,
"Day 10 0h  B-Low",7,ON_TREATMENT,BASELINE,864000
"C3D3F 5-FU 1HR POST",7,ON_TREATMENT,CYCLE_3,176400
"Cycle 3 Day 1 Arm C",7,ON_TREATMENT,CYCLE_3,0
"Day 1 8h  C-Low",7,ON_TREATMENT,BASELINE,86400
"SM1 C3D8-D21",7,ON_TREATMENT,CYCLE_3,604800
"Implant Post Refill Month 1 Day 1",7,PROCEDURE,,
"M2D28",7,,,
"Fresh C2D15-28",7,ON_TREATMENT,CYCLE_2,1209600
"Follow Up Visit 2 Month 3",7,FOLLOW_UP,END_OF_TREATMENT,7776000
"Day 7 24h  D-Low",7,ON_TREATMENT,BASELINE,604800
"ARM A/C/D/E C19D1",7,ON_TREATMENT,CYCLE_19,0
"OL Day 15 RT6D15",7,,,
"Pre dose",7,ON_TREATMENT,,
"RETEST BASELINE",7,BASELINE,BASELINE,0
"Draw D",7,,,
"Day 120 Post Last Dose Atezo",7,ON_TREATMENT,BASELINE,10368000
"Retest W3",7,UNSCHEDULED,,
"CYCLE30_DAY8",7,ON_TREATMENT,CYCLE_30,604800
"EOT Disease Progress",7,,,
"Monotherapy Phase End of Cycle 20",7,,,
"C31D28",7,ON_TREATMENT,CYCLE_31,2332800
"WK 72 RE-TRT 5",7,ON_TREATMENT,BASELINE,43545600
"Screening (Day -7)",7,SCREENING,SCREENING,0
"15 Month Follow Up",7,FOLLOW_UP,,
"RT 6 DAY 15",7,ON_TREATMENT,CYCLE_6,1209600
"Day 7 8h  D-High",7,ON_TREATMENT,BASELINE,604800
"M2D14",7,,,
"Unplanned 9002",7,,,
"Part 1 Cycle 20 Day 1",7,ON_TREATMENT,CYCLE_20,0
"Implant Month 36",7,PROCEDURE,,
"Cycle 12 Day 1 Retreatment",7,ON_TREATMENT,CYCLE_12,0
"Q3W C5 D1",7,ON_TREATMENT,CYCLE_5,0
"Day 15 Predose",7,ON_TREATMENT,BASELINE,1296000
"Day 231",7,ON_TREATMENT,BASELINE,19958400
"MADP Day 5 0h",7,,,
"Week 147",7,ON_TREATMENT,BASELINE,88905600
"MADP Day 1 8h",7,,,
"Day 8 - 4hr Post-Dose",7,ON_TREATMENT,BASELINE,691200
"Infusion-Related Reaction",7,ON_TREATMENT,,
"MADP Day 7 .5h",7,,,
"S1C1D26",7,ON_TREATMENT,CYCLE_1,2160000
"Part 1 Cycle 1 Day 15",7,ON_TREATMENT,CYCLE_1,1209600
"Day 8 - 8hr Post-Dose",7,ON_TREATMENT,BASELINE,691200
"MTD_DAY30",7,,,
"Day 5 6h  B-Low",7,ON_TREATMENT,BASELINE,432000
"Tumor Assessment Week 48",7,ON_TREATMENT,BASELINE,29030400
"Cycle 2 Day 8 - 21",7,ON_TREATMENT,CYCLE_2,604800
"Retest M2",7,UNSCHEDULED,,
"C8D1AB",7,ON_TREATMENT,CYCLE_8,0
"D1OLE06",7,ON_TREATMENT,BASELINE,86400
"Day 14 12H",7,ON_TREATMENT,BASELINE,1209600
"Day 7 .5h  D-Low",7,ON_TREATMENT,BASELINE,604800
"JML",7,,,
"SM12/FRESH TUMOR FFPE - FRESH FFPE 1. FRESH FFPE 1",7,,,
"WEEK 153",7,ON_TREATMENT,BASELINE,92534400
"Temozolomide Treatment Break Cycle 2 Day 43",7,ON_TREATMENT,CYCLE_2,3628800
"Retreat 5 Day 1",7,,,
"Week 216 Double Blind Period",7,ON_TREATMENT,BASELINE,130636800
"Cycle 1 Day 1 Control Arm",7,ON_TREATMENT,CYCLE_1,0
"4WK FOLLOW UP #3",7,FOLLOW_UP,,
"Visit 4a Day 21",7,ON_TREATMENT,,
"45 Month Follow Up",7,FOLLOW_UP,,
"Week 104 Day 728",7,ON_TREATMENT,BASELINE,62899200
"Day 1 .5h  D-Mid",7,ON_TREATMENT,BASELINE,86400
"Cycle 13 Day 3",7,ON_TREATMENT,CYCLE_13,172800
"S2BCC22D1",7,ON_TREATMENT,CYCLE_22,0
"VISIT 47 UNSCH / RETEST",7,ON_TREATMENT,,
"GDC-9545 (Gire) Control Arm C2D1",7,ON_TREATMENT,CYCLE_2,0
"End of Induction Cycle 6 Day 23",7,ON_TREATMENT,CYCLE_6,1900800
"MAD Day 6",7,,,
"Cycle 8 Treatment Week 12 Post Day 1 Infusion",7,ON_TREATMENT,BASELINE,7257600
"WK2 D14 4H P1",7,ON_TREATMENT,BASELINE,1209600
"Day 7 8h  D-Low",7,ON_TREATMENT,BASELINE,604800
"Month 21",7,ON_TREATMENT,BASELINE,54432000
"Period 1 Day 23",7,ON_TREATMENT,,
"Cycle 4A Day 1",7,,,
"WEEK_315_ON_TX",7,ON_TREATMENT,BASELINE,190512000
"DDI Day 10 3h",7,,,
"Day 11 4h  B-High",7,ON_TREATMENT,BASELINE,950400
"Post surgery",7,PROCEDURE,,
"Week 17 Day 113 - Mobile Nursing",7,ON_TREATMENT,BASELINE,10281600
"Day 1 - 6hr Post-Dose (Pre-Dialyzer/Arterial)",7,ON_TREATMENT,BASELINE,86400
"C96D1",7,ON_TREATMENT,CYCLE_96,0
"Clinical Samples Pre",7,,,
"Day 7 12h  C-Mid",7,ON_TREATMENT,BASELINE,604800
"Period 1 Day 54",7,ON_TREATMENT,,
"24 hours",7,,,
"3 months after last dose",7,ON_TREATMENT,BASELINE,7776000
"FU wk 192",7,FOLLOW_UP,,
"21 / Day 5 2h",7,,,
"Archival. PREDOSE.",7,ARCHIVAL,,
"Day 7 1h  C-High",7,ON_TREATMENT,BASELINE,604800
"Q3W C1 D8",7,ON_TREATMENT,CYCLE_1,604800
"DAY 337",7,ON_TREATMENT,BASELINE,29116800
"1 MONTH",7,ON_TREATMENT,BASELINE,2592000
"Period 2 Day 13",7,ON_TREATMENT,,
"WEEK_342_ON_TX",7,ON_TREATMENT,BASELINE,206841600
"Day 8 - 16hr Post-Dose",7,ON_TREATMENT,BASELINE,691200
"Early Termination Week 68",7,END_OF_TREATMENT,,
"Day 60 Post Explantation",7,ON_TREATMENT,BASELINE,5184000
"Post treatment visit 16",7,FOLLOW_UP,,
"MAD Day 3",7,,,
"QW C2 D8",7,ON_TREATMENT,CYCLE_2,604800
"Day 5 12h  B-High",7,ON_TREATMENT,BASELINE,432000
"Day 1 6h  A-High",7,ON_TREATMENT,BASELINE,86400
"C7D1A",7,ON_TREATMENT,CYCLE_7,0
"C2D1 30MIN",7,ON_TREATMENT,CYCLE_2,0
"Cycle 89 Day 1",7,ON_TREATMENT,CYCLE_89,0
"Day 7 12h  D-High",7,ON_TREATMENT,BASELINE,604800
"Cycle 20A Day 1",7,,,
"Week 6 Delayed",7,ON_TREATMENT,BASELINE,3628800
"D1 2Hr Post dose",7,ON_TREATMENT,BASELINE,86400
"SADP Day 4 72h",7,,,
"C3D3F 1 HOUR POST 5-FU",7,ON_TREATMENT,CYCLE_3,176400
"C2D1 PRE P1A",7,ON_TREATMENT,CYCLE_2,0
"C3D3F 5-FU 0.5HR POST",7,ON_TREATMENT,CYCLE_3,190800
"C1D15Pre",7,ON_TREATMENT,CYCLE_1,1209600
"C3D3F IRIN 1HR POST 5-FU",7,ON_TREATMENT,CYCLE_3,176400
"Week 27 Retest",7,ON_TREATMENT,BASELINE,16329600
"C17/D1 30 MIN",7,ON_TREATMENT,CYCLE_17,0
"Cycle 12 Day 1 Predose",7,ON_TREATMENT,CYCLE_12,0
"Day 1 1h  A-Low",7,ON_TREATMENT,BASELINE,86400
"D29 2Hr Postdose",7,ON_TREATMENT,BASELINE,2505600
"SFUBCELL48WKS",7,,,
"Period 1 Day 22",7,ON_TREATMENT,,
"Consolidation Cycle 2 Day 29 to Day 42",7,ON_TREATMENT,CYCLE_2,2419200
"COMPWK88",7,ON_TREATMENT,BASELINE,53222400
"Study Follow-Up / End of Study Visit 2",7,END_OF_TREATMENT,,
"Unscheduled Week 76",7,UNSCHEDULED,,
"B: C1D2: Pre",7,ON_TREATMENT,CYCLE_1,86400
"C34D1 PREDOSE",7,ON_TREATMENT,CYCLE_34,0
"Week 4 Unscheduled",7,UNSCHEDULED,,
"Retreat Study Termination",7,,,
"TCZ Treatment Day",7,ON_TREATMENT,,
"On Treatment Day 76",7,ON_TREATMENT,,
"Run In Day 21 Predose",7,BASELINE,BASELINE,0
"Day 11 - 240hr Post-Dose",7,ON_TREATMENT,BASELINE,950400
"Unscheduled Week 116",7,UNSCHEDULED,,
"Month 11 Follow Up",7,FOLLOW_UP,END_OF_TREATMENT,28512000
"V06.10",7,ON_TREATMENT,,
"SCRN_BASELINE BIOPSY",7,SCREENING,SCREENING,0
"C1D16DE",7,ON_TREATMENT,CYCLE_1,1296000
"CSF FUP1 WEEK 208",7,ON_TREATMENT,BASELINE,125798400
"Tumor Assess W108",7,ON_TREATMENT,BASELINE,65318400
"B: C1D5: 8hr",7,ON_TREATMENT,CYCLE_1,374400
"RETEST Study Follow-up 1",7,UNSCHEDULED,,
"144-168 hour",7,,,
"Archival, Day 1607",7,ARCHIVAL,,
"C2D1Pre",7,ON_TREATMENT,CYCLE_2,0
"1LTXMEV914",7,,,
"ARM B/F/G C18D1",7,ON_TREATMENT,CYCLE_18,0
"FU wk 204",7,FOLLOW_UP,,
"Part 2 Cycle 19 Day 1",7,ON_TREATMENT,CYCLE_19,0
"SADP Day 1 8h",7,,,
"Day 7 6h  A-High",7,ON_TREATMENT,BASELINE,604800
"C24D28",7,ON_TREATMENT,CYCLE_24,2332800
"On Treatment Day 11",7,ON_TREATMENT,,
"CYCLE 2 DAY 1 PREDOSE",7,ON_TREATMENT,CYCLE_2,0
"168-192 hour",7,,,
"Follow up Week 16 Day 112",7,FOLLOW_UP,END_OF_TREATMENT,9676800
"96-120 hour",7,,,
"MAD Day 35",7,,,
"Group 4 Day 2",7,,,
"Day 119",7,ON_TREATMENT,BASELINE,10281600
"Post Treatment Follow-up",7,FOLLOW_UP,,
"Re-Treatment",7,ON_TREATMENT,,
"Day 7 0h  B-Low",7,ON_TREATMENT,BASELINE,604800
"M15FU",7,,,
"Target Dose plus 1 Day",7,ON_TREATMENT,,
"Cycle 110 Day 1",7,ON_TREATMENT,CYCLE_110,0
"D60 POST STDY CMPLT/DISC",7,ON_TREATMENT,BASELINE,5184000
"V2.10",7,ON_TREATMENT,,
"Week 58",7,ON_TREATMENT,BASELINE,35078400
"Day 7 1h  D-Low",7,ON_TREATMENT,BASELINE,604800
"DDI D1",7,,,
"Part 1 MAD Day 9",7,,,
"prior to first dose",7,ON_TREATMENT,,
"Cycle 9 Day 8 (Arm AB)",7,ON_TREATMENT,CYCLE_9,604800
"V01",7,ON_TREATMENT,,
"Day 28 Follow-up",7,FOLLOW_UP,,
"Safety Follow-Up Week 96",7,FOLLOW_UP,END_OF_TREATMENT,58060800
"D16 Predose",7,ON_TREATMENT,BASELINE,1382400
"Day 8 Follow Up",7,FOLLOW_UP,,
"Phase IA Cycle 1 Day 15",7,ON_TREATMENT,CYCLE_1,1209600
"Retest C1D29",7,UNSCHEDULED,,
"1LTXMEV913",7,,,
"30 Month Post Treatment",7,FOLLOW_UP,,
"Tumor Assessment Week 165",7,ON_TREATMENT,BASELINE,99792000
"1 WEEK",7,,,
"QW C1 D8",7,ON_TREATMENT,CYCLE_1,604800
"SADP Day 3 48h",7,,,
"C1D11Post",7,ON_TREATMENT,CYCLE_1,864000
"C1D1*",7,ON_TREATMENT,CYCLE_1,0
"Explant",7,,,
"Retest 1",7,UNSCHEDULED,,
"Optional",7,NOT_SPECIFIED,,
"Implant Post Refill Month 18 Day 1",7,PROCEDURE,,
"CYCLE25_DAY15",7,ON_TREATMENT,CYCLE_25,1209600
"Wk 6",7,ON_TREATMENT,BASELINE,3628800
"M7/ V10",7,,,
"Tumor Assessment Week 135",7,ON_TREATMENT,BASELINE,81648000
"Cycle 1 Day 1 IMG",7,ON_TREATMENT,CYCLE_1,0
"Day 7 1h  D-Mid",7,ON_TREATMENT,BASELINE,604800
"Unscheduled Adverse Event",7,UNSCHEDULED,,
"MAD Visit 8 Day 43 MN",7,,,
"120 Days Post Last Dose MPDL3280A",7,ON_TREATMENT,,
"Retest V2S",7,UNSCHEDULED,,
"Abema+Atezo C2D1",7,ON_TREATMENT,CYCLE_2,0
"C1D8 192H Post-RO",7,ON_TREATMENT,CYCLE_1,1296000
"Cycle 12A Day 1",7,,,
"Last dose in OLE +16",7,ON_TREATMENT,,
"Post Treatment Day 84",7,FOLLOW_UP,,
"Part 1 Cycle 17 Day 1",7,ON_TREATMENT,CYCLE_17,0
"Tumor Assessment Week 7",7,ON_TREATMENT,BASELINE,4233600
"UNSCH/RETEST C35D1",7,UNSCHEDULED,,
"Safety Follow Up or Withdrawal",7,END_OF_TREATMENT,,
"MONOTHERAPY13",7,,,
"Part 2B Day 1",7,,,
"WEEK_360_ON_TX",7,ON_TREATMENT,BASELINE,217728000
"Cycle 8 Day 8 (Arm AB)",7,ON_TREATMENT,CYCLE_8,604800
"Maintenance Dose-Escalation Cycle 3 Day 1",7,ON_TREATMENT,CYCLE_3,0
"DDI Day 10 2h",7,,,
"RETEST - C9D1",7,UNSCHEDULED,,
"Prior to Start of Dopaminergic Week 64",7,ON_TREATMENT,BASELINE,38707200
"Day 5 4h  B-Low",7,ON_TREATMENT,BASELINE,432000
"Group 2 Day 7",7,,,
"C7D1S1",7,ON_TREATMENT,CYCLE_7,0
"Tumor Assess W70",7,ON_TREATMENT,BASELINE,42336000
"UNSCH/RETEST C4D1 30",7,UNSCHEDULED,,
"Day 1 4h  C-Low",7,ON_TREATMENT,BASELINE,86400
"C4D1M",7,ON_TREATMENT,CYCLE_4,0
"MONO C2 D15",7,ON_TREATMENT,CYCLE_2,1209600
"MADP Day 1 1h",7,,,
"RUN IN DAY8 1B",7,BASELINE,BASELINE,0
"ARM B/D/E C1D16",7,ON_TREATMENT,CYCLE_1,1296000
"Part 1 Cycle 24 Day 1",7,ON_TREATMENT,CYCLE_24,0
"MAD Day 21",7,,,
"MTD_DAY8",7,,,
"Day 14 10H",7,ON_TREATMENT,BASELINE,1209600
"Week 10 Visit 6",7,ON_TREATMENT,BASELINE,6048000
"MONTH4",7,ON_TREATMENT,BASELINE,10368000
"Follow Up 14 - 21 Day",7,FOLLOW_UP,,
"W76SUPP",7,ON_TREATMENT,BASELINE,45964800
"Day 1 2h  A-Mid",7,ON_TREATMENT,BASELINE,86400
"Cycle 35 Day 5",7,ON_TREATMENT,CYCLE_35,345600
"C6D15 -0.17H",7,ON_TREATMENT,CYCLE_6,1270800
"FOLLOW-UP*",7,FOLLOW_UP,,
"B cell monitoring visit 6",7,,,
"Day 1 0h  C-Low",7,ON_TREATMENT,BASELINE,86400
"Week 6B Dose Delay",7,ON_TREATMENT,BASELINE,3628800
"POD",7,,,
"FUYEAR2BSR1",7,ON_TREATMENT,BASELINE,63072000
"C18D28",7,ON_TREATMENT,CYCLE_18,2332800
"Day 1 .5h  C-Mid",7,ON_TREATMENT,BASELINE,86400
"Ad-Hoc 2",7,,,
"Following Treated Bleed 8",7,,,
"EARLY DISC.",7,,,
"BIOPA",7,,,
"Extraction Control",7,,,
"Day 106 Follow Up",7,FOLLOW_UP,,
"Day 3 0h  D-Low",7,ON_TREATMENT,BASELINE,259200
"D1COLE05",7,ON_TREATMENT,BASELINE,86400
"Day 8 - 2hr Post-Dose",7,ON_TREATMENT,BASELINE,691200
"D1 Pre-dose",7,ON_TREATMENT,BASELINE,86400
"S48WFUOLE",7,,,
"M2D0",7,,,
"Day 1 .5h  A-Mid",7,ON_TREATMENT,BASELINE,86400
"DAY 15 RE-TRT 11",7,ON_TREATMENT,BASELINE,1296000
"Week 8 Visit 6 Unscheduled or Retest",7,UNSCHEDULED,,
"C1D2S2",7,ON_TREATMENT,CYCLE_1,86400
"Part II C1: Day 4: 7",7,,,
"C26 D1 Pre-dose",7,ON_TREATMENT,CYCLE_26,0
"Day 1 8h  C-High",7,ON_TREATMENT,BASELINE,86400
"Day 7 12h  A-High",7,ON_TREATMENT,BASELINE,604800
"Cycle 1 Day 1 - Atezo Control",7,ON_TREATMENT,CYCLE_1,0
"Follow-up LTE Day 56",7,FOLLOW_UP,,
"Day 7 1h  A-High",7,ON_TREATMENT,BASELINE,604800
"39 Month",7,ON_TREATMENT,BASELINE,101088000
"Post-Transplant Week 1",7,ON_TREATMENT,BASELINE,604800
"DDI Day 10 8h",7,,,
"DE/EX EXCEPT BXA & BXB C2D1",7,ON_TREATMENT,CYCLE_2,0
"Fresh day 14",7,,,
"Day 1 1h  D-High",7,ON_TREATMENT,BASELINE,86400
"SADP Day 1 15m",7,,,
"Day 1 6h  D-High",7,ON_TREATMENT,BASELINE,86400
"CYC3_D8",6,ON_TREATMENT,CYCLE_3,604800
"Visit 13 Week 2",6,ON_TREATMENT,BASELINE,1209600
"SFUBCELL96WKS",6,,,
"Day 7 8h  A-Low",6,ON_TREATMENT,BASELINE,604800
"C27D28",6,ON_TREATMENT,CYCLE_27,2332800
"DMEM F-12 Ham (DMEM) uncultured media/buffer",6,,,
"Week 4 Day 23",6,ON_TREATMENT,BASELINE,2419200
"Day 5 12h  B-Low",6,ON_TREATMENT,BASELINE,432000
"On Treatment Day 16",6,ON_TREATMENT,,
"Week 145 - Mobile Nursing",6,ON_TREATMENT,BASELINE,87696000
"C14 D1 PRE P1B SC",6,ON_TREATMENT,CYCLE_14,0
"Implant Post Refill Month 21 Day 1",6,PROCEDURE,,
"V25",6,ON_TREATMENT,,
"Following Treated Bleed 3",6,,,
"8",6,,,
"C10D1OLEVF",6,ON_TREATMENT,CYCLE_10,0
"WEEK 2 (DOSE 2)",6,ON_TREATMENT,BASELINE,1209600
"Tumor BIopsy",6,PROCEDURE,,
"Retest Visit 5 Week 12",6,UNSCHEDULED,,
"Frist Day of TLR7 Transition",6,,,
"C4D1AB",6,ON_TREATMENT,CYCLE_4,0
"TX DC Sch IV",6,,,
"D90 POST STDY CMPLT/DISC",6,ON_TREATMENT,BASELINE,7776000
"M27",6,,,
"WK 13*",6,ON_TREATMENT,BASELINE,7862400
"Week 10 - Week 12",6,ON_TREATMENT,BASELINE,6048000
"D288",6,ON_TREATMENT,BASELINE,24883200
"B-BG C6D1",6,ON_TREATMENT,CYCLE_6,0
"Cycle 30 Day 1 Predose",6,ON_TREATMENT,CYCLE_30,0
"Week 108SUPP",6,ON_TREATMENT,BASELINE,65318400
"Mid Treatment Response Assessment Cycle 4 Day 07",6,ON_TREATMENT,CYCLE_4,518400
"C1_D1  0-12 HOURS POST INFUSION",6,ON_TREATMENT,CYCLE_1,43200
"Day 7 .5h  C-Low",6,ON_TREATMENT,BASELINE,604800
"Week 24 Day 168 Unscheduled or Retest",6,UNSCHEDULED,,
"Follow-up Month 13",6,FOLLOW_UP,END_OF_TREATMENT,33696000
"Retest Week 20",6,UNSCHEDULED,,
"Cycle 54 Day 22 to 28",6,ON_TREATMENT,CYCLE_54,1814400
"C42D28",6,ON_TREATMENT,CYCLE_42,2332800
"Maintenance Phase Cycle 1 Day 1",6,ON_TREATMENT,CYCLE_1,0
"Up Titration 1 Week 5",6,ON_TREATMENT,BASELINE,3024000
"Following Treated Bleed 4",6,,,
"C1D1 ATEZO + ABEMA",6,ON_TREATMENT,CYCLE_1,0
"Tumor Assessment Week 30",6,ON_TREATMENT,BASELINE,18144000
"Infusion Related Reaction Unscheduled",6,UNSCHEDULED,,
"207",6,,,
"PC1D1",6,ON_TREATMENT,CYCLE_1,0
"V01.30",6,ON_TREATMENT,,
"Cycle 81 Day 1",6,ON_TREATMENT,CYCLE_81,0
"AWEEK4",6,ON_TREATMENT,BASELINE,2419200
"Long Term Follow Up Month 18",6,FOLLOW_UP,END_OF_TREATMENT,46656000
"Day 5 .5h  B-High",6,ON_TREATMENT,BASELINE,432000
"Visit 6 Aliquot 1",6,ON_TREATMENT,,
"Following Treated Bleed 2 - Mobile Nursing",6,,,
"Week 49 Unscheduled",6,UNSCHEDULED,,
"VISIT1/M27",6,ON_TREATMENT,,
"CYCLE_9",6,ON_TREATMENT,CYCLE_9,0
"M3EFU",6,,,
"Follow-up Visit Month 3",6,FOLLOW_UP,END_OF_TREATMENT,7776000
"C1D8S2",6,ON_TREATMENT,CYCLE_1,604800
"C2D11",6,ON_TREATMENT,CYCLE_2,864000
"FOLLOW-UP_2",6,FOLLOW_UP,,
"Day 7 2h  C-Low",6,ON_TREATMENT,BASELINE,604800
"D316",6,ON_TREATMENT,BASELINE,27302400
"MAD Day 11",6,,,
"14 Month Follow Up",6,FOLLOW_UP,,
"Part 3 Day 11",6,,,
"Day 1 12H",6,ON_TREATMENT,BASELINE,86400
"B-C2D1",6,ON_TREATMENT,CYCLE_2,0
"C34D28",6,ON_TREATMENT,CYCLE_34,2332800
"Baseline Validation",6,BASELINE,BASELINE,0
"96h",6,,,
"Group 4 Day 5",6,,,
"C21D28",6,ON_TREATMENT,CYCLE_21,2332800
"WK4 D28 4H P1",6,ON_TREATMENT,BASELINE,2419200
"CAPCTDNAW108",6,ON_TREATMENT,BASELINE,65318400
"SADP Day 1 1h",6,,,
"C1D15 P1A PVER6",6,ON_TREATMENT,CYCLE_1,1209600
"Cycle 4 Day 1 Predose",6,ON_TREATMENT,CYCLE_4,0
"Week 15 Follow Up",6,FOLLOW_UP,END_OF_TREATMENT,9072000
"Day 1 4h  D-High",6,ON_TREATMENT,BASELINE,86400
"Day 6 0h  A-Low",6,ON_TREATMENT,BASELINE,518400
"LTE Dose 8 Day 1",6,ON_TREATMENT,,
">C13 Every 8 Main Cycles Sch II-IV",6,,,
"C8D1 P1 DOUBLE",6,ON_TREATMENT,CYCLE_8,0
"Day 1 .5h  A-Low",6,ON_TREATMENT,BASELINE,86400
"C36D28",6,ON_TREATMENT,CYCLE_36,2332800
"Visit 51 Week 454 Retest",6,ON_TREATMENT,BASELINE,274579200
"Visit 4/Maternal",6,ON_TREATMENT,,
"Follow-up Month 30",6,FOLLOW_UP,END_OF_TREATMENT,77760000
"Water Negative Control",6,,,
"Group 3 Day 3",6,,,
"Day 7 .5h  A-High",6,ON_TREATMENT,BASELINE,604800
"SADP Day 1 .5h",6,,,
"WK 8 RE-TRT 10",6,ON_TREATMENT,BASELINE,4838400
"Day 7 2h  D-Low",6,ON_TREATMENT,BASELINE,604800
"day 0",6,BASELINE,BASELINE,0
"Week 6 Visit Infant",6,ON_TREATMENT,BASELINE,3628800
"W186",6,ON_TREATMENT,BASELINE,112492800
"Week 576",6,ON_TREATMENT,BASELINE,348364800
"Cycle 2: Day 1: Pre",6,,,
"D1OLEC1",6,ON_TREATMENT,BASELINE,86400
"Cycles 7 and Greater Day 1 30 Min",6,,,
"Cycle 120 Day",6,,,
"FUM21",6,,,
"Group 4 Day 12",6,,,
"Implant Post Refill Month 26 Day 7",6,PROCEDURE,,
"Food EP Day 1 4h",6,,,
"Universal Human Reference RNA",6,,,
"D56",6,ON_TREATMENT,BASELINE,4838400
"Part 1 Cycle 28 Day 1",6,ON_TREATMENT,CYCLE_28,0
"Induction Cycle 2 Day 28",6,ON_TREATMENT,CYCLE_2,2332800
"Week 32 Day 224 Unscheduled or Retest",6,UNSCHEDULED,,
"WEEK126",6,ON_TREATMENT,BASELINE,76204800
"Cycle 1 Day 17 Retreatment",6,ON_TREATMENT,CYCLE_1,1382400
"Set-up Dose 2 Plus 1 Day",6,ON_TREATMENT,,
"Day 1 2h  A-High",6,ON_TREATMENT,BASELINE,86400
"Cycle 5 Day 10",6,ON_TREATMENT,CYCLE_5,777600
"Cycle 28 Day 2",6,ON_TREATMENT,CYCLE_28,86400
"Part 1 Cycle 21 Day 1",6,ON_TREATMENT,CYCLE_21,0
"Ad-hoc 1",6,,,
"P2C Screening",6,SCREENING,SCREENING,0
"C1D26",6,ON_TREATMENT,CYCLE_1,2160000
"Phase IA Cycle 1 Day 1",6,ON_TREATMENT,CYCLE_1,0
"D35",6,ON_TREATMENT,BASELINE,3024000
"W112",6,ON_TREATMENT,BASELINE,67737600
"UNSCHEDULED 2",6,UNSCHEDULED,,
"ARM A/C/D/E C17D1",6,ON_TREATMENT,CYCLE_17,0
"DBET",6,,,
"Pre-Dose, Day 20.",6,ON_TREATMENT,,
"C3 Last Dosing Day +",6,,,
"C1D9 192HR P1B SC PV",6,ON_TREATMENT,CYCLE_1,1382400
"48-72 hour",6,,,
"Post treatment visit 10",6,FOLLOW_UP,,
"P2W28",6,ON_TREATMENT,BASELINE,16934400
"Day 36 Follow up",6,FOLLOW_UP,,
"Day 11 1h  B-Low",6,ON_TREATMENT,BASELINE,950400
"Day 1 4h  A-High",6,ON_TREATMENT,BASELINE,86400
"Group 4 Day 10",6,,,
"SADP Day 1 6h",6,,,
"Cycle 26 Day 2",6,ON_TREATMENT,CYCLE_26,86400
"21 FU 48 WEEKS",6,,,
"21  RT 21 DAY 1",6,,,
"Up Titration 1 Week 3",6,ON_TREATMENT,BASELINE,1814400
"Period 2 Day 17",6,ON_TREATMENT,,
"Re-Screen",6,,,
"48h",6,,,
"Early Termination Week 36",6,END_OF_TREATMENT,,
"CYCLE34_DAY1",6,ON_TREATMENT,CYCLE_34,0
"Fresh day 20",6,,,
"12 Months Follow Up",6,FOLLOW_UP,,
"Post Refill Exchange 16 Weeks",6,,,
"DDI Day 10 16h",6,,,
"Post-Transplant Week 2",6,ON_TREATMENT,BASELINE,1209600
"D336/ET",6,ON_TREATMENT,BASELINE,29030400
"CYCLE 1 DAY 1 PREDOSE",6,ON_TREATMENT,CYCLE_1,0
"Post TCZ Treatment Day 8",6,ON_TREATMENT,,
"Part 2 Cycle 20 Day 1",6,ON_TREATMENT,CYCLE_20,0
"Day 1 6h  D-Low",6,ON_TREATMENT,BASELINE,86400
"ARM C/E C2D15",6,ON_TREATMENT,CYCLE_2,1209600
"D253",6,ON_TREATMENT,BASELINE,21859200
"CYCLE28_DAY15",6,ON_TREATMENT,CYCLE_28,1209600
"Group 2 Day 20",6,,,
"Implant Post Refill Month 26 Day 1",6,PROCEDURE,,
"INDUCTIONTHERAPY",6,,,
"Day 6 0h  C-High",6,ON_TREATMENT,BASELINE,518400
"Day 7 to Day 8",6,ON_TREATMENT,BASELINE,604800
"Fresh day 26",6,,,
"Maintenance Dose-Escalation Cycle 2 Day 1",6,ON_TREATMENT,CYCLE_2,0
"86 Month Follow Up",6,FOLLOW_UP,,
"Day 5 0h  A-Low",6,ON_TREATMENT,BASELINE,432000
"C5D1 PRE P2",6,ON_TREATMENT,CYCLE_5,0
"UNSCHEDULED LABS.2",6,UNSCHEDULED,,
"C32D28",6,ON_TREATMENT,CYCLE_32,2332800
"V03.31",6,ON_TREATMENT,,
"MAD Visit 11 Day 71 MN",6,,,
"C2/D1 30 MIN",6,ON_TREATMENT,CYCLE_2,0
"D1 4Hr Post dose",6,ON_TREATMENT,BASELINE,86400
"VISIT2/M34",6,ON_TREATMENT,,
"Retreatment 4 Day 1",6,ON_TREATMENT,,
"Visit 9 Aliquot 1",6,ON_TREATMENT,,
"RETEST WEEK 48",6,UNSCHEDULED,,
"DISCONT",6,,,
"Day 11 1h  B-High",6,ON_TREATMENT,BASELINE,950400
"Implant Post Refill Month 22 Day 1",6,PROCEDURE,,
"D 15  Pre-dose",6,ON_TREATMENT,,
"ARM A/D/E C1D15",6,ON_TREATMENT,CYCLE_1,1209600
"12 Week Follow Up Week 60",6,FOLLOW_UP,END_OF_TREATMENT,36288000
"Visit 37 Unscheduled or Retest",6,UNSCHEDULED,,
"Day 7 6h  C-High",6,ON_TREATMENT,BASELINE,604800
"Cycle 4 Day 1 Postdose",6,ON_TREATMENT,CYCLE_4,0
"OPT BX LST WK OF R-I BLD",6,,,
"Cycle 1 Day 1 Sch I",6,ON_TREATMENT,CYCLE_1,0
"Visit 57 Unscheduled or Retest",6,UNSCHEDULED,,
"SADP Day 15",6,,,
"Day 7 0h  C-High",6,ON_TREATMENT,BASELINE,604800
"Cycle 95 Day 1",6,ON_TREATMENT,CYCLE_95,0
"Day 1 2h  C-Low",6,ON_TREATMENT,BASELINE,86400
"C9 D1 PRE P1B SC",6,ON_TREATMENT,CYCLE_9,0
"Group 3 Day 25",6,,,
"CTCCAPUNS",6,,,
"Day 7 0h  B-High",6,ON_TREATMENT,BASELINE,604800
"Week 21 Retest",6,ON_TREATMENT,BASELINE,12700800
"D1 30minPostdose",6,ON_TREATMENT,BASELINE,86400
"UNSCH/RETEST C1D1",6,UNSCHEDULED,,
"Day 9 0h  B-High",6,ON_TREATMENT,BASELINE,777600
"Cycle 6 Day 8 (Arm AB)",6,ON_TREATMENT,CYCLE_6,604800
"C2 DAY 2",6,ON_TREATMENT,CYCLE_2,86400
"FUT16",6,,,
"Day 1 - 5hr Post-Dose (Post-Dialyzer/Venous)",6,ON_TREATMENT,BASELINE,86400
"Food EP Day 1 1h",6,,,
"Tumor Assessment Week 11",6,ON_TREATMENT,BASELINE,6652800
"Post TCZ Treatment Day 3",6,ON_TREATMENT,,
"C3D15 -0.17H",6,ON_TREATMENT,CYCLE_3,1270800
"Group 3 Day 20",6,,,
"Month 25",6,ON_TREATMENT,BASELINE,64800000
"C73D1",6,ON_TREATMENT,CYCLE_73,0
"Monotherapy Phase End of Cycle 22",6,,,
"Tumor Assessment Week 216",6,ON_TREATMENT,BASELINE,130636800
"C12 D1 PRE P1B SC",6,ON_TREATMENT,CYCLE_12,0
"Day 7 6h  D-Low",6,ON_TREATMENT,BASELINE,604800
"CYCLE30_DAY15",6,ON_TREATMENT,CYCLE_30,1209600
"Cycles 7 and Greater Day 1 Predose",6,ON_TREATMENT,,
"Implant Post Refill Month 21 Day 7",6,PROCEDURE,,
"COVID-19 vaccine RUO COV1",6,,,
"WK 8 RE-TRT 11",6,ON_TREATMENT,BASELINE,4838400
"C3D3F END OF 5-FU INFUSION",6,ON_TREATMENT,CYCLE_3,172800
"M48",6,,,
"Day 7 .5h  D-Mid",6,ON_TREATMENT,BASELINE,604800
"Week 18 - Week 20",6,ON_TREATMENT,BASELINE,10886400
"Supplemental Week 44B",6,ON_TREATMENT,BASELINE,26611200
"Day 7 .5h  A-Low",6,ON_TREATMENT,BASELINE,604800
"Screening SM6/SERUM PD ALIQ1",6,SCREENING,SCREENING,0
"B-C3D1",6,ON_TREATMENT,CYCLE_3,0
"V02.5",6,ON_TREATMENT,,
"DAY 15 RE-TRT 12",6,ON_TREATMENT,BASELINE,1296000
"Implant Post Refill Month 29 Day 1",6,PROCEDURE,,
"Day 7 2h  D-High",6,ON_TREATMENT,BASELINE,604800
"Week 28 Retest",6,ON_TREATMENT,BASELINE,16934400
"GDC-9545 (Gire) Control Arm C1D1",6,ON_TREATMENT,CYCLE_1,0
"Day 1 4h  C-High",6,ON_TREATMENT,BASELINE,86400
"SM9/ ARCHIVAL SCRNTISSUE",6,ARCHIVAL,,
"Month 67 Follow Up",6,FOLLOW_UP,END_OF_TREATMENT,173664000
"CAOCTDNAW90",6,ON_TREATMENT,BASELINE,54432000
"Day 1 1h  D-Mid",6,ON_TREATMENT,BASELINE,86400
"Unscheduled or Retest Week 103",6,UNSCHEDULED,,
"Day 3 0h  A-High",6,ON_TREATMENT,BASELINE,259200
"Day 1 1h  C-High",6,ON_TREATMENT,BASELINE,86400
"DAYMINUS14",6,,,
"DE/EX Except BXA, BXB, SA C1D1",6,ON_TREATMENT,CYCLE_1,0
"Day 4 0h  A-High",6,ON_TREATMENT,BASELINE,345600
"Day 14 1.5H",6,ON_TREATMENT,BASELINE,1209600
"Day 8 - 1 hr Post-Dose",6,ON_TREATMENT,BASELINE,691200
"Day 7 4h  C-High",6,ON_TREATMENT,BASELINE,604800
"Day 6 0h  B-High",6,ON_TREATMENT,BASELINE,518400
"Post dose",6,ON_TREATMENT,,
"UNSCH/RETEST C5D1",6,UNSCHEDULED,,
"Follow Up Week 220",6,FOLLOW_UP,END_OF_TREATMENT,133056000
"S2C2-3D15",6,,,
"FU 180 WEEKS",6,FOLLOW_UP,,
"VISIT 33 UNSCH / RETEST",6,ON_TREATMENT,,
"Cycle 1: Day 15: 336",6,,,
"OL Day 1RT5D1",6,,,
"Day 7 2h  A-High",6,ON_TREATMENT,BASELINE,604800
"OPTW140",6,ON_TREATMENT,BASELINE,84672000
"Screening SM3/PLASMA PD ALQ2",5,SCREENING,SCREENING,0
"Follow Up Day 197 SM2 PK Predose",5,FOLLOW_UP,,
"Week 43",5,ON_TREATMENT,BASELINE,26006400
"Cycle 33",5,ON_TREATMENT,CYCLE_33,0
"Safety Follow Up Week 56 Day 393",5,FOLLOW_UP,END_OF_TREATMENT,33868800
"C10A",5,,,
"Day 7 1h  A-Low",5,ON_TREATMENT,BASELINE,604800
"Food EP Day 1 15m",5,,,
"Part 2 Cycle 29 Day 1",5,ON_TREATMENT,CYCLE_29,0
"21 RT DAY 15",5,,,
"Week 25 IV",5,ON_TREATMENT,BASELINE,15120000
"Visit 1 SM1/PD BLUE -70 FROZEN",5,ON_TREATMENT,,
"C8D28",5,ON_TREATMENT,CYCLE_8,2332800
"120-144 hour",5,,,
"Week 2 Day 14 Unscheduled or Retest",5,UNSCHEDULED,,
"C17/D1 PRE",5,ON_TREATMENT,CYCLE_17,0
"Implant Safety",5,PROCEDURE,,
"Implant Post Refill",5,PROCEDURE,,
"C19 D1 PRE P1B SC",5,ON_TREATMENT,CYCLE_19,0
"Post treatment visit 19",5,FOLLOW_UP,,
"Treatment Period 2 Cycle 3",5,ON_TREATMENT,,
"ETBLIND",5,,,
"POOL1",5,,,
"C2/D1 PRE",5,ON_TREATMENT,CYCLE_2,0
"Implant Post Refill Month 31 Day 1",5,PROCEDURE,,
"Week 42 Follow Up",5,FOLLOW_UP,END_OF_TREATMENT,25401600
"Disease Progression (for crossed over patients only)",5,DISEASE_PROGRESSION,,
"RCR DNA",5,,,
"Cycle 29 Day 2",5,ON_TREATMENT,CYCLE_29,86400
"Treatment Period 2 Cycle 1",5,ON_TREATMENT,,
"RT 9 DAY 1",5,ON_TREATMENT,CYCLE_9,0
"C3D15 P1/P2 TRIPLE",5,ON_TREATMENT,CYCLE_3,1209600
"WK17 D119 PRE P1",5,ON_TREATMENT,BASELINE,10281600
"RESCEU_V6",5,,,
"Day 28 (30)",5,ON_TREATMENT,BASELINE,2419200
"UNSCH5",5,UNSCHEDULED,,
"CYCLE31_DAY8",5,ON_TREATMENT,CYCLE_31,604800
"Part II C1D15 PRE-DO",5,ON_TREATMENT,CYCLE_1,1209600
"Visit 5 Aliquot 1",5,ON_TREATMENT,,
"UNSCH/RETEST C55D1",5,UNSCHEDULED,,
"Arhival Screening",5,SCREENING,SCREENING,0
"Monotherapy Phase End of Cycle 24",5,,,
"LTFU10",5,,,
"Cycle 4 Day 07",5,ON_TREATMENT,CYCLE_4,518400
"MADP Day 1 2h",5,,,
"168",5,,,
"Following Treated Bleed 5",5,,,
"C91D1",5,ON_TREATMENT,CYCLE_91,0
"V5 SM4/ ATA Serum",5,ON_TREATMENT,,
"Cycle 9 Day 1 Predose",5,ON_TREATMENT,CYCLE_9,0
"SCR ARCH/FRESH TUMOR ARMS CD-E",5,SCREENING,SCREENING,0
"Day 7 24h  C-High",5,ON_TREATMENT,BASELINE,604800
"WEEK_270_ON-TX",5,ON_TREATMENT,BASELINE,163296000
"Cycle 38 Day 22 to 28",5,ON_TREATMENT,CYCLE_38,1814400
"Day 147",5,ON_TREATMENT,BASELINE,12700800
"V01.311",5,ON_TREATMENT,,
"Day 1 0h  C-High",5,ON_TREATMENT,BASELINE,86400
"C10D8",5,ON_TREATMENT,CYCLE_10,604800
"C1D8Pre",5,ON_TREATMENT,CYCLE_1,604800
"Following Treated Bleed 3 - Mobile Nursing",5,,,
"CYCLE28_DAY8",5,ON_TREATMENT,CYCLE_28,604800
"Group 3 Day 10",5,,,
"DNU-CYCLE 17 D1",5,ON_TREATMENT,CYCLE_17,0
"Visit 2 Week 2",5,ON_TREATMENT,BASELINE,1209600
"Day 8 - 6hr Post-Dose",5,ON_TREATMENT,BASELINE,691200
"FU.YEAR3",5,ON_TREATMENT,BASELINE,94608000
"Safety Follow Up Week 60",5,FOLLOW_UP,END_OF_TREATMENT,36288000
"Week 12 Day 4",5,ON_TREATMENT,BASELINE,7257600
"C1D3S1NBX",5,ON_TREATMENT,CYCLE_1,172800
"Week 288 on treatment",5,ON_TREATMENT,BASELINE,174182400
"Day 11 2h  B-Low",5,ON_TREATMENT,BASELINE,950400
"V01.22",5,ON_TREATMENT,,
"MADP Day 14",5,,,
"121",5,,,
"Supplemental Week 64B",5,ON_TREATMENT,BASELINE,38707200
"DISCDISC",5,,,
"S2BCC23D1",5,ON_TREATMENT,CYCLE_23,0
"RUN IN DAY 1 PRIOR TO VE",5,BASELINE,BASELINE,0
"C38D28",5,ON_TREATMENT,CYCLE_38,2332800
"Cycle 8 Day 1 Retest",5,ON_TREATMENT,CYCLE_8,0
"Open Label Day 15",5,,,
"PRE-TREATMENT(CYTOLO",5,ON_TREATMENT,,
"Screening not provided",5,SCREENING,SCREENING,0
"MADP Day 1 15m",5,,,
"Non Safety C1D1",5,ON_TREATMENT,CYCLE_1,0
"FUT10",5,,,
"LTFU2",5,,,
"Cycle 6 Day 1 SM5/ ATA FROZEN",5,ON_TREATMENT,CYCLE_6,0
"SAFETY FOLLOW-UP WEEK 56",5,FOLLOW_UP,END_OF_TREATMENT,33868800
"8 Weeks After Last Dose of Daratumumab",5,ON_TREATMENT,,
"Food EP Day 2 24h",5,,,
"Post Progression",5,DISEASE_PROGRESSION,,
"C14D1 -0.17H",5,ON_TREATMENT,CYCLE_14,61200
"C12D1 -0.17H",5,ON_TREATMENT,CYCLE_12,61200
"C3D2F 24 HOURS POST APOMAB",5,ON_TREATMENT,CYCLE_3,172800
"Day 120 Follow-up",5,FOLLOW_UP,,
"C41D28",5,ON_TREATMENT,CYCLE_41,2332800
"Day 2 0h  A-Low",5,ON_TREATMENT,BASELINE,172800
"aGVDH Visit Blood",5,,,
"Follow Up Visit Day 14",5,FOLLOW_UP,,
"Group 3 Day 12",5,,,
"Cycle 3: Day 1: Pre",5,,,
"Week 200",5,ON_TREATMENT,BASELINE,120960000
"8 Hrs Postdose",5,ON_TREATMENT,,
"Cycle 9 Day 8",5,ON_TREATMENT,CYCLE_9,604800
"Cycle 30 Day 2",5,ON_TREATMENT,CYCLE_30,86400
"Day 5 0h  D-Low",5,ON_TREATMENT,BASELINE,432000
"SFUW96",5,ON_TREATMENT,BASELINE,58060800
"M2D7",5,,,
"UDNAC18",5,,,
"C11 D1 PRE P1B SC",5,ON_TREATMENT,CYCLE_11,0
"VGPRBX",5,,,
"Tumor Assessment Week 14",5,ON_TREATMENT,BASELINE,8467200
"RETEST WEEK 40",5,UNSCHEDULED,,
"C1_DAY9",5,ON_TREATMENT,CYCLE_1,691200
"Site 1 Core 3",5,,,
"SCREEN/BASELINE D-28",5,BASELINE,BASELINE,0
"Week 8 Follow Up",5,FOLLOW_UP,END_OF_TREATMENT,4838400
"Post treatment visit 14",5,FOLLOW_UP,,
"Part 1 Cycle 27 Day 1",5,ON_TREATMENT,CYCLE_27,0
"Day 3 0h  C-High",5,ON_TREATMENT,BASELINE,259200
"Pre Treatment Tumor Tissue",5,ON_TREATMENT,,
"CAPCTDNAC6D1",5,ON_TREATMENT,CYCLE_6,0
"VISIT1/M31",5,ON_TREATMENT,,
"Up Titration 1 Week 9",5,ON_TREATMENT,BASELINE,5443200
"Study Completion/Ear",5,END_OF_TREATMENT,,
"VISIT1/M32",5,ON_TREATMENT,,
"V02.61",5,ON_TREATMENT,,
"Wk1 D-7 6 hr",5,ON_TREATMENT,BASELINE,604800
"END.TRE.FU",5,,,
"SCR ARCH TUMOR ARMS CDE",5,SCREENING,SCREENING,0
"C17 D1 PRE P1B SC",5,ON_TREATMENT,CYCLE_17,0
"MADP Day 1 .5h",5,,,
"A/B SCREEN CLL FISH",5,,,
"FUT9",5,,,
"C10D15 -0.17H",5,ON_TREATMENT,CYCLE_10,1270800
"UNSCH/RETEST C3D1 PR",5,UNSCHEDULED,,
"Part 1 Cycle 31 Day 1",5,ON_TREATMENT,CYCLE_31,0
"AH Week 32: Pre",5,ON_TREATMENT,BASELINE,19353600
"C8D15 -0.17H",5,ON_TREATMENT,CYCLE_8,1270800
"WEEK_279_ON-TX",5,ON_TREATMENT,BASELINE,168739200
"C1D4 72HR P1A",5,ON_TREATMENT,CYCLE_1,518400
"MONOTHERAPY9",5,,,
"C2D1 PRE P1B SC",5,ON_TREATMENT,CYCLE_2,0
"Food EP Day 1 8h",5,,,
"RETEST Visit 3",5,UNSCHEDULED,,
"Week 78 Day 547",5,ON_TREATMENT,BASELINE,47174400
"Part A Week 2 Day 1",5,ON_TREATMENT,BASELINE,1209600
"Cycle 1 Day 26",5,ON_TREATMENT,CYCLE_1,2160000
"28-day Safety Follow Up",5,FOLLOW_UP,,
"PART 4 WK4 Delay>=7D",5,ON_TREATMENT,BASELINE,2419200
"Q2Q2 C1D1 Pre PDL",5,ON_TREATMENT,CYCLE_1,0
"Cycle 8A Day 1",5,,,
"MADP Day 1 4h",5,,,
"C1D4TOD5",5,ON_TREATMENT,CYCLE_1,259200
"Week 289",5,ON_TREATMENT,BASELINE,174787200
"36 Month Follow Up",5,FOLLOW_UP,,
"Day 44 Follow-up",5,FOLLOW_UP,,
"UNS Screening Day -7",5,SCREENING,SCREENING,0
"Part 3 Day 6",5,,,
"Day 1 1h  A-High",5,ON_TREATMENT,BASELINE,86400
"Early Termination Week 52",5,END_OF_TREATMENT,,
"12WK FOLLOW UP #11",5,FOLLOW_UP,,
"Day 1 0h  A-Low",5,ON_TREATMENT,BASELINE,86400
"Visit 3/Maternal",5,ON_TREATMENT,,
"Tumor Assess W44",5,ON_TREATMENT,BASELINE,26611200
"V01.41",5,ON_TREATMENT,,
"Day 1 RO",5,ON_TREATMENT,BASELINE,86400
"UDNAC3X",5,,,
"Visit 17a",5,ON_TREATMENT,,
"Day 2 Post-TCZ Treatment",5,ON_TREATMENT,BASELINE,172800
"D309",5,ON_TREATMENT,BASELINE,26697600
"CAPCTDNAU78",5,,,
"Optional Disease Progression",5,DISEASE_PROGRESSION,,
"V02.40",5,ON_TREATMENT,,
"Safety Follow Up Week 84",5,FOLLOW_UP,END_OF_TREATMENT,50803200
"Visit 39 Week 270",5,ON_TREATMENT,BASELINE,163296000
"Prior to Start of Dopaminergic Screening",5,SCREENING,SCREENING,0
"Day 7 4h  D-Low",5,ON_TREATMENT,BASELINE,604800
"W60SUPP",5,ON_TREATMENT,BASELINE,36288000
"MTD_DAY3",5,,,
"Day 1 .5h  A-High",5,ON_TREATMENT,BASELINE,86400
"CYCLE 4 DAY 1 PREDOSE",5,ON_TREATMENT,CYCLE_4,0
"Maintenance Month 12-18",5,ON_TREATMENT,BASELINE,31104000
"C13 D1 PRE P1B SC",5,ON_TREATMENT,CYCLE_13,0
"Week 16 Retest",5,ON_TREATMENT,BASELINE,9676800
"SCRNR",5,,,
"Cycle 04 Day 01 Control",5,ON_TREATMENT,CYCLE_4,0
"Week 20 Day 140 Unscheduled or Retest",5,UNSCHEDULED,,
"Early Termination Biopsy",5,END_OF_TREATMENT,,
"Day 3 0h  D-High",5,ON_TREATMENT,BASELINE,259200
"CTCCAPW21",5,ON_TREATMENT,BASELINE,12700800
"Part 1 Cycle 23 Day 1",5,ON_TREATMENT,CYCLE_23,0
"C16 D1 PRE P1B SC",5,ON_TREATMENT,CYCLE_16,0
"Follow up Month 6",5,FOLLOW_UP,END_OF_TREATMENT,15552000
"Day 7 6h  C-Low",5,ON_TREATMENT,BASELINE,604800
"Cycle 1 Day 8 Retreatment",5,ON_TREATMENT,CYCLE_1,604800
"Cycle16 Day1 Arm A",5,ON_TREATMENT,CYCLE_16,0
"D281",5,ON_TREATMENT,BASELINE,24278400
"Day 14 (17)",5,ON_TREATMENT,BASELINE,1209600
"Month 7 Follow Up",5,FOLLOW_UP,END_OF_TREATMENT,18144000
"21 Month Follow Up",5,FOLLOW_UP,,
"Monotherapy Phase End of Cycle 28",5,,,
"EPIC Control",5,,,
"DDI Day 10 1h",5,,,
"C6B",5,,,
"Day 11 24h  B-High",5,ON_TREATMENT,BASELINE,950400
"DBT Rescreening",5,SCREENING,SCREENING,0
"Day 11 4h  B-Low",5,ON_TREATMENT,BASELINE,950400
"Post Dose, 4h Day 20",5,ON_TREATMENT,,
"UNSHCED VISIIT 3",5,,,
"SCR ARCH_FRESH TUMOR ARMS CD&E",5,SCREENING,SCREENING,0
"Day 7 8h  A-High",5,ON_TREATMENT,BASELINE,604800
"C16D2",5,ON_TREATMENT,CYCLE_16,86400
"Day 1 8H",5,ON_TREATMENT,BASELINE,86400
"C 1 D 1-unexpected",5,,,
"AH Day 1: Pre",5,,,
"UNS2",5,,,
"C1D1 3HR P1A",5,ON_TREATMENT,CYCLE_1,10800
"Day 7 0h  A-Low",5,ON_TREATMENT,BASELINE,604800
"Follow-up Month 7",5,FOLLOW_UP,END_OF_TREATMENT,18144000
"WK 104 RE-TRT 8 (or WITHDRAWAL)",5,END_OF_TREATMENT,,
"Retest Cycle 11 Week 12",5,UNSCHEDULED,,
"Day 5 0h  B-Low",5,ON_TREATMENT,BASELINE,432000
"MADP Day 7 0h",5,,,
"UNSCH/RETEST C17D1",5,UNSCHEDULED,,
"WEEK 56 POST TREAT",5,ON_TREATMENT,BASELINE,33868800
"Annual 2 Dose Day",5,ON_TREATMENT,,
"Scheduled",5,,,
"V01.32",5,ON_TREATMENT,,
"81",5,,,
"Cycle 19 Day 6",5,ON_TREATMENT,CYCLE_19,432000
"Day 11 8h  B-High",5,ON_TREATMENT,BASELINE,950400
"Day 1 .5h  C-Low",5,ON_TREATMENT,BASELINE,86400
"C24D1E",5,ON_TREATMENT,CYCLE_24,0
"Cycle 75 Day 2",5,ON_TREATMENT,CYCLE_75,86400
"RETEST - C5D1",5,UNSCHEDULED,,
"Day 7 24h  A-High",5,ON_TREATMENT,BASELINE,604800
"Unscheduled 7",5,UNSCHEDULED,,
"P2/P3 C2D1 PRE",5,ON_TREATMENT,CYCLE_2,0
"Day 5 1h  B-High",5,ON_TREATMENT,BASELINE,432000
"Part 3 Day 3",5,,,
"Visit 19",5,ON_TREATMENT,,
"Day 7 0h  D-Low",5,ON_TREATMENT,BASELINE,604800
"OLE Week 48 Retest",5,ON_TREATMENT,BASELINE,29030400
"ONSET",5,,,
"Following Treated Bleed 10",5,,,
"2 hours",5,,,
"CYCLE31_DAY15",5,ON_TREATMENT,CYCLE_31,1209600
"Fresh (Pre)",5,,,
"Week 356",5,ON_TREATMENT,BASELINE,215308800
"C1D2S1NBX",5,ON_TREATMENT,CYCLE_1,86400
"Optional Tumor",5,,,
"C4 Last Dosing Day +",5,,,
"Unscheduled UNSCH4",5,UNSCHEDULED,,
"WEEK_288_ON_TX",5,ON_TREATMENT,BASELINE,174182400
"Day 6 0h  B-Low",5,ON_TREATMENT,BASELINE,518400
"Day 1 2h  D-Low",5,ON_TREATMENT,BASELINE,86400
"Cycle 19 Day 2",5,ON_TREATMENT,CYCLE_19,86400
"VISIT13",5,ON_TREATMENT,,
"RNAlater Solution 200ul Negative Control",5,,,
"Occasion 1 -1h 07m",5,,,
"Fresh Tumor Biopsy Screening",5,SCREENING,SCREENING,0
"Week 21 Day 141 - Mobile Nursing",5,ON_TREATMENT,BASELINE,12700800
"Week 24 Unscheduled",5,UNSCHEDULED,,
"Week 87 Day 609",5,ON_TREATMENT,BASELINE,52617600
"End of Induction Cycle 6 Day 26",5,ON_TREATMENT,CYCLE_6,2160000
"Screening Day -7 Retest",5,SCREENING,SCREENING,0
"C1D5 72 HR P1B SC",5,ON_TREATMENT,CYCLE_1,604800
"B-cell Monitoring Visit 3",5,,,
"Group 2 Day 25",5,,,
"C35D28",5,ON_TREATMENT,CYCLE_35,2332800
"CYCLE1DAY2",5,ON_TREATMENT,CYCLE_1,86400
"B-BG C2D1",5,ON_TREATMENT,CYCLE_2,0
"Cycle 1 Day 2 (Arm DE)",5,ON_TREATMENT,CYCLE_1,86400
"Pre-Tocilizumab Treatment",5,ON_TREATMENT,,
"120 days after last dose of atezolizumab",5,ON_TREATMENT,,
"B: C1D6: 24hr",5,ON_TREATMENT,CYCLE_1,518400
"WEEK 16 PREDOSE",5,ON_TREATMENT,BASELINE,9676800
"Day 2 0h  D-Low",5,ON_TREATMENT,BASELINE,172800
"Tumor Assessment Week 10",5,ON_TREATMENT,BASELINE,6048000
"4 hours",5,,,
"Retreat 3 wk 60",5,ON_TREATMENT,BASELINE,36288000
"Group 3 Day 2",5,,,
"Day 5 8h  B-High",5,ON_TREATMENT,BASELINE,432000
"Day 1 4h  D-Low",5,ON_TREATMENT,BASELINE,86400
"Day 11 0h  B-Low",5,ON_TREATMENT,BASELINE,950400
"Retest DAYMINUS14",5,UNSCHEDULED,,
"Cycle 27 Day 2",5,ON_TREATMENT,CYCLE_27,86400
"Day 6 0h  D-High",5,ON_TREATMENT,BASELINE,518400
"Visit 6 ALIQUOT 1",5,ON_TREATMENT,,
"W1D-6 24 hr post dose",5,ON_TREATMENT,BASELINE,604800
"Day 1 6h  A-Low",5,ON_TREATMENT,BASELINE,86400
"Day 2 0h  A-High",5,ON_TREATMENT,BASELINE,172800
"UNSCH/RETEST C4D1",5,UNSCHEDULED,,
"D15 Pre-dose",5,ON_TREATMENT,BASELINE,1296000
"Week 16 Follow Up",5,FOLLOW_UP,END_OF_TREATMENT,9676800
"GlobalCare",5,,,
"Cycle 5 Day 16",5,ON_TREATMENT,CYCLE_5,1296000
"Group 2 Day 3",5,,,
"THIRDLINE3",5,,,
"Group 4 Day 15",5,,,
"Follow-up Visit",5,FOLLOW_UP,,
"Week 8 Day 56 Unscheduled or Retest",5,UNSCHEDULED,,
"ARCHIVAL TUMOR",4,ARCHIVAL,,
"Visit 1 SM1/PD GREEN -70 FROZEN",4,ON_TREATMENT,,
"Day 8 -  5hr Post-Dose",4,ON_TREATMENT,BASELINE,691200
"WK56",4,ON_TREATMENT,BASELINE,33868800
"C21D1B",4,ON_TREATMENT,CYCLE_21,0
"UNSCH/RETEST C29D1",4,UNSCHEDULED,,
"Progression Disease/Recurrence",4,DISEASE_PROGRESSION,,
"WEEK 42",4,ON_TREATMENT,BASELINE,25401600
"C12D15",4,ON_TREATMENT,CYCLE_12,1209600
"Food EP Day 3 48h",4,,,
"Part 1 Cycle 34 Day 1",4,ON_TREATMENT,CYCLE_34,0
"Following Treated Bleed 11",4,,,
"Treatment Completion/ET SM6 MEGF0444A ATA",4,END_OF_TREATMENT,,
"WK17 D119 PRE P2",4,ON_TREATMENT,BASELINE,10281600
"WK 72 RE-TRT 6",4,ON_TREATMENT,BASELINE,43545600
"Implant Post Refill Month 20 Day 7",4,PROCEDURE,,
"UNSCH/RETEST C30D1",4,UNSCHEDULED,,
"Implant Post Refill Month 32 Day 7",4,PROCEDURE,,
"OLE WITHDRAWAL",4,END_OF_TREATMENT,,
"Unscheduled Maternal",4,UNSCHEDULED,,
"WK 104 (or WITHDRAWAL) UNSCHEDULED",4,UNSCHEDULED,,
"C9D28",4,ON_TREATMENT,CYCLE_9,2332800
"Part II C2D15",4,ON_TREATMENT,CYCLE_2,1209600
"UDNAC13X",4,,,
"Recombinant Negative Control",4,,,
"Unscheduled [2]",4,UNSCHEDULED,,
"Archival.",4,ARCHIVAL,,
"V1S",4,ON_TREATMENT,,
"Treatment DiscontinuationCross Over Sch I",4,END_OF_TREATMENT,,
"C15 D1 PRE P1B SC",4,ON_TREATMENT,CYCLE_15,0
"21  RT  DAY 15",4,,,
"Screening, Fresh",4,SCREENING,SCREENING,0
"Tumor Assessment Week 56",4,ON_TREATMENT,BASELINE,33868800
"Visit 6 Day 8 Predose GREEN",4,ON_TREATMENT,,
"ARM B CYCLE 64 D1 PRE",4,ON_TREATMENT,CYCLE_64,0
"C15 D1 P1A",4,ON_TREATMENT,CYCLE_15,0
"S2AC2D1",4,ON_TREATMENT,CYCLE_2,0
"Cycle 1 Day 1 Sch II",4,ON_TREATMENT,CYCLE_1,0
"Part 1 Cycle 20 Day",4,,,
"SRL BX WK6(C2D15-21) BLD",4,ON_TREATMENT,CYCLE_2,1209600
"D85BPSY",4,ON_TREATMENT,BASELINE,7344000
"Day 49 Pre-dose",4,ON_TREATMENT,BASELINE,4233600
"DAY 252 VISIT 12",4,ON_TREATMENT,BASELINE,21772800
"Part II C2D8",4,ON_TREATMENT,CYCLE_2,604800
"12 Week Follow Up Week 52",4,FOLLOW_UP,END_OF_TREATMENT,31449600
"C3D2 (24H) COHORT B&C",4,ON_TREATMENT,CYCLE_3,172800
"Screening Pre-dose",4,SCREENING,SCREENING,0
"Prior to Start of Dopaminergic Week 92",4,ON_TREATMENT,BASELINE,55641600
"Following Treated Bleed 5 - Mobile Nursing",4,,,
"UDNAC16X",4,,,
"PART I: C7D1 -0.17H",4,ON_TREATMENT,CYCLE_7,61200
"C1D15-21,Fresh",4,ON_TREATMENT,CYCLE_1,1209600
"Follow-up Month 23",4,FOLLOW_UP,END_OF_TREATMENT,59616000
"C3D1M",4,ON_TREATMENT,CYCLE_3,0
"Visit 69",4,ON_TREATMENT,,
"RE-TRT 3",4,ON_TREATMENT,,
"C1D1 A",4,ON_TREATMENT,CYCLE_1,0
"C12D15 -0.17H",4,ON_TREATMENT,CYCLE_12,1270800
"Fresh PREDOSE",4,ON_TREATMENT,,
"Week 276SUPP",4,ON_TREATMENT,BASELINE,166924800
"Day 5 0h  C-Low",4,ON_TREATMENT,BASELINE,432000
"Week 70 Day 490",4,ON_TREATMENT,BASELINE,42336000
"Follow Up Unscheduled",4,UNSCHEDULED,,
"C11D15 -0.17H",4,ON_TREATMENT,CYCLE_11,1270800
"FUT4D2",4,,,
"MTD_DAY31",4,,,
"Retest/Visit 1",4,UNSCHEDULED,,
"Tumor Assessment Week 183",4,ON_TREATMENT,BASELINE,110678400
"Follow-up Month 10",4,FOLLOW_UP,END_OF_TREATMENT,25920000
"Q3W C4 D8",4,ON_TREATMENT,CYCLE_4,604800
"URINE DISCOLOARTION",4,,,
"C1 D1 PREDOSE",4,ON_TREATMENT,CYCLE_1,0
"Visit 4 Day 7 - Mobile Nursing",4,ON_TREATMENT,,
"Unscheduled Week 24",4,UNSCHEDULED,,
"Cycle 5: Day 1: Pre",4,,,
"P1_V1a_MADCoh2",4,,,
"MAIN.THE.C9D1",4,ON_TREATMENT,CYCLE_9,0
"C52D1 PREDOSE",4,ON_TREATMENT,CYCLE_52,0
"PROGRESSION P1B",4,DISEASE_PROGRESSION,,
"Follow Up Week 204",4,FOLLOW_UP,END_OF_TREATMENT,123379200
"Pooling Group 8",4,,,
"Part 1 Cycle 35 Day",4,,,
"Early Termination Week 132",4,END_OF_TREATMENT,,
"VISIT1/M35",4,ON_TREATMENT,,
"Wk 20",4,ON_TREATMENT,BASELINE,12096000
"Part 2 Cycle 10 Day 1",4,ON_TREATMENT,CYCLE_10,0
"Day 3 0h  C-Low",4,ON_TREATMENT,BASELINE,259200
"PK/BIOMARKER DAY 1 CYCLES 2+",4,,,
"Week 64 Visit 34",4,ON_TREATMENT,BASELINE,38707200
"C2D1B UNSCH/RETEST",4,ON_TREATMENT,CYCLE_2,0
"Safety Follow-Up SFUW144",4,FOLLOW_UP,END_OF_TREATMENT,87091200
"Part II C3D8",4,ON_TREATMENT,CYCLE_3,604800
"Group 4 Day 20",4,,,
"PTCET",4,,,
"BASELINE SUB",4,BASELINE,BASELINE,0
"480",4,,,
"C11D28",4,ON_TREATMENT,CYCLE_11,2332800
"Fresh-Unevaluable at Ventana",4,,,
"MADP Day 7 8h",4,,,
"Day 7 24h  A-Low",4,ON_TREATMENT,BASELINE,604800
"C85D1",4,ON_TREATMENT,CYCLE_85,0
"DISC EARLY_TERM",4,,,
"MADP Day 7 6h",4,,,
"Tumor Assess W C2D1",4,ON_TREATMENT,CYCLE_2,0
"Follow Up Week 36",4,FOLLOW_UP,END_OF_TREATMENT,21772800
"C1D20",4,ON_TREATMENT,CYCLE_1,1641600
"Mandatory Fresh Biopsy: Prior to cycle 4",4,PROCEDURE,,
"Day 7 1h  C-Low",4,ON_TREATMENT,BASELINE,604800
"RUN-IN",4,BASELINE,BASELINE,0
"Pre Tx",4,,,
"C5D1 P1 DOUBLE",4,ON_TREATMENT,CYCLE_5,0
"Repeat test",4,,,
"Dose Delay",4,ON_TREATMENT,,
"Day 259",4,ON_TREATMENT,BASELINE,22377600
"6MPT",4,,,
"C2D1 3HR P1B",4,ON_TREATMENT,CYCLE_2,10800
"Day 5 .5h  B-Low",4,ON_TREATMENT,BASELINE,432000
"UNSCH/RETEST C15D1",4,UNSCHEDULED,,
"Cycle 77 Day 2",4,ON_TREATMENT,CYCLE_77,86400
"Day 1 8h  D-Low",4,ON_TREATMENT,BASELINE,86400
"Part 1 Cycle 37 Day 1",4,ON_TREATMENT,CYCLE_37,0
"UNSCH/RETEST C9D1",4,UNSCHEDULED,,
"WEEK 32-96",4,ON_TREATMENT,BASELINE,19353600
"VISIT2/M27",4,ON_TREATMENT,,
"Implant Month 37",4,PROCEDURE,,
"SFU WEEK 96",4,ON_TREATMENT,BASELINE,58060800
"SFUW108",4,ON_TREATMENT,BASELINE,65318400
"FU 204 WEEKS",4,FOLLOW_UP,,
"120 Day Post Last Dose Atezolizumab",4,ON_TREATMENT,,
"ARM D CYCLE 3 D1 PRE INF",4,ON_TREATMENT,CYCLE_3,0
"Day 9 0h  B-Low",4,ON_TREATMENT,BASELINE,777600
"V04.3",4,ON_TREATMENT,,
"BX PROGRESSION BLOOD",4,DISEASE_PROGRESSION,,
"1LTXMC1",4,,,
"C2D3 48HR P1A",4,ON_TREATMENT,CYCLE_2,345600
"12WK FOLLOW UP #6",4,FOLLOW_UP,,
"W64SUPP",4,ON_TREATMENT,BASELINE,38707200
"C89D1",4,ON_TREATMENT,CYCLE_89,0
"Wk 24",4,ON_TREATMENT,BASELINE,14515200
"Pre-TX",4,,,
"M33",4,,,
"C8D1 -0.17H",4,ON_TREATMENT,CYCLE_8,61200
"UNSCHED ASSESSMENT",4,UNSCHEDULED,,
"Q3W C2 D8",4,ON_TREATMENT,CYCLE_2,604800
"ARMA CYCLE 1 D1 PRE INF",4,ON_TREATMENT,CYCLE_1,0
"End of C17",4,,,
"Optional Semen",4,,,
"C2D2 PRE",4,ON_TREATMENT,CYCLE_2,86400
"High Methylated DNA Control",4,,,
"Period 2  Day 999",4,ON_TREATMENT,,
"Cycle 13 Week 12",4,ON_TREATMENT,BASELINE,7257600
"CYCLE41_DAY1",4,ON_TREATMENT,CYCLE_41,0
"Cycle 2 Day 7",4,ON_TREATMENT,CYCLE_2,518400
"Unscheduled 6",4,UNSCHEDULED,,
"T2.10",4,,,
"Implant Post Refill Month 1 Day 7",4,PROCEDURE,,
"Mandatory Fresh Biopsy EOT",4,PROCEDURE,,
"FUPD3",4,,,
"Week 272SUPP",4,ON_TREATMENT,BASELINE,164505600
"Day 7 4h  C-Low",4,ON_TREATMENT,BASELINE,604800
"CYCLE2_DAY22",4,ON_TREATMENT,CYCLE_2,1814400
"IND.THE.C5D1",4,ON_TREATMENT,CYCLE_5,0
"UDNAC5X",4,,,
"V03.42",4,ON_TREATMENT,,
"C11D1 P1 DOUBLE",4,ON_TREATMENT,CYCLE_11,0
"Week 16 Day 112 Unscheduled or Retest",4,UNSCHEDULED,,
"Part 3 Day 8",4,,,
"B-BG C1D8",4,ON_TREATMENT,CYCLE_1,604800
"UDNAC7X",4,,,
"Week 28 Day 196 Unscheduled or Retest",4,UNSCHEDULED,,
"Retreat 5 wk 12",4,ON_TREATMENT,BASELINE,7257600
"Day 1 2h  A-Low",4,ON_TREATMENT,BASELINE,86400
"RE-TRT",4,ON_TREATMENT,,
"WEEK_198_ON-TX",4,ON_TREATMENT,BASELINE,119750400
"SCREENING FRESH",4,SCREENING,SCREENING,0
"Retest Week 12",4,UNSCHEDULED,,
"CYCLE 4 DAY 1 30MIN",4,ON_TREATMENT,CYCLE_4,0
"C6D1 30MIN",4,ON_TREATMENT,CYCLE_6,0
"DAY3 48HR-POST 1",4,ON_TREATMENT,BASELINE,259200
"Pre-treatment-1",4,ON_TREATMENT,,
"C2D1 POST",4,ON_TREATMENT,CYCLE_2,0
"C39D28",4,ON_TREATMENT,CYCLE_39,2332800
"WEEK_351_ON_TX",4,ON_TREATMENT,BASELINE,212284800
"SAFETY_FU4",4,FOLLOW_UP,,
"M4D0",4,,,
"90 Day Follow Up",4,FOLLOW_UP,,
"Day 11 24h  B-Low",4,ON_TREATMENT,BASELINE,950400
"Day 7 .5h  C-High",4,ON_TREATMENT,BASELINE,604800
"Retreat Uns Visit 2",4,,,
"Food EP Day 1 6h",4,,,
"Visit 39 Week 272",4,ON_TREATMENT,BASELINE,164505600
"ARM A/D/E C1D2",4,ON_TREATMENT,CYCLE_1,86400
"Visit 47 Week 336",4,ON_TREATMENT,BASELINE,203212800
"Month 96 Follow Up",4,FOLLOW_UP,END_OF_TREATMENT,248832000
"Monotherapy Phase End of Cycle 26",4,,,
"Visit 8 Day 22 SM2/PD PRE BLUE -70 FROZEN",4,ON_TREATMENT,,
"0-12 hour",4,,,
"C15D15 -0.17H",4,ON_TREATMENT,CYCLE_15,1270800
"21  RT  DAY 1",4,,,
"Cycle 27 Day 6",4,ON_TREATMENT,CYCLE_27,432000
"WK 96 RE-TRT 2",4,ON_TREATMENT,BASELINE,58060800
"Week 160",4,ON_TREATMENT,BASELINE,96768000
"COMPLETION/WITHDRAWAL_VISIT",4,END_OF_TREATMENT,,
"21 RT 8 DAY 15",4,,,
"Retest 2",4,UNSCHEDULED,,
"W1 D1 PRE AQUEOUS HUMOR",4,ON_TREATMENT,BASELINE,604800
"Week 18 Follow Up",4,FOLLOW_UP,END_OF_TREATMENT,10886400
"B-cell Monitoring Visit 6",4,,,
"MONO UNSCH/RETEST",4,,,
"Cycle 7 Day 18",4,ON_TREATMENT,CYCLE_7,1468800
"Cycle 32 Day 2",4,ON_TREATMENT,CYCLE_32,86400
"MONTH12IGE",4,ON_TREATMENT,BASELINE,31104000
"Day 1 .5h  D-Low",4,ON_TREATMENT,BASELINE,86400
"Following Treated Bleed 8 - Mobile Nursing",4,,,
"21 RT DAY 1",4,,,
"Follow-Up Visit 2",4,FOLLOW_UP,,
"V5 SM1/ Predose PK Serum",4,ON_TREATMENT,,
"UDNAC23",4,,,
"Retest WEEK3 SC",4,UNSCHEDULED,,
"Part 2 Cycle 12 Day 1",4,ON_TREATMENT,CYCLE_12,0
"VISIT 4",4,ON_TREATMENT,,
"Maintenance Dose-Escalation Month 6 Day 28",4,ON_TREATMENT,BASELINE,15552000
"C3RD1",4,,,
"Day 1 6h  C-Low",4,ON_TREATMENT,BASELINE,86400
"POOL2",4,,,
"Safety Follow-Up SFUW120",4,FOLLOW_UP,END_OF_TREATMENT,72576000
"Follow-up Month 1",4,FOLLOW_UP,END_OF_TREATMENT,2592000
"CYCLE29_DAY15",4,ON_TREATMENT,CYCLE_29,1209600
"V05.32",4,ON_TREATMENT,,
"BETD",4,,,
"Occasion 1 3h 01m",4,,,
"Mid Treatment Response Assessment Cycle 3 Day 31",4,ON_TREATMENT,CYCLE_3,2592000
"4MPT",4,,,
"21 WEEK 12",4,ON_TREATMENT,BASELINE,7257600
"Extra Visit at Relapsing 3 Double Blind Period",4,,,
"UNSCH/RETEST C16D1 P",4,UNSCHEDULED,,
"Week 112 Early Termination",4,END_OF_TREATMENT,,
"UNSCHEDULED LABS",4,UNSCHEDULED,,
"LTE Day 1",4,,,
"Unscheduled.",4,UNSCHEDULED,,
"Month 22",4,ON_TREATMENT,BASELINE,57024000
"Double Blinded Unscheduled",4,UNSCHEDULED,,
"C1D15S1NBX",4,ON_TREATMENT,CYCLE_1,1209600
"264",4,,,
"MTD_DAY29",4,,,
"Implant Post Refill Month 20 Day 1",4,PROCEDURE,,
"UNSCH/RETEST C2D1",4,UNSCHEDULED,,
"A-BG END COMBO",4,,,
"C4/D8",4,ON_TREATMENT,CYCLE_4,604800
"Period 2 Day 16",4,ON_TREATMENT,,
"CYCLE_33",4,ON_TREATMENT,CYCLE_33,0
"C17 D1 PRE P1A",4,ON_TREATMENT,CYCLE_17,0
"C6D1*",4,ON_TREATMENT,CYCLE_6,0
"LTFU9",4,,,
"DISC SCREENING",4,SCREENING,SCREENING,0
"Tumor Assessment Week 18",4,ON_TREATMENT,BASELINE,10886400
"Implant Post Refill Month 29 Day 7",4,PROCEDURE,,
"Safety Follow-Up SFUW132",4,FOLLOW_UP,END_OF_TREATMENT,79833600
"Day 7 12h  A-Low",4,ON_TREATMENT,BASELINE,604800
"C3/D1 PRE",4,ON_TREATMENT,CYCLE_3,0
"MADP Day 10 72h",4,,,
"Week 135",4,ON_TREATMENT,BASELINE,81648000
"C7D1*",4,ON_TREATMENT,CYCLE_7,0
"Day 1 12h  A-Low",4,ON_TREATMENT,BASELINE,86400
"Post TCZ Treatment Day 1",4,ON_TREATMENT,,
"Retreat 2 wk 72",4,ON_TREATMENT,BASELINE,43545600
"C2 Last Dosing Day +",4,,,
"V03.40",4,ON_TREATMENT,,
"C24D1D",4,ON_TREATMENT,CYCLE_24,0
"Retest Pretreatment",4,UNSCHEDULED,,
"Cycle 10 Day 8 (Arm AB)",4,ON_TREATMENT,CYCLE_10,604800
"C30D28",4,ON_TREATMENT,CYCLE_30,2332800
"Day 3 0h  A-Low",4,ON_TREATMENT,BASELINE,259200
"Cycle 2 Day 18",4,ON_TREATMENT,CYCLE_2,1468800
"C2D15D",4,ON_TREATMENT,CYCLE_2,1209600
"MADP Day 7 15m",4,,,
"MIBC Cycle 3 Day 1",4,ON_TREATMENT,CYCLE_3,0
"M16",4,,,
"Day 6 to Day 7",4,ON_TREATMENT,BASELINE,518400
"Tumor Biopsy. SCNBX.",4,PROCEDURE,,
"Group 3 Day 5",4,,,
"C7D28",4,ON_TREATMENT,CYCLE_7,2332800
"Cycle 0 Day 4 (Arm DE)",4,ON_TREATMENT,CYCLE_0,259200
"C17D28",4,ON_TREATMENT,CYCLE_17,2332800
"Part A Week 3 Day 1",4,ON_TREATMENT,BASELINE,1814400
"Day 5 4h  B-High",4,ON_TREATMENT,BASELINE,432000
"Day 1 1h  C-Low",4,ON_TREATMENT,BASELINE,86400
"Follow Up Week 45",4,FOLLOW_UP,END_OF_TREATMENT,27216000
"PML",4,,,
"SV2T",4,,,
"Post Dose, Day 20",4,ON_TREATMENT,,
"Cycle 0 Day 2 (Arm DE)",4,ON_TREATMENT,CYCLE_0,86400
"UNSCHED VISIT 4",4,UNSCHEDULED,,
"Early Termination Week 96",4,END_OF_TREATMENT,,
"D2D8",4,ON_TREATMENT,BASELINE,172800
"FUM3",4,,,
"Unscheduled AH",4,UNSCHEDULED,,
"C16D1A",4,ON_TREATMENT,CYCLE_16,0
"216-240 hour",4,,,
"Part 1 Cycle 25 Day 1",4,ON_TREATMENT,CYCLE_25,0
"Tumor Assessment Week 174",4,ON_TREATMENT,BASELINE,105235200
"Part 2 Cycle 16 Day",4,,,
"MADP Day 7 12h",4,,,
"Group 4 Day 3",4,,,
"S2AC1D19",4,ON_TREATMENT,CYCLE_1,1555200
"12 Week Follow Up Screening",4,SCREENING,SCREENING,0
"MONOTHERAPY11",4,,,
"Retest Day 4",4,UNSCHEDULED,,
"MAIN.THE.C5D1",4,ON_TREATMENT,CYCLE_5,0
"Day 7 2h  A-Low",4,ON_TREATMENT,BASELINE,604800
"D1OLEC5",4,ON_TREATMENT,BASELINE,86400
"Pre-Screening Optional Tumor Biopsy",4,SCREENING,SCREENING,0
"PRES",4,,,
"Day 5 1h  B-Low",4,ON_TREATMENT,BASELINE,432000
"GENOTYPING",4,,,
"D15 8Hr Postdose",4,ON_TREATMENT,BASELINE,1296000
"Day 1 8h  A-Low",4,ON_TREATMENT,BASELINE,86400
"Cycle 31 Day 2",4,ON_TREATMENT,CYCLE_31,86400
"Day 5 0h  A-High",4,ON_TREATMENT,BASELINE,432000
"PDSWK4",4,ON_TREATMENT,BASELINE,2419200
"C1D30",4,ON_TREATMENT,CYCLE_1,2505600
"Week 276",4,ON_TREATMENT,BASELINE,166924800
"Day 4 0h  D-High",4,ON_TREATMENT,BASELINE,345600
"Visit 22",4,ON_TREATMENT,,
"Tumor Assessment Week 69",4,ON_TREATMENT,BASELINE,41731200
"Day 1 Postdose",4,ON_TREATMENT,BASELINE,86400
"Day 6 0h  C-Low",4,ON_TREATMENT,BASELINE,518400
"S2BCC2-3",4,,,
"Day 30 Post Explantation",4,ON_TREATMENT,BASELINE,2592000
"Day 1 12h  C-Low",4,ON_TREATMENT,BASELINE,86400
"C4/D1",4,ON_TREATMENT,CYCLE_4,0
"Pre-treatment-2",4,ON_TREATMENT,,
"106",4,,,
"Retest of Screening/",4,SCREENING,SCREENING,0
"Week 5 Day 29 - Mobile Nursing",4,ON_TREATMENT,BASELINE,3024000
"Day 1 0h  D-High",4,ON_TREATMENT,BASELINE,86400
"6 Month and 12 Month After 1st confirmed CR/sCR",4,ON_TREATMENT,BASELINE,15552000
"Cycle 1 Day 24",4,ON_TREATMENT,CYCLE_1,1987200
"C1D4IB",4,ON_TREATMENT,CYCLE_1,259200
"-24-0 hour",4,,,
"Retreatment 6 Day 1",4,ON_TREATMENT,,
"Day 11 .5h  B-Low",4,ON_TREATMENT,BASELINE,950400
"Screening SM3/PLASMA PD ALQ1",4,SCREENING,SCREENING,0
"Part 1 Cycle 32 Day 1",4,ON_TREATMENT,CYCLE_32,0
"COMPEARLYTERMIGE",4,,,
"Group 2 Day 2",4,,,
"CYCLE7_DAY2",4,ON_TREATMENT,CYCLE_7,86400
"Week 130",3,ON_TREATMENT,BASELINE,78624000
"Part A Week 1 Day 2",3,ON_TREATMENT,BASELINE,604800
"Consolidation Month 1 Day 1",3,ON_TREATMENT,BASELINE,2592000
"Implant Post Refill Month 27 Day 7",3,PROCEDURE,,
"C2D1 MEGF0444A PK Pre",3,ON_TREATMENT,CYCLE_2,0
"W13D85",3,ON_TREATMENT,BASELINE,7862400
"WEEK 12&20",3,ON_TREATMENT,BASELINE,7257600
"C16D1C",3,ON_TREATMENT,CYCLE_16,0
"Treatment Disc/Disease progression",3,DISEASE_PROGRESSION,,
"DE/EX Except BXA, BXB, SA C1D-1",3,,,
"M9.5",3,,,
"21 RT 7 DAY 15",3,,,
"DAY 1 RE-TRT  IN",3,ON_TREATMENT,BASELINE,86400
"Cycle 6 Day 1 Predose",3,ON_TREATMENT,CYCLE_6,0
"OL Day 1RT6D1",3,,,
"WK 48 RE-TRT 8",3,ON_TREATMENT,BASELINE,29030400
"Part 1 Cycle 16 Day",3,,,
"Week 16 Supplemental",3,ON_TREATMENT,BASELINE,9676800
"Retest Additional Cycle 1 Week 12",3,UNSCHEDULED,,
"Part A Week 5 Day 2",3,ON_TREATMENT,BASELINE,3024000
"C43D28",3,ON_TREATMENT,CYCLE_43,2332800
"G-ET",3,,,
"Visit 8 Day 22 SM2/PD PRE GREEN -70 FROZEN",3,ON_TREATMENT,,
"C5D130MIN_POST_INFUSION",3,ON_TREATMENT,CYCLE_5,11145600
"C3D5M",3,ON_TREATMENT,CYCLE_3,345600
"C40D1C",3,ON_TREATMENT,CYCLE_40,0
"Visit 18",3,ON_TREATMENT,,
"Screening Cohort SC SM3 PD Plasma - Aliquot 1 - Sc",3,SCREENING,SCREENING,0
"Unscheduled C2XD1",3,UNSCHEDULED,,
"21  RT  21 DAY 1",3,,,
"UNSCH/RETEST C7D1 PR",3,UNSCHEDULED,,
"UNSCHED/RETEST P1 DO",3,UNSCHEDULED,,
"Study Follow-up 3",3,FOLLOW_UP,,
"SAD DAY 3",3,,,
"RETREATMENT_CYCLE4",3,ON_TREATMENT,,
"Every 3 Month Follow-up",3,FOLLOW_UP,,
"21 RT 4 DAY 1",3,,,
"CD0I",3,,,
"Week 8 Unscheduled",3,UNSCHEDULED,,
"Cycle 1 On Treatment",3,ON_TREATMENT,,
"Q3W C5 D1 30MIN",3,ON_TREATMENT,CYCLE_5,0
"Unscheduled C2D1 Arm A",3,UNSCHEDULED,,
"Nothing Control",3,,,
"C1D1 POST",3,ON_TREATMENT,CYCLE_1,0
"Safety Cycle >7 Day 1",3,,,
"Wk 24 Pre In",3,ON_TREATMENT,BASELINE,14515200
"C1D8 P1 DOUBLE",3,ON_TREATMENT,CYCLE_1,604800
"S2C2D1",3,ON_TREATMENT,CYCLE_2,0
"Following Treated Bleed 9",3,,,
"PRE",3,,,
"Day 364",3,ON_TREATMENT,BASELINE,31449600
"264-288 hour",3,,,
"S2BCC24D1",3,ON_TREATMENT,CYCLE_24,0
"LTFU1",3,,,
"Baseline Amendment D",3,BASELINE,BASELINE,0
"C16D1E",3,ON_TREATMENT,CYCLE_16,0
"Prior to Start of Dopaminergic Week 132",3,ON_TREATMENT,BASELINE,79833600
"C9D15 -0.17H",3,ON_TREATMENT,CYCLE_9,1270800
"C3D1 POST",3,ON_TREATMENT,CYCLE_3,0
"Cycle 1 Day 2 SM5/ Serum PD 24 HRS POST SM5/S PD 2",3,ON_TREATMENT,CYCLE_1,172800
"Day 43 SM2 PK Predose",3,ON_TREATMENT,BASELINE,3715200
"WEEK12BSR2",3,ON_TREATMENT,BASELINE,7257600
"Month 20 Follow Up",3,FOLLOW_UP,END_OF_TREATMENT,51840000
"Part II C1D8",3,ON_TREATMENT,CYCLE_1,604800
"Pharmacogenetics",3,,,
"Pooling Group 4",3,,,
"END OF CYCLE 14",3,,,
"Month 43 Follow Up",3,FOLLOW_UP,END_OF_TREATMENT,111456000
"C32D1E",3,ON_TREATMENT,CYCLE_32,0
"Early Termination Week 1",3,END_OF_TREATMENT,,
"Primary C1D7",3,ON_TREATMENT,CYCLE_1,518400
"Retest Cycle 2 Day 1",3,UNSCHEDULED,,
"Part 1 Cycle 26 Day 1",3,ON_TREATMENT,CYCLE_26,0
"PIB6MPT",3,,,
"Period 2 Day 9",3,ON_TREATMENT,,
"ExtraPK2",3,,,
"C20 DAY 1 PREDOSE",3,ON_TREATMENT,CYCLE_20,0
"Pre-Dose,Day 20",3,ON_TREATMENT,,
"M35",3,,,
"Pooling Groups 5 and 12",3,,,
"C48D1A",3,ON_TREATMENT,CYCLE_48,0
"Coagulation Factors at Hospital",3,,,
"Month 55 Follow Up",3,FOLLOW_UP,END_OF_TREATMENT,142560000
"MADP Day 7 2h",3,,,
"SCR ARCH/FRESH TUMOR ARM C-D-E",3,SCREENING,SCREENING,0
"Day 7 6h  A-Low",3,ON_TREATMENT,BASELINE,604800
"V03.3",3,ON_TREATMENT,,
"Visit 41 Withdrawal",3,END_OF_TREATMENT,,
"Mobile Nursing Visit 5/Infant",3,,,
"RBR samples",3,,,
"ATEZO PK/BIOM C1D1",3,ON_TREATMENT,CYCLE_1,0
"WK68",3,ON_TREATMENT,BASELINE,41126400
"V04.30",3,ON_TREATMENT,,
"Cycle 24 Day 1 Predose",3,ON_TREATMENT,CYCLE_24,0
"Day253",3,ON_TREATMENT,BASELINE,21859200
"Withdrawal From Treatment",3,END_OF_TREATMENT,,
"SECONDLINE5",3,,,
"SRL BX WK6",3,ON_TREATMENT,BASELINE,3628800
"Part 1 Cycle 18 Day 1",3,ON_TREATMENT,CYCLE_18,0
"Safety Follow Up Visit 7",3,FOLLOW_UP,,
"Occasion 1 10h 00m",3,,,
"Encounter 4",3,,,
"Follow-up Month 37",3,FOLLOW_UP,END_OF_TREATMENT,95904000
"Implant Post Refill Month 28 Day 7",3,PROCEDURE,,
"C40D28",3,ON_TREATMENT,CYCLE_40,2332800
"Food EP Day 15",3,,,
"C16 D1 P1A",3,ON_TREATMENT,CYCLE_16,0
"Follow Up Visit 13 Year 6",3,FOLLOW_UP,END_OF_TREATMENT,189216000
"Cycle 11 Day 10",3,ON_TREATMENT,CYCLE_11,777600
"T2_DAY15",3,,,
"FU wk 228",3,FOLLOW_UP,,
"OSE Visit 7 Week 10",3,ON_TREATMENT,BASELINE,6048000
"D1OLEC4",3,ON_TREATMENT,BASELINE,86400
"D37",3,ON_TREATMENT,BASELINE,3196800
"D1 6H A4",3,ON_TREATMENT,BASELINE,86400
"Unscheduled OPH",3,UNSCHEDULED,,
"Pre-Randomization",3,BASELINE,BASELINE,0
"Tumor Assessment Week 52",3,ON_TREATMENT,BASELINE,31449600
"LTFU8",3,,,
"STUDY DISCONTINUATION",3,END_OF_TREATMENT,,
"Prog Amb Sample",3,,,
"V26",3,ON_TREATMENT,,
"96",3,,,
"Day197",3,ON_TREATMENT,BASELINE,17020800
"PART 2 Day 15",3,,,
"C8D1 30MIN",3,ON_TREATMENT,CYCLE_8,0
"Low Methylated DNA Control",3,,,
"10",3,,,
"C33 D1 Pre-dose",3,ON_TREATMENT,CYCLE_33,0
"Archvial Screening",3,SCREENING,SCREENING,0
"WEEK_324_ON_TX",3,ON_TREATMENT,BASELINE,195955200
"Pre-Dose",3,ON_TREATMENT,,
"C17D1A",3,ON_TREATMENT,CYCLE_17,0
"Day 11 12h  B-Low",3,ON_TREATMENT,BASELINE,950400
"OL Week 2",3,ON_TREATMENT,BASELINE,1209600
"Part 3 Day 10",3,,,
"VISIT2/M26",3,ON_TREATMENT,,
"D120I",3,ON_TREATMENT,BASELINE,10368000
"C5D15 P2",3,ON_TREATMENT,CYCLE_5,1209600
"Post Treatment Follow up",3,FOLLOW_UP,,
"RETEST Visit 6",3,UNSCHEDULED,,
"Safety Follow Up Week 36 Retest",3,FOLLOW_UP,END_OF_TREATMENT,21772800
"UNSCH/RETEST C37D1",3,UNSCHEDULED,,
"MADP Day 1 12h",3,,,
"ARM C/E C6D15",3,ON_TREATMENT,CYCLE_6,1209600
"V06.11",3,ON_TREATMENT,,
"C32D1A",3,ON_TREATMENT,CYCLE_32,0
"FL Regimen B C1D5",3,ON_TREATMENT,CYCLE_1,345600
"Week 19 Follow Up",3,FOLLOW_UP,END_OF_TREATMENT,11491200
"End of C13",3,,,
"Week 11 Follow Up",3,FOLLOW_UP,END_OF_TREATMENT,6652800
"Day 1 4h  A-Low",3,ON_TREATMENT,BASELINE,86400
"Biopsy Day",3,PROCEDURE,,
"OFFC1BD2",3,,,
"FU 4 WEEKS",3,FOLLOW_UP,,
"WEEK 8 RE-TRT 3",3,ON_TREATMENT,BASELINE,4838400
"M17",3,,,
"B-BG C3D1",3,ON_TREATMENT,CYCLE_3,0
"Cycle4 Day1 Arm A Only",3,ON_TREATMENT,CYCLE_4,0
"SFUW120",3,ON_TREATMENT,BASELINE,72576000
"UDNAC14X",3,,,
"Biopsy Post Screening",3,SCREENING,SCREENING,0
"A/B-12WK FOLLOW UP #16",3,FOLLOW_UP,,
"On-progression biopsy",3,PROCEDURE,,
"SFUW132",3,ON_TREATMENT,BASELINE,79833600
"DAY 98",3,ON_TREATMENT,BASELINE,8467200
"Week 17 Follow Up",3,FOLLOW_UP,END_OF_TREATMENT,10281600
"Day 11 8h  B-Low",3,ON_TREATMENT,BASELINE,950400
"Cycle 5 Day 17",3,ON_TREATMENT,CYCLE_5,1382400
"Visit 2a Day 14",3,ON_TREATMENT,,
"Retest SURG",3,UNSCHEDULED,,
"Cycle 8 Day 6",3,ON_TREATMENT,CYCLE_8,432000
"Retreat FU wk 156",3,ON_TREATMENT,BASELINE,94348800
"Follow-up Month 27",3,FOLLOW_UP,END_OF_TREATMENT,69984000
"MADP Day 7 1h",3,,,
"Unscheduled Visit 2",3,UNSCHEDULED,,
"Tumor Assessment Week 35",3,ON_TREATMENT,BASELINE,21168000
"Month 52 Follow Up",3,FOLLOW_UP,END_OF_TREATMENT,134784000
"B-cell Monitoring Visit 2",3,,,
"Day 7 8h  C-Low",3,ON_TREATMENT,BASELINE,604800
"131",3,,,
"D1ADDOC04",3,ON_TREATMENT,BASELINE,86400
"Post Treatment 15min",3,FOLLOW_UP,,
"OLE Safety Follow Up or Early Term",3,FOLLOW_UP,,
"M6s",3,,,
"Treament Completion/ET Visit",3,,,
"Visit 45 Week 328",3,ON_TREATMENT,BASELINE,198374400
"CAPCTDNAC5D1",3,ON_TREATMENT,CYCLE_5,0
"SV2G",3,,,
"Tumor Assessment Week 68",3,ON_TREATMENT,BASELINE,41126400
"VISIT1/M33",3,ON_TREATMENT,,
"Day 7 0h  C-Low",3,ON_TREATMENT,BASELINE,604800
"Day 1 12h  D-High",3,ON_TREATMENT,BASELINE,86400
"Occasion 1 1d 00h 01",3,,,
"Screening SM6/ Plasma PD Pre FROZEN ALQ2",3,SCREENING,SCREENING,0
"Retest V1 SM PD Samples",3,UNSCHEDULED,,
"Cycle 1 Day -12",3,ON_TREATMENT,CYCLE_1,950400
"Sample 26",3,,,
"Archival. Screening.",3,SCREENING,SCREENING,0
"Cycle 9 Day 1 Retest",3,ON_TREATMENT,CYCLE_9,0
"AWEEK32",3,ON_TREATMENT,BASELINE,19353600
"Day 11 6h  B-Low",3,ON_TREATMENT,BASELINE,950400
"EARLY-TERM",3,,,
"UNSCH/RETEST C60D1",3,UNSCHEDULED,,
"C2 D15",3,ON_TREATMENT,CYCLE_2,1209600
"CAL1",3,,,
"Month 56 Follow Up",3,FOLLOW_UP,END_OF_TREATMENT,145152000
"Visit 3a Day 15",3,ON_TREATMENT,,
"Week 72 Retest",3,ON_TREATMENT,BASELINE,43545600
"MADP Day 9 48h",3,,,
"S2BCC26D1",3,ON_TREATMENT,CYCLE_26,0
"CYCLE 1 DAY 15",3,ON_TREATMENT,CYCLE_1,1209600
"Tumor Assess W58",3,ON_TREATMENT,BASELINE,35078400
"C3D1COM PREDOSE",3,ON_TREATMENT,CYCLE_3,0
"Survival Follow-Up Visit 2",3,FOLLOW_UP,,
"C20D1F",3,ON_TREATMENT,CYCLE_20,0
"SCD1",3,,,
"DBT Infusion (every 24 wks)",3,ON_TREATMENT,,
"V03.32",3,ON_TREATMENT,,
"Day 7 (10)",3,ON_TREATMENT,BASELINE,604800
"MADP Day 3 0h",3,,,
"Safety F/U",3,,,
"Follow-up Visit Month 18",3,FOLLOW_UP,END_OF_TREATMENT,46656000
"C6D1 P1 DOUBLE",3,ON_TREATMENT,CYCLE_6,0
"Cycle 93 Day 1",3,ON_TREATMENT,CYCLE_93,0
"Pre-TCZ Treatment",3,ON_TREATMENT,,
"ARM E CYCLE 4 D1 PRE",3,ON_TREATMENT,CYCLE_4,0
"CAL2",3,,,
"Follow-up Month 14",3,FOLLOW_UP,END_OF_TREATMENT,36288000
"WK112",3,ON_TREATMENT,BASELINE,67737600
"C7D15 -0.17H",3,ON_TREATMENT,CYCLE_7,1270800
"SCR ARCH_FRESH TMR IPILIMUMAB",3,SCREENING,SCREENING,0
"S24WFUOLE",3,,,
"FUT12",3,,,
"Day 1 of Cycle 3",3,ON_TREATMENT,BASELINE,86400
"Sputum Samples from COPD Patients Processed with PBS",3,,,
"C44D1 PREDOSE",3,ON_TREATMENT,CYCLE_44,0
"Pooling Group 14",3,,,
"Week 60 Retest",3,ON_TREATMENT,BASELINE,36288000
"Year 4",3,ON_TREATMENT,BASELINE,126144000
"V01.40",3,ON_TREATMENT,,
"Pre Re-Start Study Treatment",3,ON_TREATMENT,,
"DDI D8",3,,,
"Pre-TCZ",3,,,
"Day 14 (13)",3,ON_TREATMENT,BASELINE,1209600
"WK 104 RE-TRT 6 (or WD)",3,ON_TREATMENT,BASELINE,62899200
"Cycle 3 Days 29-42",3,,,
"PART 2 Day 5",3,,,
"PC24D1",3,ON_TREATMENT,CYCLE_24,0
"Sample 12",3,,,
"Safety Follow Up  21",3,FOLLOW_UP,,
"Post Bypassing Treatment 3",3,ON_TREATMENT,,
"C19D1A",3,ON_TREATMENT,CYCLE_19,0
"RETEST1",3,UNSCHEDULED,,
"Follow-up Month 17",3,FOLLOW_UP,END_OF_TREATMENT,44064000
"Unscheduled Cycle 7 Day 1",3,UNSCHEDULED,,
"Day 4 0h  A-Low",3,ON_TREATMENT,BASELINE,345600
"D7TB",3,ON_TREATMENT,BASELINE,604800
"AMDBWEEK24",3,ON_TREATMENT,BASELINE,14515200
"P2A Day 36 Follow up",3,FOLLOW_UP,,
"D7T",3,ON_TREATMENT,BASELINE,604800
"Cycle 4 Day 1 (Crossover)",3,ON_TREATMENT,CYCLE_4,0
"SM9/ ARCHIVAL TUMOR SLIDE FFPE. SCRNTISSUE",3,ARCHIVAL,,
"Follow-Up Month 9",3,FOLLOW_UP,END_OF_TREATMENT,23328000
"US P2QW Baseline",3,BASELINE,BASELINE,0
"Metastatic PREDOSE",3,ON_TREATMENT,,
"Prior to Start of Dopaminergic Week 76",3,ON_TREATMENT,BASELINE,45964800
"End of C3D28",3,ON_TREATMENT,CYCLE_3,2332800
"Retest Cycle 12 Week 12",3,UNSCHEDULED,,
"Part 1 Cycle 30 Day 1",3,ON_TREATMENT,CYCLE_30,0
"Cycle 11 Day 8 (Arm AB)",3,ON_TREATMENT,CYCLE_11,604800
"Pooling Group 13",3,,,
"CAL5",3,,,
"Screening SM6/ Plasma PD Pre FROZEN ALQ1",3,SCREENING,SCREENING,0
"RESCREEN1",3,,,
"S2BCC25D1",3,ON_TREATMENT,CYCLE_25,0
"PROGRESSION_OF_DISEASE",3,DISEASE_PROGRESSION,,
"Cycle 3 Day 15 Sch II",3,ON_TREATMENT,CYCLE_3,1209600
"Cycle 12 Day 8 (Arm AB)",3,ON_TREATMENT,CYCLE_12,604800
"Implant Post Refill Month 24 Day 1",3,PROCEDURE,,
"Week 65 Day 449",3,ON_TREATMENT,BASELINE,39312000
"V02.51",3,ON_TREATMENT,,
"POOL",3,,,
"DAY_21",3,ON_TREATMENT,BASELINE,1814400
"Week 4 Day 28 Unscheduled or Retest",3,UNSCHEDULED,,
"C1D15 AMB",3,ON_TREATMENT,CYCLE_1,1209600
"Unscheduled or Retest Early Termination",3,UNSCHEDULED,,
"CAPCTONAWTC",3,,,
"During Trial",3,,,
"Discontinuation/Earl",3,END_OF_TREATMENT,,
"WK 72 RE-TRT IN",3,ON_TREATMENT,BASELINE,43545600
"Week 354",3,ON_TREATMENT,BASELINE,214099200
"Week 47",3,ON_TREATMENT,BASELINE,28425600
"Month 61 Follow Up",3,FOLLOW_UP,END_OF_TREATMENT,158112000
"QW C1 D2",3,ON_TREATMENT,CYCLE_1,86400
"Bronchoscopy Day 3",3,PROCEDURE,,
"Day 15 of Cycle 1",3,ON_TREATMENT,BASELINE,1296000
"Day 203",3,ON_TREATMENT,BASELINE,17539200
"Day 4 0h  C-Low",3,ON_TREATMENT,BASELINE,345600
"WEEK 4 (DOSE 6)",3,ON_TREATMENT,BASELINE,2419200
"WEEK 2 (DOSE 3)",3,ON_TREATMENT,BASELINE,1209600
"Follow-up Month 4",3,FOLLOW_UP,END_OF_TREATMENT,10368000
"Retest Cycle 9 Day 1",3,UNSCHEDULED,,
"Cycle 2 Day 15 Sch II & III",3,ON_TREATMENT,CYCLE_2,1209600
"Follow-Up 2 or DO 2",3,FOLLOW_UP,,
"33 Month Follow Up",3,FOLLOW_UP,,
"C2D1 3HR P1A",3,ON_TREATMENT,CYCLE_2,10800
"FU 192 WEEKS",3,FOLLOW_UP,,
"UDNAC15X",3,,,
"FU wk 216",3,FOLLOW_UP,,
"Day 15 Postdose",3,ON_TREATMENT,BASELINE,1296000
"Retest W3 (SRI and SC)",3,UNSCHEDULED,,
"COURSE4",3,,,
"Cycle 0 Day 5 (Arm AB)",3,ON_TREATMENT,CYCLE_0,345600
"Food EP Day 1 12h",3,,,
"SM9/ ARCHIVAL TUMOR SLIDE FFPE. PREDOSE.",3,ARCHIVAL,,
"B cell monitoring visit 8",3,,,
"MTD_DAY22",3,,,
"Day 5 8h  B-Low",3,ON_TREATMENT,BASELINE,432000
"Follow Up Week 27",3,FOLLOW_UP,END_OF_TREATMENT,16329600
"WEEK 24 / WD",3,ON_TREATMENT,BASELINE,14515200
"Day 7 4h  D-High",3,ON_TREATMENT,BASELINE,604800
"Month 29",3,ON_TREATMENT,BASELINE,75168000
"Arm C Retest",3,,,
"C3/D15",3,ON_TREATMENT,CYCLE_3,1209600
"C1D1 30 MIN",3,ON_TREATMENT,CYCLE_1,0
"Part 2 Period 1 Day 1",3,,,
"72-96 hour",3,,,
"WK 104 RE-TRT (or WITHDRAWAL)",3,END_OF_TREATMENT,,
"Week 103",3,ON_TREATMENT,BASELINE,62294400
"TREATMENT DAY 15",3,ON_TREATMENT,,
"Day 8 Unscheduled",3,UNSCHEDULED,,
"Sub-Study Completion",3,END_OF_TREATMENT,,
"WK 20 RE-TRT 4",3,ON_TREATMENT,BASELINE,12096000
"Occasion 1 6h 00m",3,,,
"Q3W C9 D1",3,ON_TREATMENT,CYCLE_9,0
"Group 2 Day 12",3,,,
"Unscheduled10",3,UNSCHEDULED,,
"M21",3,,,
"C37D28",3,ON_TREATMENT,CYCLE_37,2332800
"SRL BX WK4 (DAY 22-28)",3,ON_TREATMENT,BASELINE,2419200
"C1 D1 POSTDOSE",3,ON_TREATMENT,CYCLE_1,0
"DE SA/EX C1D1",3,ON_TREATMENT,CYCLE_1,0
"C13D1 -0.17H",3,ON_TREATMENT,CYCLE_13,61200
"Day7",3,ON_TREATMENT,BASELINE,604800
"Implant Post Refill Month 25 Day 1",3,PROCEDURE,,
"Implant Post Refill Month 27 Day 1",3,PROCEDURE,,
"Post TCZ Treatment Day 2",3,ON_TREATMENT,,
"V01.3",3,ON_TREATMENT,,
"Part 1 Cycle 35 Day 1",3,ON_TREATMENT,CYCLE_35,0
"Part 3 Day 4",3,,,
"96 WEEKS (CYCLE 33)",3,,,
"BEUNS",3,,,
"Early Termination Screening",3,SCREENING,SCREENING,0
"Part 2 Cycle 21 Day 1",3,ON_TREATMENT,CYCLE_21,0
"C3D3F IRIN POST 5-FU",3,ON_TREATMENT,CYCLE_3,172800
"SDDV Do Not Test",3,,,
"Part 1 Cycle 19 Day 1",3,ON_TREATMENT,CYCLE_19,0
"Cycle 36 Day 1 Predose",3,ON_TREATMENT,CYCLE_36,0
"End of Cycle 20",3,,,
"Week 44 Retest",3,ON_TREATMENT,BASELINE,26611200
"Screening A",3,SCREENING,SCREENING,0
"Cycle 10 Day 8",3,ON_TREATMENT,CYCLE_10,604800
"D 57",3,,,
"W24SUPP",3,ON_TREATMENT,BASELINE,14515200
"Coriell Control",3,,,
"MADP Day 8 24h",3,,,
"Biopsy Screen - Primary",3,PROCEDURE,,
"Cycle 9 Treatment Week 12 Post Day 1 Infusion",3,ON_TREATMENT,BASELINE,7257600
"C11D1 -0.17H",3,ON_TREATMENT,CYCLE_11,61200
"FU DAY 15",3,FOLLOW_UP,,
"WEEK 12 PREDOSE",3,ON_TREATMENT,BASELINE,7257600
"Retest Week 2",3,UNSCHEDULED,,
"UNS1",3,,,
"Visit 45 Week 320",3,ON_TREATMENT,BASELINE,193536000
"D15 1Hr Posedose",3,ON_TREATMENT,BASELINE,1296000
"CAOCTDNAW12",3,ON_TREATMENT,BASELINE,7257600
"D15-30mPostdose",3,ON_TREATMENT,BASELINE,1296000
"C20 D1 PRE P1B SC",3,ON_TREATMENT,CYCLE_20,0
"LTFU7",3,,,
"C1D1PREDOSE",3,ON_TREATMENT,CYCLE_1,0
"Cycle 6 Day 1 SM6/ Plasma PD Pre ALIQUOT 2",3,ON_TREATMENT,CYCLE_6,0
"Week 24 Day 1 Prior to dose",3,ON_TREATMENT,BASELINE,14515200
"Cycle 97 Day 1",3,ON_TREATMENT,CYCLE_97,0
"C14 D1 P1A",3,ON_TREATMENT,CYCLE_14,0
"On TX Bone Marrow (Esc and Exp)",3,,,
"UnscheduledWeek1",3,UNSCHEDULED,,
"Safety FU Week 17",3,FOLLOW_UP,,
"Week 37 Day 253 - Mobile Nursing",3,ON_TREATMENT,BASELINE,22377600
"LTFU5",3,,,
"Tumor Assess W66",3,ON_TREATMENT,BASELINE,39916800
"Double Blinded Delay Dosing",3,,,
"Follow-Up Month 3",3,FOLLOW_UP,END_OF_TREATMENT,7776000
"CYCLE 461A",3,,,
"Screening Day -7 to -3",3,SCREENING,SCREENING,0
"Cycle 6 Day 1 SM7/ Serum PD Pre ALIQUOT 2",3,ON_TREATMENT,CYCLE_6,0
"UnscheduledWeek4",2,UNSCHEDULED,,
"During Therapy",2,,,
"C12D1 SM4 30MIN POST",2,ON_TREATMENT,CYCLE_12,0
"C19D15 -0.17H",2,ON_TREATMENT,CYCLE_19,1270800
"Food EP Day 1 2h",2,,,
"D90 POST STUDY DISCNT(A3",2,FOLLOW_UP,,
"RETEST Visit 12",2,UNSCHEDULED,,
"C5D1 PRE P1A",2,ON_TREATMENT,CYCLE_5,0
"Implant Post Refill Month 30 Day 1",2,PROCEDURE,,
"Sample 29",2,,,
"C2D5",2,ON_TREATMENT,CYCLE_2,345600
"Following Treated Bleed 6",2,,,
"Post Bypassing Treatment 2",2,ON_TREATMENT,,
"CTCCAPW54",2,ON_TREATMENT,BASELINE,32659200
"Sample 10",2,,,
"C2D1 DISC1",2,ON_TREATMENT,CYCLE_2,0
"Cycle 1 Day 1 Auto Antibodies",2,ON_TREATMENT,CYCLE_1,0
"Cycle2_Day1",2,ON_TREATMENT,CYCLE_2,0
"WEEK48BSR2",2,ON_TREATMENT,BASELINE,29030400
"RNAlater Control",2,,,
"WK 104 RE-TRT 11",2,ON_TREATMENT,BASELINE,62899200
"End of Treatment Week 4 Day 26",2,END_OF_TREATMENT,,
"Pooling Group 11",2,,,
"RETREATMENT_CYCLE2",2,ON_TREATMENT,,
"DAY15 24HR-POST 2",2,ON_TREATMENT,BASELINE,1296000
"Part II C5: Day 1: P",2,,,
"End of C18",2,,,
"Follow Up 2",2,FOLLOW_UP,,
"CYCLE_36",2,ON_TREATMENT,CYCLE_36,0
"Week 55",2,ON_TREATMENT,BASELINE,33264000
"CR1",2,,,
"12MCRBX",2,,,
"Up Titration 1 Week 13",2,ON_TREATMENT,BASELINE,7862400
"Phase IA Cycle 1 Day 2",2,ON_TREATMENT,CYCLE_1,86400
"C9D1M PRE",2,ON_TREATMENT,CYCLE_9,0
"Visit 36 Withdrawal",2,END_OF_TREATMENT,,
"Retreatment Termination",2,ON_TREATMENT,,
"CYCLE32_DAY1",2,ON_TREATMENT,CYCLE_32,0
"Visit 6 Day 8 SM2/PD PRE BLUE -70 FROZEN",2,ON_TREATMENT,,
"xARM B C1 D1 PRE",2,ON_TREATMENT,CYCLE_1,0
"CD56",2,,,
"RETEST Visit 10",2,UNSCHEDULED,,
"Occasion 1 1h 04m",2,,,
"ARM E CYCLE 3 D1 PRE INF",2,ON_TREATMENT,CYCLE_3,0
"Up Titration 1 Week 21",2,ON_TREATMENT,BASELINE,12700800
"AH Week 12: Pre",2,ON_TREATMENT,BASELINE,7257600
"VISIT1/M28",2,ON_TREATMENT,,
"Day 14 Week 2",2,ON_TREATMENT,BASELINE,1209600
"WK 8 RE-TRT 12",2,ON_TREATMENT,BASELINE,4838400
"VISIT 72",2,ON_TREATMENT,,
"Month 2 Post-treatment Follow-up visit",2,FOLLOW_UP,END_OF_TREATMENT,5184000
"Fresh Biopsy. Prior to Cycle 4.",2,PROCEDURE,,
"C6AD1",2,,,
"MONOTHERAPY12",2,,,
"MADP Day 7 4h",2,,,
"DPBX",2,,,
"C6D4",2,ON_TREATMENT,CYCLE_6,259200
"TERM",2,END_OF_TREATMENT,,
"ARM E CYCLE 1 D1 PRE INF",2,ON_TREATMENT,CYCLE_1,0
"QW C6 D1 30 MIN UNSCHED/RETEST",2,ON_TREATMENT,CYCLE_6,0
"CYCLE16_DAY5",2,ON_TREATMENT,CYCLE_16,345600
"C1D15 P1B IV",2,ON_TREATMENT,CYCLE_1,1209600
"M26",2,,,
"Week -12",2,ON_TREATMENT,BASELINE,7257600
"Cycle 40 Day 1 RCR",2,ON_TREATMENT,CYCLE_40,0
"CYCLE_2_DAY_1",2,ON_TREATMENT,CYCLE_2,0
"Sample 18",2,,,
"W9D57",2,ON_TREATMENT,BASELINE,5443200
"C3D1 30MIN",2,ON_TREATMENT,CYCLE_3,0
"BASELINE DAY1 RETEST",2,BASELINE,BASELINE,0
"S2AC10D1",2,ON_TREATMENT,CYCLE_10,0
"CYCLE_29",2,ON_TREATMENT,CYCLE_29,0
"VISIT0 - RETEST",2,ON_TREATMENT,,
"Bone Marrow Biopsy",2,PROCEDURE,,
"C14 DAY 1",2,ON_TREATMENT,CYCLE_14,0
"M29",2,,,
"Visit 44",2,ON_TREATMENT,,
"Sample 7",2,,,
"Following Treated Bleed 1 - Mobile Nursing",2,,,
"C4D1*",2,ON_TREATMENT,CYCLE_4,0
"ARM A CYCLE 7 D1",2,ON_TREATMENT,CYCLE_7,0
"UNSCH C3D1",2,UNSCHEDULED,,
"QW C1 D15",2,ON_TREATMENT,CYCLE_1,1209600
"Part II C2D1 PRE BEV",2,ON_TREATMENT,CYCLE_2,0
"UNSCHEDULED D8",2,UNSCHEDULED,,
"Retest Additional Cycle 2 Week 12",2,UNSCHEDULED,,
"Day 23 Pre-dose",2,ON_TREATMENT,BASELINE,1987200
"C4 DAY 1 30 MIN POST",2,ON_TREATMENT,CYCLE_4,0
"C3/D1",2,ON_TREATMENT,CYCLE_3,0
"Part II C11: Day 1:",2,,,
"TUMOR REGRESSION A3",2,,,
"Visit 5 Day 30 - Mobile Nursing",2,ON_TREATMENT,,
"Retreat 6 wk 24",2,ON_TREATMENT,BASELINE,14515200
"Month 31",2,ON_TREATMENT,BASELINE,80352000
"C4 D15",2,ON_TREATMENT,CYCLE_4,1209600
"Retreat 6 wk 12",2,ON_TREATMENT,BASELINE,7257600
"Survival Follow-Up Visit 12",2,FOLLOW_UP,,
"T3.10",2,,,
"Q3W C6 D1",2,ON_TREATMENT,CYCLE_6,0
"CYCLE 3 DAY 1 PREDOSE",2,ON_TREATMENT,CYCLE_3,0
"C2D1*",2,ON_TREATMENT,CYCLE_2,0
"T2.20",2,,,
"DAY 8 PRE-DOSE",2,ON_TREATMENT,BASELINE,691200
"RWK",2,,,
"B-BG C5D1",2,ON_TREATMENT,CYCLE_5,0
"V6 Predose PK Serum",2,ON_TREATMENT,,
"W105 IV",2,ON_TREATMENT,BASELINE,63504000
"Week 218",2,ON_TREATMENT,BASELINE,131846400
"EARLY WITHDRAWAL P1",2,END_OF_TREATMENT,,
"UDNAC18X",2,,,
"FU 12 WEEKS",2,FOLLOW_UP,,
"Cycle 2 Day 1* SM1/ Plasma PD Pre",2,ON_TREATMENT,CYCLE_2,0
"C7/D1 PRE",2,ON_TREATMENT,CYCLE_7,0
"CYCLE 391A",2,,,
"VISIT15",2,ON_TREATMENT,,
"Follow-up Day 14 Post Last Dose",2,FOLLOW_UP,,
"DE C8D1",2,ON_TREATMENT,CYCLE_8,0
"C12D1COM PREDOSE",2,ON_TREATMENT,CYCLE_12,0
"RETEST Visit 5",2,UNSCHEDULED,,
"WEEK24BSR2",2,ON_TREATMENT,BASELINE,14515200
"Unsched",2,UNSCHEDULED,,
"Month 58 Follow Up",2,FOLLOW_UP,END_OF_TREATMENT,150336000
"WEEK 56 POST",2,ON_TREATMENT,BASELINE,33868800
"Treatment Completion/ET SM5 MEGF0444A PK",2,END_OF_TREATMENT,,
"Sample 2",2,,,
"Day 4 Unscheduled or Retest",2,UNSCHEDULED,,
"Week 6 Day 42 Del >7",2,ON_TREATMENT,BASELINE,3628800
"Follow up Completion of Combination Therapy 54 Month",2,FOLLOW_UP,,
"Cycle 1 Day 4/5",2,ON_TREATMENT,CYCLE_1,259200
"Screening Not available SM3 PD Plasma - Aliquot 2",2,SCREENING,SCREENING,0
"Premature Withdrawal",2,END_OF_TREATMENT,,
"Visit 46",2,ON_TREATMENT,,
"C8D1COM PRE",2,ON_TREATMENT,CYCLE_8,0
"Maintenance Month 18",2,ON_TREATMENT,BASELINE,46656000
"Up Titration 1 Week 17",2,ON_TREATMENT,BASELINE,10281600
"End of C16",2,,,
"Screening SM8/ RBCL For QPCR FROZEN",2,SCREENING,SCREENING,0
"C1D1-2",2,ON_TREATMENT,CYCLE_1,0
"Period 2 Day 11",2,ON_TREATMENT,,
"Day 20 Post-dose",2,ON_TREATMENT,BASELINE,1728000
"MADP Day 2 0h",2,,,
"C1D4DE",2,ON_TREATMENT,CYCLE_1,259200
"C9/D1 PRE",2,ON_TREATMENT,CYCLE_9,0
"Day 161",2,ON_TREATMENT,BASELINE,13910400
"D1 Predose",2,ON_TREATMENT,BASELINE,86400
"On-Study Tissue",2,,,
"C2D1ABC EOI",2,ON_TREATMENT,CYCLE_2,0
"OLE Delay Dosing",2,,,
"W3D15",2,ON_TREATMENT,BASELINE,1814400
"Visit 12 Aliquot 1",2,ON_TREATMENT,,
"Unscheduled.1",2,UNSCHEDULED,,
"CAPCTDNAW19",2,ON_TREATMENT,BASELINE,11491200
"Tumor Assessment Week 66",2,ON_TREATMENT,BASELINE,39916800
"UNSCH/RETEST C34D1",2,UNSCHEDULED,,
"Follow-Up Month 18",2,FOLLOW_UP,END_OF_TREATMENT,46656000
"C7D1 30 MIN POSTDOSE",2,ON_TREATMENT,CYCLE_7,0
"W40SUPP",2,ON_TREATMENT,BASELINE,24192000
"C1/D17 OR D18",2,ON_TREATMENT,CYCLE_1,1382400
"Following Treated Bleed 9 - Mobile Nursing",2,,,
"C9D1S1",2,ON_TREATMENT,CYCLE_9,0
"206",2,,,
"Implant Post Refill Month 35 Day 1",2,PROCEDURE,,
"Part 1 Cycle 24 Day",2,,,
"UNSCHEDULED LABS.1",2,UNSCHEDULED,,
"24",2,,,
"C9D1 P1 DOUBLE",2,ON_TREATMENT,CYCLE_9,0
"P1_V1a_MADCoh1",2,,,
"SFURW4",2,ON_TREATMENT,BASELINE,2419200
"Retest Cycle 3 Day 1",2,UNSCHEDULED,,
"CYCLE10_DAY2",2,ON_TREATMENT,CYCLE_10,86400
"SM01 Archival Tumor FFPE Block Screening Biopsy Mono",2,SCREENING,SCREENING,0
"Visit 47 Week 366",2,ON_TREATMENT,BASELINE,221356800
"Retest Week 13",2,UNSCHEDULED,,
"Treatment Period 1 Cycle 4",2,ON_TREATMENT,,
"Q3W C3 D8",2,ON_TREATMENT,CYCLE_3,604800
"Group 2 Day 4",2,,,
"Cycle 7: Day 1: Pre",2,,,
"54 Month",2,ON_TREATMENT,BASELINE,139968000
"Up Titration 1 Week 25",2,ON_TREATMENT,BASELINE,15120000
"Week 1 First Visit.1",2,ON_TREATMENT,BASELINE,604800
"C14D15 -0.17H",2,ON_TREATMENT,CYCLE_14,1270800
"Post Dose",2,ON_TREATMENT,,
"Retest W5",2,UNSCHEDULED,,
"Retreat 5 wk 24",2,ON_TREATMENT,BASELINE,14515200
"C83D1",2,ON_TREATMENT,CYCLE_83,0
"DNA SM27 DNA",2,,,
"Week 49 SC",2,ON_TREATMENT,BASELINE,29635200
"C2D6",2,ON_TREATMENT,CYCLE_2,432000
"Week 104 Retest",2,ON_TREATMENT,BASELINE,62899200
"W35",2,ON_TREATMENT,BASELINE,21168000
"T4.10",2,,,
"C2/D15",2,ON_TREATMENT,CYCLE_2,1209600
"C2 DAY 15",2,ON_TREATMENT,CYCLE_2,1209600
"Implant Post Refill Month 31 Day 7",2,PROCEDURE,,
"C36D PREDOSE",2,ON_TREATMENT,,
"CYCLE_25",2,ON_TREATMENT,CYCLE_25,0
"Unscheduled7",2,UNSCHEDULED,,
"Visit 2 Day 1 SM2/PD PRE BLUE -70 FROZEN",2,ON_TREATMENT,,
"Day 7 12h  C-Low",2,ON_TREATMENT,BASELINE,604800
"C4/D1 PRE",2,ON_TREATMENT,CYCLE_4,0
"Day0",2,ON_TREATMENT,BASELINE,0
"End of C10",2,,,
"Screening Not available SM3 PD Plasma - Aliquot 1",2,SCREENING,SCREENING,0
"C3D87DAYS_POST_INFUSION",2,ON_TREATMENT,CYCLE_3,7430400
"C4D8 7_DAYS_POST_DOSE",2,ON_TREATMENT,CYCLE_4,604800
"C3D1 MEGF0444A ATA",2,ON_TREATMENT,CYCLE_3,0
"Day1 4 Hr",2,ON_TREATMENT,BASELINE,86400
"M31",2,,,
"Crossover C3XD1",2,,,
"C47D28",2,ON_TREATMENT,CYCLE_47,2332800
"Retreat Uns Visit 7",2,,,
"Day 175",2,ON_TREATMENT,BASELINE,15120000
"COURSE5",2,,,
"288-312 hour",2,,,
"Safety FU Week 20",2,FOLLOW_UP,,
"C1D8 P1B IV",2,ON_TREATMENT,CYCLE_1,604800
"RELAPSE NA",2,,,
"UNSCH/RETEST C8D1 30",2,UNSCHEDULED,,
"CYCLE20_DAY5",2,ON_TREATMENT,CYCLE_20,345600
"W4TO6MPDL",2,ON_TREATMENT,BASELINE,2419200
"Part II C3D15",2,ON_TREATMENT,CYCLE_3,1209600
"C13D15 -0.17H",2,ON_TREATMENT,CYCLE_13,1270800
"xARM B C4 D1 PRE UNSCH/RETEST",2,ON_TREATMENT,CYCLE_4,0
"ARM D CYCLE 1 D2",2,ON_TREATMENT,CYCLE_1,86400
"C28 D1 P1A",2,ON_TREATMENT,CYCLE_28,0
"MIBC TURBT Tissue",2,,,
"07M",2,,,
"Part A Week 3 Day 2",2,ON_TREATMENT,BASELINE,1814400
"Retest D141",2,UNSCHEDULED,,
"Visit 3 Day 1 - Mobile Nursing",2,ON_TREATMENT,,
"UNSCHEDULED LABS.3",2,UNSCHEDULED,,
"1LTXW5",2,ON_TREATMENT,BASELINE,3024000
"IND.THE.C9D1",2,ON_TREATMENT,CYCLE_9,0
"CAPCTDAUNS",2,,,
"Cycle 8 Day 1 Do Not Test",2,ON_TREATMENT,CYCLE_8,0
"Pooling Group 1",2,,,
"Unscheduled C7D1",2,UNSCHEDULED,,
"Cycle 3 Day 15 Sch I",2,ON_TREATMENT,CYCLE_3,1209600
"End of C9D28",2,ON_TREATMENT,CYCLE_9,2332800
"Monotherapy Phase End of Cycle 12",2,,,
"First Mainteinance Restage",2,,,
"Month 30",2,ON_TREATMENT,BASELINE,77760000
"Day 21 Week 3",2,ON_TREATMENT,BASELINE,1814400
"VISIT14",2,ON_TREATMENT,,
"Part II C7: Day 1: P",2,,,
"V02.42",2,ON_TREATMENT,,
"M23",2,,,
"SCNBX Tumor Biopsy",2,PROCEDURE,,
"Wk 24 RCR Sp",2,ON_TREATMENT,BASELINE,14515200
"ETCOL",2,,,
"Retreat 7 wk 12",2,ON_TREATMENT,BASELINE,7257600
"Pooling Group 2",2,,,
"Group 2 Day 5",2,,,
"Week 2 RO",2,ON_TREATMENT,BASELINE,1209600
"Follow Up Month 27",2,FOLLOW_UP,END_OF_TREATMENT,69984000
"Mobile Nursing Screening/Baseline Maternal",2,SCREENING,SCREENING,0
"W11D74",2,ON_TREATMENT,BASELINE,6652800
"Part II C9: Day 1: P",2,,,
"Fresh day 15",2,,,
"Tumor Assessment Week 16",2,ON_TREATMENT,BASELINE,9676800
"Cycle 25 Day 6",2,ON_TREATMENT,CYCLE_25,432000
"Day 43 Pre-dose",2,ON_TREATMENT,BASELINE,3715200
"Additional Cycle Treatment Day 1",2,ON_TREATMENT,,
"Maintenance or Observation Month 2",2,ON_TREATMENT,BASELINE,5184000
"T & T2 ONLY",2,,,
"C1_D1  PREDOSE",2,ON_TREATMENT,CYCLE_1,0
"RE-START TREAT.",2,,,
"Month 46 Follow Up",2,FOLLOW_UP,END_OF_TREATMENT,119232000
"Cycle 52 Day 22 to 28",2,ON_TREATMENT,CYCLE_52,1814400
"PART I: C10D1 -0.17H",2,ON_TREATMENT,CYCLE_10,61200
"C48D28",2,ON_TREATMENT,CYCLE_48,2332800
"ExtraPK1",2,,,
"Week 29 Day 197 - Mobile Nursing",2,ON_TREATMENT,BASELINE,17539200
"ITV Final/ET",2,,,
"Complete Response",2,,,
"D1ADDOC02",2,ON_TREATMENT,BASELINE,86400
"SV2TB",2,,,
"Day 7 2h  C-High",2,ON_TREATMENT,BASELINE,604800
"RESCREEN",2,,,
"Follow-up Month 34",2,FOLLOW_UP,END_OF_TREATMENT,88128000
"Archival-unevaluable at Ventana",2,ARCHIVAL,,
"WK 104 RE-TRT 9 (or WITHDRAWAL)",2,END_OF_TREATMENT,,
"End of C16D28",2,ON_TREATMENT,CYCLE_16,2332800
"Observation Period",2,,,
"UDNAC11X",2,,,
"Maintenance Phase End of Cycle 6",2,,,
"9M",2,,,
"WK240",2,ON_TREATMENT,BASELINE,145152000
"UNSCH/RETEST C18D1",2,UNSCHEDULED,,
"Residual Sputum",2,,,
"Screening SM6/SERUM PD ALIQ2",2,SCREENING,SCREENING,0
"Baseline RCR",2,BASELINE,BASELINE,0
"DAY 15 RE-TRT 13",2,ON_TREATMENT,BASELINE,1296000
"Week 33 Day 225 - Mobile Nursing",2,ON_TREATMENT,BASELINE,19958400
"Week 115",2,ON_TREATMENT,BASELINE,69552000
"C14A",2,,,
"RT 7 DAY 15",2,ON_TREATMENT,CYCLE_7,1209600
"Day 70",2,ON_TREATMENT,BASELINE,6048000
"2 Year Follow Up",2,FOLLOW_UP,,
"CYCLE29_DAY8",2,ON_TREATMENT,CYCLE_29,604800
"Other",2,NOT_SPECIFIED,,
"Tumor Assess W78",2,ON_TREATMENT,BASELINE,47174400
"Follow Up Month 33",2,FOLLOW_UP,END_OF_TREATMENT,85536000
"Retest D8",2,UNSCHEDULED,,
"INTERIM/ FU COMP THERAPY",2,,,
"Unscheduled Week 1",2,UNSCHEDULED,,
"CYCLE45_DAY1",2,ON_TREATMENT,CYCLE_45,0
"C17D1 -0.17H",2,ON_TREATMENT,CYCLE_17,61200
"Maintenance Phase End of Cycle 4",2,,,
"V17A",2,ON_TREATMENT,,
"Survival Follow-Up Visit 1",2,FOLLOW_UP,,
"C5D1PREDOSE",2,ON_TREATMENT,CYCLE_5,0
"Cycle 22 Day 1 Predose",2,ON_TREATMENT,CYCLE_22,0
"SM9/ ARCHIVAL PREDOSE.",2,ARCHIVAL,,
"WEEK 24 PK & BIOMARKERS",2,ON_TREATMENT,BASELINE,14515200
"Cycle 8 Day 4",2,ON_TREATMENT,CYCLE_8,259200
"Cycle 1 Day 8 (Arm AB)",2,ON_TREATMENT,CYCLE_1,604800
"Cycle 2 Day 25",2,ON_TREATMENT,CYCLE_2,2073600
"Cycle 7 Day 1 Sch II",2,ON_TREATMENT,CYCLE_7,0
"28 Days F/U",2,,,
"FU 228 WEEKS",2,FOLLOW_UP,,
"FU WEEK 132",2,FOLLOW_UP,,
"WK 8 RE-TRT 1",2,ON_TREATMENT,BASELINE,4838400
"DAY1 RE-TRT 13",2,ON_TREATMENT,BASELINE,86400
"UNSCHEDULED*",2,UNSCHEDULED,,
"RE-TRT 1",2,ON_TREATMENT,,
"Up Titration 1 Week 29",2,ON_TREATMENT,BASELINE,17539200
"Tumor Assessment Week 78",2,ON_TREATMENT,BASELINE,47174400
"Visit 43 Week 296",2,ON_TREATMENT,BASELINE,179020800
"BW16",2,ON_TREATMENT,BASELINE,9676800
"SAD DAY 5",2,,,
"predose_PMA 2+",2,ON_TREATMENT,,
"C1D2DE",2,ON_TREATMENT,CYCLE_1,86400
"V5.2",2,ON_TREATMENT,,
"Postdose",2,ON_TREATMENT,,
"Mobile Nursing Visits 2-3/Maternal",2,,,
"Visit 49 Week 352",2,ON_TREATMENT,BASELINE,212889600
"AWEEK28",2,ON_TREATMENT,BASELINE,16934400
"Retreat 6 wk 4",2,ON_TREATMENT,BASELINE,2419200
"C8D1 Predose",2,ON_TREATMENT,CYCLE_8,0
"Visit 6 Day 60 - Mobile Nursing",2,ON_TREATMENT,,
"Archival Day -308",2,ARCHIVAL,,
"CAL3",2,,,
"WEEK_333_ON_TX",2,ON_TREATMENT,BASELINE,201398400
"Cycle 34 Day 2",2,ON_TREATMENT,CYCLE_34,86400
"Part A Week 7 Day 1",2,ON_TREATMENT,BASELINE,4233600
"Visit 5/Infant",2,ON_TREATMENT,,
"WEEK 3 (DOSE 5)",2,ON_TREATMENT,BASELINE,1814400
"U01",2,,,
"Pooling Group 6",2,,,
"Unscheduled 8",2,UNSCHEDULED,,
"CYCLE 16 DAY 1 PREDOSE",2,ON_TREATMENT,CYCLE_16,0
"Week 12 Day 79",2,ON_TREATMENT,BASELINE,7257600
"Unsch",2,UNSCHEDULED,,
"DISC*",2,,,
"UNSCH/RETEST ARCHIVA",2,UNSCHEDULED,,
"Visit 3 ALIQUOT 1",2,ON_TREATMENT,,
"Safety FU",2,FOLLOW_UP,,
"Safety Follow Up Week 12 Retest",2,FOLLOW_UP,END_OF_TREATMENT,7257600
"Tumor Assess W86",2,ON_TREATMENT,BASELINE,52012800
"UDNAC17X",2,,,
"C15D1A",2,ON_TREATMENT,CYCLE_15,0
"240-264 hour",2,,,
"C11D1E",2,ON_TREATMENT,CYCLE_11,0
"Supplemental Week 40B",2,ON_TREATMENT,BASELINE,24192000
"EOS/Early Term",2,,,
"UNEXPECTED",2,,,
"DISCEX",2,,,
"C6D1 -0.17H",2,ON_TREATMENT,CYCLE_6,61200
"Early Termination Week 60",2,END_OF_TREATMENT,,
"End of C20",2,,,
"Mobile Nursing Visit 4/Infant",2,,,
"24-48 hour",2,,,
"C1 DAY 22",2,ON_TREATMENT,CYCLE_1,1814400
"9 Month Follow Up",2,FOLLOW_UP,,
"TX_EARLY_WD_A",2,,,
"C21 D1 PRE P1B SC",2,ON_TREATMENT,CYCLE_21,0
"CYCLE43_DAY1",2,ON_TREATMENT,CYCLE_43,0
"C56D1B",2,ON_TREATMENT,CYCLE_56,0
"C7/D1 30 MIN",2,ON_TREATMENT,CYCLE_7,0
"UNSCH/RETEST C12D1",2,UNSCHEDULED,,
"Cycle 4 Day 21",2,ON_TREATMENT,CYCLE_4,1728000
"FU_WEEK65",2,FOLLOW_UP,,
"M32",2,,,
"UNS 30MIN POST",2,,,
"WEEK 56 RESC",2,ON_TREATMENT,BASELINE,33868800
"MADP Day 1 0h",2,,,
"Visit 2 Day 1 SM2/PD PRE GREEN -70 FROZEN",2,ON_TREATMENT,,
"Pooling Group 7",2,,,
"Retest W12",2,UNSCHEDULED,,
"Arch",2,,,
"Archival SCRNTISSUE",2,ARCHIVAL,,
"FOLLOW-UP_DAY168",2,FOLLOW_UP,,
"Cycle 1: Day 5: 96hr",2,,,
"Termination",2,,,
"Loss of Clinical Benefit",2,,,
"Visit 45 Week 310",2,ON_TREATMENT,BASELINE,187488000
"Follow-up Visit Month 15",2,FOLLOW_UP,END_OF_TREATMENT,38880000
"Sample 6",2,,,
"Screening, Cycle: 1",2,SCREENING,SCREENING,0
"C12D28",2,ON_TREATMENT,CYCLE_12,2332800
"BPB-UN1",2,,,
"R1",2,,,
"Cycle 13",2,ON_TREATMENT,CYCLE_13,0
"Screening, D-1",2,SCREENING,SCREENING,0
"P2B Unscheduled",2,UNSCHEDULED,,
"Follow Up Week 9",2,FOLLOW_UP,END_OF_TREATMENT,5443200
"P2B Early Terminatio",2,,,
"End of C14",2,,,
"Part 1 Cycle 33 Day 1",2,ON_TREATMENT,CYCLE_33,0
"WEEK 8 / 48",2,ON_TREATMENT,BASELINE,4838400
"Mandatory Biopsy",2,PROCEDURE,,
"Visit 14 Aliquot 1",2,ON_TREATMENT,,
"UNSCH/RETEST C2D1 30",2,UNSCHEDULED,,
"C16D15 -0.17H",2,ON_TREATMENT,CYCLE_16,1270800
"DAY 308 VISIT 14A",2,ON_TREATMENT,BASELINE,26611200
"UNSCH C8XD1",2,UNSCHEDULED,,
"Cycle 2 Day 15 Sch I",2,ON_TREATMENT,CYCLE_2,1209600
"C18 D1 PRE P1B SC",2,ON_TREATMENT,CYCLE_18,0
"SM01 Archival Tumor FFPE Block. Screening Biopsy Mono.",2,SCREENING,SCREENING,0
"Cycle 14 Day 1 Predose",2,ON_TREATMENT,CYCLE_14,0
"M6D0",2,,,
"Group 2 Day 15",2,,,
"C2D1 PRE",2,ON_TREATMENT,CYCLE_2,0
"M20",2,,,
"Pre Biopsy",2,PROCEDURE,,
"C14D28",2,ON_TREATMENT,CYCLE_14,2332800
"Pooling Group 15",2,,,
"EXCISON",2,,,
"Tumor Assessment Week 19",2,ON_TREATMENT,BASELINE,11491200
"Cycle 22 Day 8",2,ON_TREATMENT,CYCLE_22,604800
"Cycle 79 Day 3",2,ON_TREATMENT,CYCLE_79,172800
"DAY 15 R-TRT IN",2,ON_TREATMENT,BASELINE,1296000
"ARM C CYCLE 1 D8",2,ON_TREATMENT,CYCLE_1,604800
"FU WEEK 120",2,FOLLOW_UP,,
"Infusion Related Reaction or Dose Limiting Toxicology",2,ON_TREATMENT,,
"Retest WEEK5",2,UNSCHEDULED,,
"Day 17 Pre-dose",2,ON_TREATMENT,BASELINE,1468800
"Cycle 17 Day 8",2,ON_TREATMENT,CYCLE_17,604800
"C4D1COM",2,ON_TREATMENT,CYCLE_4,0
"Unscheduled or Retest Week 76",2,UNSCHEDULED,,
"C5D15 -0.17H",2,ON_TREATMENT,CYCLE_5,1270800
"Tau PET Scan Visit 2",2,,,
"Day3",2,ON_TREATMENT,BASELINE,259200
"V02.62",2,ON_TREATMENT,,
"Treatment Period 1 Cycle 2",2,ON_TREATMENT,,
"Follow Up 2 Week 164",2,FOLLOW_UP,END_OF_TREATMENT,99187200
"AETD",2,,,
"Post treatment visit 18",2,FOLLOW_UP,,
"Visit 45 Week 316",2,ON_TREATMENT,BASELINE,191116800
"THIRDLINE4",2,,,
"Day 1 Additional Treatment Cycle 1",2,ON_TREATMENT,BASELINE,86400
"Early Termination Week 104",2,END_OF_TREATMENT,,
"Tumor Assess W95",2,ON_TREATMENT,BASELINE,57456000
"WEEK180-ON-TX",2,ON_TREATMENT,BASELINE,108864000
"Follow-up Month 32",2,FOLLOW_UP,END_OF_TREATMENT,82944000
"Primary Predose",2,ON_TREATMENT,,
"PIB01MPT",2,,,
"Day 792",2,ON_TREATMENT,BASELINE,68428800
"B-cell Monitoring Visit 7",2,,,
"Part 1 Cycle 36 Day 1",2,ON_TREATMENT,CYCLE_36,0
"UNSCH C4XD1",2,UNSCHEDULED,,
"21 FU 156 WEEKS",2,,,
"SM Q2W C3D1",2,ON_TREATMENT,CYCLE_3,0
"FU 216",2,FOLLOW_UP,,
"UNSCH C5D1",2,UNSCHEDULED,,
"Day 7 0h  D-High",2,ON_TREATMENT,BASELINE,604800
"Follow-up Month 22",2,FOLLOW_UP,END_OF_TREATMENT,57024000
"M14",2,,,
"Follow-up Month 11",2,FOLLOW_UP,END_OF_TREATMENT,28512000
"LTE Dose 1 Day 2",2,ON_TREATMENT,,
"WK 72 RE-TRT",2,ON_TREATMENT,BASELINE,43545600
"CS142597A<2",2,,,
"Cycle 1 Day 2 Arm C",2,ON_TREATMENT,CYCLE_1,86400
"C10D28",2,ON_TREATMENT,CYCLE_10,2332800
"FUT12D2",2,,,
"CYCLE 17 DAY 1",2,ON_TREATMENT,CYCLE_17,0
"UNS PREDOSE",2,ON_TREATMENT,,
"Cycle 1 Day 29-42",2,ON_TREATMENT,CYCLE_1,2419200
"C75D1",2,ON_TREATMENT,CYCLE_75,0
"Infusion Related Reaction Cycle 3 Day 1",2,ON_TREATMENT,CYCLE_3,0
"Day 15 Post-dose 4 hrs",2,ON_TREATMENT,BASELINE,1296000
"WK 104 RE-TRT 7 (or WD)",2,ON_TREATMENT,BASELINE,62899200
"ET Day 1-139",2,,,
"Cycle 34 Day 1 Predose",2,ON_TREATMENT,CYCLE_34,0
"Retest GLUCOSE TIMED",2,UNSCHEDULED,,
"FU.YEAR 1",2,ON_TREATMENT,BASELINE,31536000
"Day 8/ET",2,ON_TREATMENT,BASELINE,691200
"WEEK 3 (DOSE 4)",2,ON_TREATMENT,BASELINE,1814400
"C6D1 30MIN(A3)",2,ON_TREATMENT,CYCLE_6,0
"Week 8 Retest",2,ON_TREATMENT,BASELINE,4838400
"C1D11-12",2,ON_TREATMENT,CYCLE_1,864000
"Bx Response Blood",2,,,
"C15/D1 30 MIN",2,ON_TREATMENT,CYCLE_15,0
"Cycle 1 Day 8 Retest",2,ON_TREATMENT,CYCLE_1,604800
"ARM F CYCLE 16 D1 PRE",2,ON_TREATMENT,CYCLE_16,0
"UNSCH/RETEST C36D1",2,UNSCHEDULED,,
"Part 1 MAD Day 11",2,,,
"S1C2D15",2,ON_TREATMENT,CYCLE_2,1209600
"Month 87 Follow Up",2,FOLLOW_UP,END_OF_TREATMENT,225504000
"C03D1",2,ON_TREATMENT,CYCLE_3,0
"Week 2 Day 3 (Stage II)",2,ON_TREATMENT,BASELINE,1209600
"Tumor Assessment Week 64",1,ON_TREATMENT,BASELINE,38707200
"C23D1 -0.17H",1,ON_TREATMENT,CYCLE_23,61200
"Q3W C11 D1 30MIN UNSCHED/RETEST",1,ON_TREATMENT,CYCLE_11,0
"C6D1 PREDOSE(A3)",1,ON_TREATMENT,CYCLE_6,0
"WEEK 3 BLOOD BM",1,ON_TREATMENT,BASELINE,1814400
"Sample 8",1,,,
"LTFU6",1,,,
"C21 D1 P1A",1,ON_TREATMENT,CYCLE_21,0
"ANTHRACYCLINE_1",1,,,
"Unscheduled C1D1 Arm A",1,UNSCHEDULED,,
"Q3W C1 D3",1,ON_TREATMENT,CYCLE_1,172800
"BRETD",1,,,
"CYCLE 3 WEEK 10",1,ON_TREATMENT,BASELINE,6048000
"W160SUPP",1,ON_TREATMENT,BASELINE,96768000
"Unscheduled SM6/ Plasma PD Pre FROZEN ALQ1",1,UNSCHEDULED,,
"Cycles 7 and Greater Day 1 C10D1 - PRE",1,ON_TREATMENT,CYCLE_10,0
"210",1,,,
"Discontinuation Dose Escalation",1,END_OF_TREATMENT,,
"Sample 19",1,,,
"M28",1,,,
"SDDV Actual",1,,,
"Screening Day -28 to",1,SCREENING,SCREENING,0
"WEEK17",1,ON_TREATMENT,BASELINE,10281600
"Day 4 0h C-High",1,ON_TREATMENT,BASELINE,345600
"Week 26 Day 1 Prior to dose",1,ON_TREATMENT,BASELINE,15724800
"Part A Week 12 Day 7",1,ON_TREATMENT,BASELINE,7257600
"2 Month",1,ON_TREATMENT,BASELINE,5184000
"UNSCH C17D1",1,UNSCHEDULED,,
"xARMA C3D1 30M POST BEVA UNSCH/RETEST",1,ON_TREATMENT,CYCLE_3,0
"Cycle 40 Day 22 to 28",1,ON_TREATMENT,CYCLE_40,1814400
"WK 24 RE-TRT 10",1,ON_TREATMENT,BASELINE,14515200
"UNSCHEDULED3",1,UNSCHEDULED,,
"Cycle 1 Day 2 SM2/ Plasma PD 24 HRS POST SM2/PL PD",1,ON_TREATMENT,CYCLE_1,172800
"Retreat 5 wk 4",1,ON_TREATMENT,BASELINE,2419200
"ESCALATION D15",1,,,
"C1D4-5",1,ON_TREATMENT,CYCLE_1,259200
"Follow Up Day 197",1,FOLLOW_UP,,
"Retest UNSCHD SERUM ATA PRE",1,UNSCHEDULED,,
"WK 104 RE-TRT  (or WITHDRAWAL)",1,END_OF_TREATMENT,,
"Unscheduled Additional PK",1,UNSCHEDULED,,
"Follow up Completion of Combination Therapy 12 Month",1,FOLLOW_UP,,
"On-Treatment Tumor Biopsy",1,PROCEDURE,,
"Part II C3D1 PRE BEV",1,ON_TREATMENT,CYCLE_3,0
"Uns Visit 2",1,,,
"Unscheduled Visit 5",1,UNSCHEDULED,,
"VISIT2/M31",1,ON_TREATMENT,,
"Fresh/Screening Tissue",1,SCREENING,SCREENING,0
"UNSCH/RETEST C57D1",1,UNSCHEDULED,,
"VISIT2/M29",1,ON_TREATMENT,,
"UNSCH/RETEST C7D1",1,UNSCHEDULED,,
"A/B UNSCH BC1C22",1,,,
"Cycle 15 Week 12",1,ON_TREATMENT,BASELINE,7257600
"Month 3 Day 7",1,ON_TREATMENT,BASELINE,7776000
"Water Control",1,,,
"CD7P",1,,,
"Cycle 18",1,ON_TREATMENT,CYCLE_18,0
"UNSCH/RETEST C1D8",1,UNSCHEDULED,,
"Retest Visit 3 Week 2",1,UNSCHEDULED,,
"WK 24 RE-TRT 12",1,ON_TREATMENT,BASELINE,14515200
"C1D4*Post",1,ON_TREATMENT,CYCLE_1,259200
"Month 3 Day 0",1,ON_TREATMENT,BASELINE,7776000
"ARM B CYCLE 20 D1 MPDL3280A",1,ON_TREATMENT,CYCLE_20,0
"Unscheduled C1XD11 Predose Arm A",1,UNSCHEDULED,,
"ECG Substudy",1,,,
"Cycle 9 Day 16",1,ON_TREATMENT,CYCLE_9,1296000
"M19",1,,,
"ARETD",1,,,
"C7/D1",1,ON_TREATMENT,CYCLE_7,0
"UNSCH/RETEST C27D1",1,UNSCHEDULED,,
"D3FTD",1,ON_TREATMENT,BASELINE,259200
"W21D141",1,ON_TREATMENT,BASELINE,12700800
"ARM B CYCLE 4 D1 UNSCH/RETEST",1,ON_TREATMENT,CYCLE_4,0
"Retest/ Unscheduled",1,UNSCHEDULED,,
"Maintenance Month 1-17-13",1,ON_TREATMENT,BASELINE,2592000
"CYCLE 421A",1,,,
"PC5D2",1,ON_TREATMENT,CYCLE_5,86400
"C1D1 4H POSTDOSE",1,ON_TREATMENT,CYCLE_1,14400
"WEEK 4 / RESCUE",1,ON_TREATMENT,BASELINE,2419200
"Retest Cycle 2 Week 12",1,UNSCHEDULED,,
"9 Month Post Treatment",1,FOLLOW_UP,,
"Follow Up Month 45",1,FOLLOW_UP,END_OF_TREATMENT,116640000
"C27 D1 PRE P1B SC",1,ON_TREATMENT,CYCLE_27,0
"Sample 15",1,,,
"Intensive PK Sampling",1,,,
"EARLY WITHDRAWAL P2",1,END_OF_TREATMENT,,
"Day 1/Week24/WD",1,ON_TREATMENT,BASELINE,14515200
"C1D1 Infusion Hemolyzed",1,ON_TREATMENT,CYCLE_1,0
"C1D2 4HR P1B SC",1,ON_TREATMENT,CYCLE_1,100800
"8 Month",1,ON_TREATMENT,BASELINE,20736000
"C20 D1 P1A",1,ON_TREATMENT,CYCLE_20,0
"Follow-Up Month 6",1,FOLLOW_UP,END_OF_TREATMENT,15552000
"FUV2",1,,,
"C2D1M",1,ON_TREATMENT,CYCLE_2,0
"CYCLE 501A",1,,,
"WK 8 RE-TRT 14",1,ON_TREATMENT,BASELINE,4838400
"CYCLE 11 DAY 1",1,ON_TREATMENT,CYCLE_11,0
"Unscheduled Serum Predose",1,UNSCHEDULED,,
"Following Treated Bleed 7",1,,,
"C23 D1 P1A",1,ON_TREATMENT,CYCLE_23,0
"CYCLE19_DAY2",1,ON_TREATMENT,CYCLE_19,86400
"WK 20 RE-TRT IN",1,ON_TREATMENT,BASELINE,12096000
"SCREENING ARCHIVAL",1,SCREENING,SCREENING,0
"ARM E CYCLE 4 D1 PRE UNSCH/RETEST",1,ON_TREATMENT,CYCLE_4,0
"UNK",1,,,
"CYCLE9_DAY2",1,ON_TREATMENT,CYCLE_9,86400
"DR",1,,,
"C31 D1 PRE P1B SC",1,ON_TREATMENT,CYCLE_31,0
"C12D1 BMBx",1,ON_TREATMENT,CYCLE_12,0
"CYCLE32_DAY8",1,ON_TREATMENT,CYCLE_32,604800
"E C1 D1 30 MIN POST MPDL",1,ON_TREATMENT,CYCLE_1,0
"C20D1post",1,ON_TREATMENT,CYCLE_20,0
"Safety Follow-Up Visit 3, ON HOLD",1,FOLLOW_UP,,
"CYCLE 511A",1,,,
"CYCLE 481A",1,,,
"ARM F CYCLE 2 D1 PRE INF",1,ON_TREATMENT,CYCLE_2,0
"Cycle 9 Day 1 SM5/ ATA FROZEN",1,ON_TREATMENT,CYCLE_9,0
"UNSCHED/RETEST",1,UNSCHEDULED,,
"C13 D1 P1A",1,ON_TREATMENT,CYCLE_13,0
"D596",1,ON_TREATMENT,BASELINE,51494400
"week 6",1,ON_TREATMENT,BASELINE,3628800
"CYCLE15_DAY5",1,ON_TREATMENT,CYCLE_15,345600
"C1BD1 predose",1,ON_TREATMENT,,
"RT",1,,,
"C26 D1 PRE P1B SC",1,ON_TREATMENT,CYCLE_26,0
"Disease Progression, End of Treatment",1,END_OF_TREATMENT,,
"Retest FLOW PANEL",1,UNSCHEDULED,,
"C32 D1 P1A",1,ON_TREATMENT,CYCLE_32,0
"Post-Tx Follow-Up Period (Q6M)",1,FOLLOW_UP,,
"Tumor Assessment Week 24",1,ON_TREATMENT,BASELINE,14515200
"Unscheduled.2",1,UNSCHEDULED,,
"Cycle 3 Day 1 Predose",1,ON_TREATMENT,CYCLE_3,0
"Unscheduled Cycle 1 Day 23-42",1,UNSCHEDULED,,
"C20D1 -0.17H",1,ON_TREATMENT,CYCLE_20,61200
"End of Study Follow Up Month 1",1,END_OF_TREATMENT,,
"C21D1 -0.17H",1,ON_TREATMENT,CYCLE_21,61200
"Sample 21",1,,,
"RETEST Visit 8",1,UNSCHEDULED,,
"FU WEEK 144",1,FOLLOW_UP,,
"C22 D1 PRE P1B SC",1,ON_TREATMENT,CYCLE_22,0
"C16D1COM",1,ON_TREATMENT,CYCLE_16,0
"Day 8 99m D-Mid",1,ON_TREATMENT,BASELINE,691200
"8 Day",1,,,
"V27",1,ON_TREATMENT,,
"WK 16 RE-TRT 2",1,ON_TREATMENT,BASELINE,9676800
"Week 48 Day 336 Long Term Follow Up",1,FOLLOW_UP,END_OF_TREATMENT,29030400
"CD49P",1,,,
"ARM A C4 D1 PRE END OF TREATMENT",1,END_OF_TREATMENT,,
"RESP",1,,,
"B-cell Monitoring Visit 8",1,,,
"Day 28 Week 4",1,ON_TREATMENT,BASELINE,2419200
"Visit 32 Withdrawal",1,END_OF_TREATMENT,,
"WK 8 RE-TRT 13",1,ON_TREATMENT,BASELINE,4838400
"UDNAC31",1,,,
"Screening B",1,SCREENING,SCREENING,0
"Unscheduled Safety DLT",1,UNSCHEDULED,,
"3 Year Follow Up",1,FOLLOW_UP,,
"Tumor Assessment Week 228",1,ON_TREATMENT,BASELINE,137894400
"IND.THE.C7D1",1,ON_TREATMENT,CYCLE_7,0
"CAL4",1,,,
"CYCLE 2 DAY 1 PRE VEM",1,ON_TREATMENT,CYCLE_2,0
"Retest M6 CFD4870g SM2/ Serum ATA",1,UNSCHEDULED,,
"DAY 1 RE-TRT 15",1,ON_TREATMENT,BASELINE,86400
"Cycle 9 Day 1 SM6/ Plasma PD Pre ALIQUOT 2",1,ON_TREATMENT,CYCLE_9,0
"D30 POST TREAT DISC A6",1,ON_TREATMENT,BASELINE,2592000
"Restaging After ReTx",1,,,
"C1_D1  12-24 HOURS POST INFUSION",1,ON_TREATMENT,CYCLE_1,86400
"Every 12 Weeks W168",1,ON_TREATMENT,BASELINE,101606400
"Post treatment visit 15",1,FOLLOW_UP,,
"Infusion Related Reaction Visit",1,ON_TREATMENT,,
"Cycle 73 Day 2",1,ON_TREATMENT,CYCLE_73,86400
"Set-up Dose 3 Plus 1 Day",1,ON_TREATMENT,,
"6M",1,,,
"Early Study Treatment Discontinuation Evaluation",1,END_OF_TREATMENT,,
"C20D1A",1,ON_TREATMENT,CYCLE_20,0
"Cycles 2-6 Day 1 Stage 2",1,,,
"QW C3 D8",1,ON_TREATMENT,CYCLE_3,604800
"Retreat 4 wk 2",1,ON_TREATMENT,BASELINE,1209600
"End of Avastin Infusion",1,ON_TREATMENT,,
"Visit 36",1,ON_TREATMENT,,
"DAY 15 RE-TRT 15",1,ON_TREATMENT,BASELINE,1296000
"Week 17 D113",1,ON_TREATMENT,BASELINE,10281600
"UDNAC24",1,,,
"Retest Additional Cycle 1 Treatment Week 12 Post Day 1 Infusion",1,UNSCHEDULED,,
"C1D3AC",1,ON_TREATMENT,CYCLE_1,172800
"C1D3S1NONBIOP",1,ON_TREATMENT,CYCLE_1,172800
"Cycle 6 Day 1 Do Not Test",1,ON_TREATMENT,CYCLE_6,0
"Tumor Assessment Year 7",1,ON_TREATMENT,BASELINE,220752000
"Cycle 5 Day 1 Retest",1,ON_TREATMENT,CYCLE_5,0
"Day 8 Post-dose 24 hrs",1,ON_TREATMENT,BASELINE,691200
"SCREEN 1*",1,SCREENING,SCREENING,0
"WK 5 RE-TRT 5",1,ON_TREATMENT,BASELINE,3024000
"FRESH BX PROG/RESP",1,,,
"C12D1 PREDOSE AMEND",1,ON_TREATMENT,CYCLE_12,0
"ARM D CYCLE 4 D1 PRE UNSCH/RETEST",1,ON_TREATMENT,CYCLE_4,0
"Termination SM5/ATA",1,,,
"Following Treated Bleed 7 - Mobile Nursing",1,,,
"21 RT 6 DAY 15",1,,,
"CYCLE1_DAY22",1,ON_TREATMENT,CYCLE_1,1814400
"Unscheduled ATA ARM A",1,UNSCHEDULED,,
"DNU_ARM A C10 D1 PRE",1,ON_TREATMENT,CYCLE_10,0
"C1D15 14_DAYS_POST_DOSE",1,ON_TREATMENT,CYCLE_1,1209600
"Post Bypassing Treatment 8",1,ON_TREATMENT,,
"C44D28",1,ON_TREATMENT,CYCLE_44,2332800
"Day 1 0h 0m",1,ON_TREATMENT,BASELINE,86400
"Unscheduled Week 1 Day 1",1,UNSCHEDULED,,
"C3D1 PRE P1A",1,ON_TREATMENT,CYCLE_3,0
"C3D1 Wkly Predose",1,ON_TREATMENT,CYCLE_3,0
"TXDX",1,,,
"C1D8 PRE WKLY DOSE",1,ON_TREATMENT,CYCLE_1,604800
"DDI D10",1,,,
"CYCLE22_DAY5",1,ON_TREATMENT,CYCLE_22,345600
"C18 D1 P1A",1,ON_TREATMENT,CYCLE_18,0
"Cycle 9 Day 1 SM6/ Plasma PD Pre ALIQUOT 1",1,ON_TREATMENT,CYCLE_9,0
"C3SD1",1,,,
"B cell monitoring visit 10",1,,,
"Retreat 3 wk 8",1,ON_TREATMENT,BASELINE,4838400
"Cycle 10 Day 6",1,ON_TREATMENT,CYCLE_10,432000
"C2D8 DCDT",1,ON_TREATMENT,CYCLE_2,604800
"T_WEEK12",1,ON_TREATMENT,BASELINE,7257600
"WEEK69",1,ON_TREATMENT,BASELINE,41731200
"Cycle 5 Day 1 (Crossover)",1,ON_TREATMENT,CYCLE_5,0
"C1 D1 30 MINS",1,ON_TREATMENT,CYCLE_1,0
"Implant Post Refill Month 28 Day 1",1,PROCEDURE,,
"SCRN Predose PK",1,SCREENING,SCREENING,0
"C2D15 P1A",1,ON_TREATMENT,CYCLE_2,1209600
"CYCLE_17",1,ON_TREATMENT,CYCLE_17,0
"QW C8 D1",1,ON_TREATMENT,CYCLE_8,0
"UDNAC27",1,,,
"V32",1,ON_TREATMENT,,
"C2D27",1,ON_TREATMENT,CYCLE_2,2246400
"C40D1B",1,ON_TREATMENT,CYCLE_40,0
"21 RT 5 DAY 1",1,,,
"End of C23",1,,,
"S2AC20D1",1,ON_TREATMENT,CYCLE_20,0
"Tumor",1,,,
"Unscheduled SM7/ Serum PD Pre FROZEN ALQ1",1,UNSCHEDULED,,
"ARM E CYCLE 1 D2",1,ON_TREATMENT,CYCLE_1,86400
"Q3W C1 D1 4HR",1,ON_TREATMENT,CYCLE_1,14400
"Sample 20",1,,,
"Tumor Assessment Week 33",1,ON_TREATMENT,BASELINE,19958400
"RT 9 DAY 15",1,ON_TREATMENT,CYCLE_9,1209600
"C30 D1 PRE P1B SC",1,ON_TREATMENT,CYCLE_30,0
"EXTFU2 / DROP-OUT 2",1,,,
"Retreat 3 wk 84",1,ON_TREATMENT,BASELINE,50803200
"V02.30",1,ON_TREATMENT,,
"Implant Post Refill Month 33 Day 7",1,PROCEDURE,,
"CD28P",1,,,
"WEEK 48 TO END",1,ON_TREATMENT,BASELINE,29030400
"Month 31 Follow Up",1,FOLLOW_UP,END_OF_TREATMENT,80352000
"End of C12D28",1,ON_TREATMENT,CYCLE_12,2332800
"BASELINE TISSUE",1,BASELINE,BASELINE,0
"Month 4 Day 1",1,ON_TREATMENT,BASELINE,10368000
"Visit 46 Withdrawal",1,END_OF_TREATMENT,,
"C1D8S1BIOP",1,ON_TREATMENT,CYCLE_1,604800
"week 4",1,ON_TREATMENT,BASELINE,2419200
"C25 D1 PRE P1B SC",1,ON_TREATMENT,CYCLE_25,0
"Sample 3",1,,,
"RETEST WEEK 24",1,UNSCHEDULED,,
"FUT8 C16D1_PREDOSE",1,ON_TREATMENT,CYCLE_16,0
"Screening* SM14/ Serum ATA",1,SCREENING,SCREENING,0
"Week 13 Cohort SC SM2 PK 1 hr post EOI",1,ON_TREATMENT,BASELINE,7862400
"DDI D7",1,,,
"Month 3 Day 1",1,ON_TREATMENT,BASELINE,7776000
"End of Study Visit 2",1,END_OF_TREATMENT,,
"RTSCNBX",1,,,
"Cycle 36 Day 2",1,ON_TREATMENT,CYCLE_36,86400
"C11/D1 30 MIN",1,ON_TREATMENT,CYCLE_11,0
"C33 D1 PRE P1B SC",1,ON_TREATMENT,CYCLE_33,0
"ET Cycle 8 Day 1",1,ON_TREATMENT,CYCLE_8,0
"21 RT 21 DAY 1",1,,,
"Arm B Retest",1,,,
"CYCLE14_DAY5",1,ON_TREATMENT,CYCLE_14,345600
"Cycles 7 and Greater Day 1 C10D1 - 30 MIN",1,ON_TREATMENT,CYCLE_10,0
"D28G",1,ON_TREATMENT,BASELINE,2419200
"UDNAC9X",1,,,
"Unscheduled Other Biomarkers",1,UNSCHEDULED,,
"ARM A C10 D1 PRE END OF TREATMENT",1,END_OF_TREATMENT,,
"COURSE15",1,,,
"S2AC1D31",1,ON_TREATMENT,CYCLE_1,2592000
"OLE Week 44 Year 1",1,ON_TREATMENT,BASELINE,26611200
"CD11P",1,,,
"RETREATMENT_CYCLE6",1,ON_TREATMENT,,
"Unscheduled PK-PRE ARM A",1,UNSCHEDULED,,
"OLE Follow-Up DO",1,FOLLOW_UP,,
"CYCLE_2_DAY_8",1,ON_TREATMENT,CYCLE_2,604800
"D3P",1,ON_TREATMENT,BASELINE,259200
"Cycle 8 Day 1 30min",1,ON_TREATMENT,CYCLE_8,0
"SM2 2 HRS POST PK",1,,,
"Week 16 Follow up",1,FOLLOW_UP,END_OF_TREATMENT,9676800
"ARM B CYCLE 43 D1 UNSCH/RETEST",1,ON_TREATMENT,CYCLE_43,0
"UNSCH/RETEST C1D15",1,UNSCHEDULED,,
"ExtraPK4",1,,,
"C22 D1 P1A",1,ON_TREATMENT,CYCLE_22,0
"CYCLE22_DAY2",1,ON_TREATMENT,CYCLE_22,86400
"D60 POST TREAT DISC A6",1,ON_TREATMENT,BASELINE,5184000
"CYCLE 18 DAY 1 PRE A6",1,ON_TREATMENT,CYCLE_18,0
"RT2",1,,,
"C3D2F 5-FU 1HR POST",1,ON_TREATMENT,CYCLE_3,90000
"EXTENDED_FU",1,,,
"WEEK132",1,ON_TREATMENT,BASELINE,79833600
"Week 32 Retest",1,ON_TREATMENT,BASELINE,19353600
"Cycle 1A Day 1",1,,,
"FU 216 WEEKS",1,FOLLOW_UP,,
"C29 DAY 1 - 30 MIN POST",1,ON_TREATMENT,CYCLE_29,0
"CYCLE23_DAY2",1,ON_TREATMENT,CYCLE_23,86400
"WEEK 24*",1,ON_TREATMENT,BASELINE,14515200
"Week 3 Day 15 - Mobile Nursing",1,ON_TREATMENT,BASELINE,1814400
"DAY 56 VISIT 5",1,ON_TREATMENT,BASELINE,4838400
"CYCLE 28 DAY 1 PRE A6",1,ON_TREATMENT,CYCLE_28,0
"Part B Week 1 Day 7",1,ON_TREATMENT,BASELINE,604800
"Retreat 3 wk 72",1,ON_TREATMENT,BASELINE,43545600
"Visit 57 Withdrawal",1,END_OF_TREATMENT,,
"M34",1,,,
"Retest V6",1,UNSCHEDULED,,
"SM3/ Fresh Tumor Biopsy",1,PROCEDURE,,
"Unscheduled Cycle 1 Day 22",1,UNSCHEDULED,,
"BCELL",1,,,
"C18 DAY 1 PREDOSE",1,ON_TREATMENT,CYCLE_18,0
"Week 19 D127 Serum PK",1,ON_TREATMENT,BASELINE,11491200
"Unscheduled Infant PV2",1,UNSCHEDULED,,
"End of C8",1,,,
"C3D2F 5-FU 24HR POST",1,ON_TREATMENT,CYCLE_3,172800
"Unscheduled C2XD1 Arm A",1,UNSCHEDULED,,
"Archival, Day -1057",1,ARCHIVAL,,
"Cycle2 Day1",1,ON_TREATMENT,CYCLE_2,0
"C15D1 -0.17H",1,ON_TREATMENT,CYCLE_15,61200
"UNSCH/RETEST C73D1",1,UNSCHEDULED,,
"C14D1 Predose",1,ON_TREATMENT,CYCLE_14,0
"Sample 24",1,,,
"DAY 1 PRE-DOSE",1,ON_TREATMENT,BASELINE,86400
"ARM A CYCLE 9 D1",1,ON_TREATMENT,CYCLE_9,0
"Cycle2 Day1 Predose ARM A",1,ON_TREATMENT,CYCLE_2,0
"C19D1 -0.17H",1,ON_TREATMENT,CYCLE_19,61200
"WEEK1_WEEK4",1,ON_TREATMENT,BASELINE,604800
"CD147P",1,,,
"21 RT 7 DAY 1",1,,,
"R2",1,,,
"C1D1 4 HRS",1,ON_TREATMENT,CYCLE_1,14400
"Month 27",1,ON_TREATMENT,BASELINE,69984000
"ARMB C2 D1 UNSCH/RETEST",1,ON_TREATMENT,CYCLE_2,0
"Wk1",1,ON_TREATMENT,BASELINE,604800
"Follow-Up Year 7",1,FOLLOW_UP,END_OF_TREATMENT,220752000
"FUT6",1,,,
"W25 IV",1,ON_TREATMENT,BASELINE,15120000
"Week 19 D127",1,ON_TREATMENT,BASELINE,11491200
"Retest/ Supplemental",1,UNSCHEDULED,,
"A/B UNSCH",1,,,
"Month 4 Follow Up",1,FOLLOW_UP,END_OF_TREATMENT,10368000
"C1D4*Pre",1,ON_TREATMENT,CYCLE_1,259200
"ARM D CYCLE 17 D1",1,ON_TREATMENT,CYCLE_17,0
"Extra Visit at Relapsing 4 Double Blind Period",1,,,
"Re-treatment D1.1",1,ON_TREATMENT,,
"C2D15 P1 DOUBLE",1,ON_TREATMENT,CYCLE_2,1209600
"Following Treated Bleed 6 - Mobile Nursing",1,,,
"C7 D1 30 MINS",1,ON_TREATMENT,CYCLE_7,0
"ARM C CYCLE 19 D1",1,ON_TREATMENT,CYCLE_19,0
"C1D8S1NONBIOP",1,ON_TREATMENT,CYCLE_1,604800
"51 Month",1,ON_TREATMENT,BASELINE,132192000
"Week 24, Day 1",1,ON_TREATMENT,BASELINE,14515200
"C22D15 -0.17H",1,ON_TREATMENT,CYCLE_22,1270800
"C6D1 30min postdose",1,ON_TREATMENT,CYCLE_6,0
"C7D1 30MIN",1,ON_TREATMENT,CYCLE_7,0
"UNSCH/RETEST C91D1",1,UNSCHEDULED,,
"S2AC21D1",1,ON_TREATMENT,CYCLE_21,0
"Cycle 2 Day 1 Predose",1,ON_TREATMENT,CYCLE_2,0
"A1D3AAA",1,,,
"C16D1PREDOSE",1,ON_TREATMENT,CYCLE_16,0
"CYCLE21_DAY2",1,ON_TREATMENT,CYCLE_21,86400
"End of C15D28",1,ON_TREATMENT,CYCLE_15,2332800
"Sample 4",1,,,
"C1D1 SM3 MEGF0444A PK Pre",1,ON_TREATMENT,CYCLE_1,0
"Mandatory Fresh Biopsy Cycle 9 Day 1 Predose",1,PROCEDURE,,
"Visit 3 Day 2 SM PD Samples",1,ON_TREATMENT,,
"UNSCH/RETEST C8D1",1,UNSCHEDULED,,
"C32 D1 PRE P1B SC",1,ON_TREATMENT,CYCLE_32,0
"RETEST Visit 11",1,UNSCHEDULED,,
"Q3W C1 D10 UNSCHED/RETEST",1,ON_TREATMENT,CYCLE_1,777600
"M2FU M2FU",1,,,
"Follow Up Month 39",1,FOLLOW_UP,END_OF_TREATMENT,101088000
"Week 116 or Week 128",1,ON_TREATMENT,BASELINE,70156800
"Unscheduled C1XD11 30 Min Post Arm A",1,UNSCHEDULED,,
"Sample 9",1,,,
"Mandatory Fresh Biopsy. Cycle 3 Day 14.",1,PROCEDURE,,
"M30",1,,,
"S2AC4D1",1,ON_TREATMENT,CYCLE_4,0
"C29 D1 P1A",1,ON_TREATMENT,CYCLE_29,0
"Sample 16",1,,,
"D1 Post Dose",1,ON_TREATMENT,BASELINE,86400
"Part II C15: Day 1:",1,,,
"D0 End of Infusion",1,ON_TREATMENT,BASELINE,0
"Termination SM6/ Plasma PD Pre FROZEN ALQ1",1,,,
"W100SUPP",1,ON_TREATMENT,BASELINE,60480000
"SFUW144",1,ON_TREATMENT,BASELINE,87091200
"W61",1,ON_TREATMENT,BASELINE,36892800
"264-288 hour Postdose",1,ON_TREATMENT,,
"ARM A C3 D1 PRE",1,ON_TREATMENT,CYCLE_3,0
"Retreat 6 Day 1",1,,,
"UDNAC21",1,,,
"CYCLE12_DAY5",1,ON_TREATMENT,CYCLE_12,345600
"DE C1D8",1,ON_TREATMENT,CYCLE_1,604800
"PRE TREATMENT",1,ON_TREATMENT,,
"Unscheduled C3XD1 Arm A",1,UNSCHEDULED,,
"C1/D10 OR D11",1,ON_TREATMENT,CYCLE_1,777600
"C1D2/C1D16",1,ON_TREATMENT,CYCLE_1,86400
"C1D1 SM6 MEGF0444A ATA",1,ON_TREATMENT,CYCLE_1,0
"Visit 6 Day 8 SM2/PD PRE GREEN -70 FROZEN",1,ON_TREATMENT,,
"Unscheduled SM7/ Serum PD Pre FROZEN ALQ2",1,UNSCHEDULED,,
"Retest Cohort SC SM1 PK Predose",1,UNSCHEDULED,,
"M25",1,,,
"WK 2 RE-TRT 2",1,ON_TREATMENT,BASELINE,1209600
"C23 D1 PRE P1B SC",1,ON_TREATMENT,CYCLE_23,0
"Retreat 3 wk 16",1,ON_TREATMENT,BASELINE,9676800
"204",1,,,
"C10D1M 30MIN POST",1,ON_TREATMENT,CYCLE_10,0
"C3D1 SM3 MEGF0444A PK Pre Extra sample",1,ON_TREATMENT,CYCLE_3,0
"Tumor Assessment Week 12",1,ON_TREATMENT,BASELINE,7257600
"Cycle 12 Day 28",1,ON_TREATMENT,CYCLE_12,2332800
"Week 25 post dose",1,ON_TREATMENT,BASELINE,15120000
"Follow Up Month 10",1,FOLLOW_UP,END_OF_TREATMENT,25920000
"Follow-up Month 5",1,FOLLOW_UP,END_OF_TREATMENT,12960000
"Screening Cohort SC SM3 PD Plasma - Aliquot 2 - Sc",1,SCREENING,SCREENING,0
"Post Treatment Day 14",1,FOLLOW_UP,,
"DAY 15 R-TRT 5",1,ON_TREATMENT,BASELINE,1296000
"Retest Cycle 5 Week 12",1,UNSCHEDULED,,
"28 Day Follow Up visit",1,FOLLOW_UP,,
"Week 10 Retest",1,ON_TREATMENT,BASELINE,6048000
"BW24",1,ON_TREATMENT,BASELINE,14515200
"COURSE16",1,,,
"ARM A C1 D15",1,ON_TREATMENT,CYCLE_1,1209600
"Screening* SM15/ Serum Bev PK Pre",1,SCREENING,SCREENING,0
"WK 24 RT-TRT IN",1,ON_TREATMENT,BASELINE,14515200
"ARM D CYCLE 5 D1 PRE",1,ON_TREATMENT,CYCLE_5,0
"Sample 28",1,,,
"Pre Cycle 9 Marrow",1,,,
"Week 63",1,ON_TREATMENT,BASELINE,38102400
"DDI D9",1,,,
"UDNAC4X",1,,,
"C2D15D28",1,ON_TREATMENT,CYCLE_2,1209600
"Tumor Assessment Week 22",1,ON_TREATMENT,BASELINE,13305600
"UNSCH/RETEST C6D1",1,UNSCHEDULED,,
"C45D28",1,ON_TREATMENT,CYCLE_45,2332800
"OL Day 15 RT7D15",1,,,
"ARM A DAY 1",1,,,
"DLT",1,,,
"C1D1 Post Last Hemolyzed",1,ON_TREATMENT,CYCLE_1,0
"End of C7",1,,,
"Post Treatment Follow Up Month 18",1,FOLLOW_UP,END_OF_TREATMENT,46656000
"SAFETY_FU_WEEK12",1,FOLLOW_UP,,
"Week 78",1,ON_TREATMENT,BASELINE,47174400
"DE SA/EX C1D8",1,ON_TREATMENT,CYCLE_1,604800
"MONTH6IGE",1,ON_TREATMENT,BASELINE,15552000
"C1D1COM PRE",1,ON_TREATMENT,CYCLE_1,0
"DBT Discontinuation",1,END_OF_TREATMENT,,
"21 RT 21 DAY 15",1,,,
"CD56GB-UN1",1,,,
"CYCLE21_DAY5",1,ON_TREATMENT,CYCLE_21,345600
"C4/D15",1,ON_TREATMENT,CYCLE_4,1209600
"C20 DAY 1-30MIN POST",1,ON_TREATMENT,CYCLE_20,0
"RE-TRT 2",1,ON_TREATMENT,,
"Flare Visit",1,,,
"End of C11",1,,,
"WEEK 14",1,ON_TREATMENT,BASELINE,8467200
"CYCLE 1 DAY 0",1,ON_TREATMENT,CYCLE_1,-86400
"C4 1st Dosing Day",1,,,
"C1D9DE",1,ON_TREATMENT,CYCLE_1,691200
"C2 D1 30MIN",1,ON_TREATMENT,CYCLE_2,0
"DAY 1 RE-TRT T",1,ON_TREATMENT,BASELINE,86400
"UNSCH/RETEST C51D1",1,UNSCHEDULED,,
"Sample 27",1,,,
"Long Term Follow Up 3 Months",1,FOLLOW_UP,,
"Unscheduled Week 88",1,UNSCHEDULED,,
"Week 12/ Disease Progression",1,DISEASE_PROGRESSION,,
"24 Week Follow Up Combination Therapy 7 Month",1,FOLLOW_UP,,
"BX 5-70 POST C1D1 BLOOD",1,ON_TREATMENT,CYCLE_1,0
"Cycles 7 and Greater Day 1 C08D1 - 30 MIN",1,ON_TREATMENT,CYCLE_8,0
"21  RT  5 DAY 1",1,,,
"Cycle 9 Day 1 SM7/ Serum PD Pre ALIQUOT 1",1,ON_TREATMENT,CYCLE_9,0
"Cycle 1 Day 10-14A",1,ON_TREATMENT,CYCLE_1,777600
"Termination SM7/ Serum PD Pre FROZEN ALQ2",1,,,
"CYCLE 13 DAY 1",1,ON_TREATMENT,CYCLE_13,0
"Termination SM6/ Plasma PD Pre FROZEN ALQ2",1,,,
"Cycle 10 Day 1 Predose",1,ON_TREATMENT,CYCLE_10,0
"ARM B C3 D1 PRE UNSCH/RETEST",1,ON_TREATMENT,CYCLE_3,0
"C19 D1 P1A",1,ON_TREATMENT,CYCLE_19,0
"C7D1B",1,ON_TREATMENT,CYCLE_7,0
"EXTENDED TREATMENT 1",1,ON_TREATMENT,,
"Unscheduled Visit1 Prior to dose",1,UNSCHEDULED,,
"Screening* SM7/ Serum PK Pre",1,SCREENING,SCREENING,0
"Unscheduled SM6/ Plasma PD Pre FROZEN ALQ2",1,UNSCHEDULED,,
"C10D1PREDOSE",1,ON_TREATMENT,CYCLE_10,0
"C9D1M 30MIN POST",1,ON_TREATMENT,CYCLE_9,0
"C1D8S1NBX",1,ON_TREATMENT,CYCLE_1,604800
"Retest V8",1,UNSCHEDULED,,
"B-BG C2D8",1,ON_TREATMENT,CYCLE_2,604800
"UNSCHEDULED D288",1,UNSCHEDULED,,
"POST_FUP",1,,,
"Day 22 Post-dose 24 hrs",1,ON_TREATMENT,BASELINE,1900800
"WK88",1,ON_TREATMENT,BASELINE,53222400
"A/B-12WK POST FOLLOW UP5",1,FOLLOW_UP,,
"BRI1",1,,,
"Safety Follow Up  22",1,FOLLOW_UP,,
"Follow Up Month 13",1,FOLLOW_UP,END_OF_TREATMENT,33696000
"Implant Post Refill Month 30 Day 7",1,PROCEDURE,,
"PROGRESSION P1A",1,DISEASE_PROGRESSION,,
"Retest M1 CFD4870g SM1/ Serum PK (store)",1,UNSCHEDULED,,
"Cycle 6 Day 1 SM7/ Serum PD Pre ALIQUOT 1",1,ON_TREATMENT,CYCLE_6,0
"Srl Bx Wk8(Day 50-56) Blood",1,ON_TREATMENT,BASELINE,4838400
"COMPEARLYTERMIGEC",1,,,
"Week 1 First visit.1",1,ON_TREATMENT,BASELINE,604800
"S2C8D1",1,ON_TREATMENT,CYCLE_8,0
"WK 104 RE-TRT 11 (or WITHDRAWAL)",1,END_OF_TREATMENT,,
"Cycle 3 Day 1-15",1,ON_TREATMENT,CYCLE_3,0
"CD56P",1,,,
"WEEKK 26",1,,,
"Part II C13: Day 1:",1,,,
"Re-Test",1,,,
"Visit 7 Day 15 SM1/PD PRE BLUE -70 FROZEN",1,ON_TREATMENT,,
"Cycle 12 Day 6",1,ON_TREATMENT,CYCLE_12,432000
"P2W24",1,ON_TREATMENT,BASELINE,14515200
"B cell monitoring visit 18",1,,,
"C30 D1 P1A",1,ON_TREATMENT,CYCLE_30,0
"Sample 1",1,,,
"Cycle 1 Day 1A PRE",1,ON_TREATMENT,CYCLE_1,0
"UNSCH/RETEST C13D1",1,UNSCHEDULED,,
"Unscheduled Screening/Baseline",1,SCREENING,SCREENING,0
"357",1,,,
"Month 12 Follow-up",1,FOLLOW_UP,END_OF_TREATMENT,31104000
"21  RT 21 DAY 15",1,,,
"Safety Follow-up Week 8 Day 56",1,FOLLOW_UP,END_OF_TREATMENT,4838400
"Follow-up Month 16",1,FOLLOW_UP,END_OF_TREATMENT,41472000
"SAFETY_FU",1,FOLLOW_UP,,
"CYCLE17_DAY5",1,ON_TREATMENT,CYCLE_17,345600
"Cycle 4 Day 28",1,ON_TREATMENT,CYCLE_4,2332800
"WEEK 38",1,ON_TREATMENT,BASELINE,22982400
"QW C4 D8",1,ON_TREATMENT,CYCLE_4,604800
"EXT 1",1,,,
"28",1,,,
"WK 48 RE-TRT UNSCHEDULED",1,UNSCHEDULED,,
"PART II: C2D1 -0.17H",1,ON_TREATMENT,CYCLE_2,61200
"ARM A CYCLE 24 D1 MPDL3280A",1,ON_TREATMENT,CYCLE_24,0
"Cycles 7 and Greater Day 1 C08D1 - PRE",1,ON_TREATMENT,CYCLE_8,0
"Safety Follow Up  24",1,FOLLOW_UP,,
"DT/ET",1,,,
"WEEK 12 / 20",1,ON_TREATMENT,BASELINE,7257600
"CYCLE 10 DAY 1 PREDOSE",1,ON_TREATMENT,CYCLE_10,0
"ARM A CYCLE 22 D1",1,ON_TREATMENT,CYCLE_22,0
"Retest UNSCHD SERUM PK PRE",1,UNSCHEDULED,,
"Unscheduled C1XD11 Arm A",1,UNSCHEDULED,,
"Follow Up Week 228",1,FOLLOW_UP,END_OF_TREATMENT,137894400
"Retreat 3 wk 240",1,ON_TREATMENT,BASELINE,145152000
"WEEK   124",1,ON_TREATMENT,BASELINE,74995200
"OFFC1BD2 predose",1,ON_TREATMENT,,
"Unscheduled Visit/Retest RETESTUV",1,UNSCHEDULED,,
"SM9/ ARCHIVAL Screening",1,SCREENING,SCREENING,0
"C10D1M PRE",1,ON_TREATMENT,CYCLE_10,0
"FUT5 C13D1_PREDOSE",1,ON_TREATMENT,CYCLE_13,0
"WEEK  20",1,ON_TREATMENT,BASELINE,12096000
"Unscheduled Week 92",1,UNSCHEDULED,,
"Cycle 1 Day 1 Do Not Test",1,ON_TREATMENT,CYCLE_1,0
"WK 56 RE-TRT 3",1,ON_TREATMENT,BASELINE,33868800
"CYCLE42_DAY5",1,ON_TREATMENT,CYCLE_42,345600
"Cycle 13 Day 1 Retest",1,ON_TREATMENT,CYCLE_13,0
"Week 115 Unscheduled or Retest",1,UNSCHEDULED,,
"Sample 23",1,,,
"120 Days Follow-Up",1,FOLLOW_UP,,
"Cycle 49 Day 2",1,ON_TREATMENT,CYCLE_49,86400
"FU2 28-42Days Post L",1,FOLLOW_UP,,
"Follow Up Month 19",1,FOLLOW_UP,END_OF_TREATMENT,49248000
"CYCLE 1 DAY 2",1,ON_TREATMENT,CYCLE_1,86400
"Retreat 6 wk 48",1,ON_TREATMENT,BASELINE,29030400
"12 Week Follow Up Week 68",1,FOLLOW_UP,END_OF_TREATMENT,41126400
"Safety Event IRR",1,,,
"Implant Post Refill Month 33 Day 1",1,PROCEDURE,,
"M13",1,,,
"Retest Day 15",1,UNSCHEDULED,,
"Unscheduled Safety IRR",1,UNSCHEDULED,,
"Retest D64",1,UNSCHEDULED,,
"UNSCH Retest",1,UNSCHEDULED,,
"Optional Vitreous Humor",1,,,
"Retest Additional Cycle 2 Treatment Week 12 Post Day 1 Infusion",1,UNSCHEDULED,,
"C28 D1 PRE P1B SC",1,ON_TREATMENT,CYCLE_28,0
"C24 D1 P1A",1,ON_TREATMENT,CYCLE_24,0
"Part A Week 7 Day 2",1,ON_TREATMENT,BASELINE,4233600
"Part A Week 12 Day 2",1,ON_TREATMENT,BASELINE,7257600
"Screening* SM13/ Serum ATA Pre",1,SCREENING,SCREENING,0
"Retest D15",1,UNSCHEDULED,,
"Cycle 1 Day 1A 2-4HR",1,ON_TREATMENT,CYCLE_1,14400
"UNSCH/RETEST C10D1 P",1,UNSCHEDULED,,
"C26 D1 P1A",1,ON_TREATMENT,CYCLE_26,0
"Cycle 13 Day 8 (Arm AB)",1,ON_TREATMENT,CYCLE_13,604800
"UDNAC12X",1,,,
"Uncscheduled",1,,,
"Cycle 1 Day 17/18",1,ON_TREATMENT,CYCLE_1,1382400
"WK 8 RETEST",1,ON_TREATMENT,BASELINE,4838400
"Day337",1,ON_TREATMENT,BASELINE,29116800
"T2_WEEK52",1,ON_TREATMENT,BASELINE,31449600
"RELAPSE",1,,,
"Cycle 8 Day 1 - Cycle 9 Day 1",1,ON_TREATMENT,CYCLE_8,0
"ARM B CYCLE 10 D1",1,ON_TREATMENT,CYCLE_10,0
"CYCLE 441A",1,,,
"A-C6D1",1,ON_TREATMENT,CYCLE_6,0
"Unscheduled Cycle 2 Day 8",1,UNSCHEDULED,,
"Retreat 7 Day 1",1,,,
"DAY 1 SKIN BIOPSY / NON-LESION",1,PROCEDURE,,
"C9 D1",1,ON_TREATMENT,CYCLE_9,0
"Visit 45 Unscheduled or Retest",1,UNSCHEDULED,,
"UDNAC33",1,,,
"S2C1D31",1,ON_TREATMENT,CYCLE_1,2592000
"Day 126",1,ON_TREATMENT,BASELINE,10886400
"Safety Follow-Up Visit 7",1,FOLLOW_UP,,
"C1BD1 30min",1,,,
"Follow-up 2 Week 164",1,FOLLOW_UP,END_OF_TREATMENT,99187200
"Cycle 33 Day 6",1,ON_TREATMENT,CYCLE_33,432000
"Bridging Dose Day 223",1,ON_TREATMENT,,
"Part 2 Unscheduled AMD3",1,UNSCHEDULED,,
"Retreat 4 wk 16",1,ON_TREATMENT,BASELINE,9676800
"CYCLE18_DAY2",1,ON_TREATMENT,CYCLE_18,86400
"C1BD1",1,,,
"Post Treatment Follow Up Month 24",1,FOLLOW_UP,END_OF_TREATMENT,62208000
"WK 104 RE-TRT 8 (or WD)",1,ON_TREATMENT,BASELINE,62899200
"UDNAC6X",1,,,
"327",1,,,
"Termination SM7/ Serum PD Pre FROZEN ALQ1",1,,,
"C18D1COM",1,ON_TREATMENT,CYCLE_18,0
"Sample 5",1,,,
"Visit 11 Aliquot 1",1,ON_TREATMENT,,
"Visit 9 ALIQUOT 1",1,ON_TREATMENT,,
"BAT",1,,,
"C18 DAY 1-30MIN POST",1,ON_TREATMENT,CYCLE_18,0
"C24 D1 PRE P1B SC",1,ON_TREATMENT,CYCLE_24,0
"Unscheduled ATA",1,UNSCHEDULED,,
"Month 23 Follow Up",1,FOLLOW_UP,END_OF_TREATMENT,59616000
"Additional ADA Samples",1,,,
"Post Cycle 15",1,,,
"CYCLE48_DAY5",1,ON_TREATMENT,CYCLE_48,345600
"Sample 30",1,,,
"FUYEAR3BSR1",1,ON_TREATMENT,BASELINE,94608000
"C2D2 3HR",1,ON_TREATMENT,CYCLE_2,97200
"WEEK 79/MONTH 18",1,ON_TREATMENT,BASELINE,47779200
"P1",1,,,
"CYCLE13_DAY2",1,ON_TREATMENT,CYCLE_13,86400
"C12D1 SM4 PRE-DOSE SERUM",1,ON_TREATMENT,CYCLE_12,0
"Retest D36 SM PD Samples",1,UNSCHEDULED,,
"Infusion Hemolyzed",1,ON_TREATMENT,,
"PK/PD Substudy Week 12, Day 3/4/5, Post Week 12",1,ON_TREATMENT,BASELINE,7257600
"C2 DAY 1 PRE-DOSE",1,ON_TREATMENT,CYCLE_2,0
"DAY 1 EOI+1 HOUR",1,ON_TREATMENT,BASELINE,86400
"Sample 25",1,,,
"CYCLE13_DAY5",1,ON_TREATMENT,CYCLE_13,345600
"DAY 15 RE-TRT 14",1,ON_TREATMENT,BASELINE,1296000
"End of Induction Cycle 6 Day 37",1,ON_TREATMENT,CYCLE_6,3110400
"C 1 D 1 H 6",1,,,
"B cell monitoring visit 17",1,,,
"Follow Up Month 16",1,FOLLOW_UP,END_OF_TREATMENT,41472000
"Visit 18 Aliquot 1",1,ON_TREATMENT,,
"Visit 10 Day 36 SM2/PD PRE BLUE -70 FROZEN",1,ON_TREATMENT,,
"Day 1 0h",1,ON_TREATMENT,BASELINE,86400
"B-C6D1",1,ON_TREATMENT,CYCLE_6,0
"Follow Up Month 22",1,FOLLOW_UP,END_OF_TREATMENT,57024000
"RETEST Visit 1",1,UNSCHEDULED,,
"WK 8 RE-TRT 15",1,ON_TREATMENT,BASELINE,4838400
"Maintenance Month 1-7-13",1,ON_TREATMENT,BASELINE,2592000
"Visit 20",1,ON_TREATMENT,,
"Day 1 Additional Open Label Treatment Cycle 8",1,ON_TREATMENT,BASELINE,86400
"Part B Week 5 Day 1",1,ON_TREATMENT,BASELINE,3024000
"RETEST Visit 4",1,UNSCHEDULED,,
"C1D1COM POST",1,ON_TREATMENT,CYCLE_1,0
"C25 D1 PRE P1A",1,ON_TREATMENT,CYCLE_25,0
"UNSCH/RETEST C25D1",1,UNSCHEDULED,,
"LTFU4",1,,,
"EOT-BB",1,,,
"Week 64 Supplemental",1,ON_TREATMENT,BASELINE,38707200
"Week 123",1,ON_TREATMENT,BASELINE,74390400
"C29 DAY 1 PREDOSE",1,ON_TREATMENT,CYCLE_29,0
"CYCLE36_DAY8",1,ON_TREATMENT,CYCLE_36,604800
"Visit 51 Withdrawal",1,END_OF_TREATMENT,,
"C16D1 -0.17H",1,ON_TREATMENT,CYCLE_16,61200
"Cycle 6 Day 1 SM6/ Plasma PD Pre ALIQUOT 1",1,ON_TREATMENT,CYCLE_6,0
"DAY 22 EOI+1 HOUR",1,ON_TREATMENT,BASELINE,1900800
"Fresh Biopsy. Prior to Cycle 4. Cycle 3 Day 17.",1,PROCEDURE,,
"Uns Visit 3",1,,,
"CYCLE 411A",1,,,
"OFFC1BD2 30min",1,,,
"Q3W C2 D1 30MIN",1,ON_TREATMENT,CYCLE_2,0
"Sample 22",1,,,
"CYCLE19_DAY5",1,ON_TREATMENT,CYCLE_19,345600
"Prior to Cycle 4.",1,,,
"Retreat 3 wk 20",1,ON_TREATMENT,BASELINE,12096000
"PK Sub Study PKSSC1D1 Bevacizumab Pre",1,ON_TREATMENT,CYCLE_1,0
"C4D1 PRE P1A",1,ON_TREATMENT,CYCLE_4,0
"Monotherapy Phase End of Cycle 32",1,,,
"ARM A CYCLE 18 D1",1,ON_TREATMENT,CYCLE_18,0
"End of C19",1,,,
"Additional Safety Follow Up Week 72",1,FOLLOW_UP,END_OF_TREATMENT,43545600
"Cycle 9 Day 1 and Beyond",1,ON_TREATMENT,CYCLE_9,0
"Sample 13",1,,,
"Cycle 34  Day 1",1,ON_TREATMENT,CYCLE_34,0
"CYCLE24_DAY5",1,ON_TREATMENT,CYCLE_24,345600
"RUN IN D1 PRE G2 A4",1,BASELINE,BASELINE,0
"C8D1S1",1,ON_TREATMENT,CYCLE_8,0
"SCRN ATA Serum",1,SCREENING,SCREENING,0
"CROSSTC",1,,,
"C1D10D14",1,ON_TREATMENT,CYCLE_1,777600
"Early Termination Week 144",1,END_OF_TREATMENT,,
"Part A Week 12 Day 1",1,ON_TREATMENT,BASELINE,7257600
"Follow-up 1 Week 128",1,FOLLOW_UP,END_OF_TREATMENT,77414400
"BIB-UN1",1,,,
"BCMOLE1",1,,,
"V3 SM2/ 2 hours Post PK Serum",1,ON_TREATMENT,,
"WEEK13",1,ON_TREATMENT,BASELINE,7862400
"Implant Post Refill Month 32 Day 1",1,PROCEDURE,,
"WK 24 RE-TRT 15",1,ON_TREATMENT,BASELINE,14515200
"Pooling Group 10",1,,,
"Safety FU Week 18",1,FOLLOW_UP,,
"Cycle 72 Day 01",1,ON_TREATMENT,CYCLE_72,0
"CYCLE16_DAY2",1,ON_TREATMENT,CYCLE_16,86400
"Follow Up Month 7",1,FOLLOW_UP,END_OF_TREATMENT,18144000
"Week 18 Retest",1,ON_TREATMENT,BASELINE,10886400
"ET-OL",1,,,
